Copyright 1986-2022 Xilinx, Inc. All Rights Reserved. Copyright 2022-2025 Advanced Micro Devices, Inc. All Rights Reserved.
---------------------------------------------------------------------------------------------------------------------------------------------------------------------------------------------------------------------------------
| Tool Version : Vivado v.2025.2 (win64) Build 6299465 Fri Nov 14 19:35:11 GMT 2025
| Date         : Thu Jul 23 11:48:05 2026
| Host         : lpt_elementaro running 64-bit major release  (build 9200)
| Command      : report_timing_summary -max_paths 10 -routable_nets -report_unconstrained -file vga_top_timing_summary_routed.rpt -pb vga_top_timing_summary_routed.pb -rpx vga_top_timing_summary_routed.rpx -warn_on_violation
| Design       : vga_top
| Device       : 7a35t-cpg236
| Speed File   : -1  PRODUCTION 1.23 2018-06-13
| Design State : Routed
---------------------------------------------------------------------------------------------------------------------------------------------------------------------------------------------------------------------------------

Timing Summary Report

------------------------------------------------------------------------------------------------
| Timer Settings
| --------------
------------------------------------------------------------------------------------------------

  Enable Multi Corner Analysis               :  Yes
  Enable Pessimism Removal                   :  Yes
  Pessimism Removal Resolution               :  Nearest Common Node
  Enable Input Delay Default Clock           :  No
  Enable Preset / Clear Arcs                 :  No
  Disable Flight Delays                      :  No
  Ignore I/O Paths                           :  No
  Timing Early Launch at Borrowing Latches   :  No
  Borrow Time for Max Delay Exceptions       :  Yes
  Merge Timing Exceptions                    :  Yes
  Inter-SLR Compensation                     :  Conservative

  Corner  Analyze    Analyze    
  Name    Max Paths  Min Paths  
  ------  ---------  ---------  
  Slow    Yes        Yes        
  Fast    Yes        Yes        


------------------------------------------------------------------------------------------------
| Report Methodology
| ------------------
------------------------------------------------------------------------------------------------

Rule       Severity          Description                                                Violations  
---------  ----------------  ---------------------------------------------------------  ----------  
TIMING-4   Critical Warning  Invalid primary clock redefinition on a clock tree         1           
TIMING-6   Critical Warning  No common primary clock between related clocks             1           
TIMING-7   Critical Warning  No common node between related clocks                      1           
TIMING-8   Critical Warning  No common period between related clocks                    1           
TIMING-27  Critical Warning  Invalid primary clock on hierarchical pin                  1           
TIMING-51  Critical Warning  No common phase between related clocks from parallel CMBs  1           
LUTAR-1    Warning           LUT drives async reset alert                               42          
TIMING-16  Warning           Large setup violation                                      36          
TIMING-18  Warning           Missing input or output delay                              6           
TIMING-20  Warning           Non-clocked latch                                          21          
LATCH-1    Advisory          Existing latches in the design                             1           

Note: This report is based on the most recent report_methodology run and may not be up-to-date. Run report_methodology on the current design for the latest report.



check_timing report

Table of Contents
-----------------
1. checking no_clock (181)
2. checking constant_clock (0)
3. checking pulse_width_clock (0)
4. checking unconstrained_internal_endpoints (21)
5. checking no_input_delay (6)
6. checking no_output_delay (18)
7. checking multiple_clock (0)
8. checking generated_clocks (0)
9. checking loops (0)
10. checking partial_input_delay (0)
11. checking partial_output_delay (0)
12. checking latch_loops (0)

1. checking no_clock (181)
--------------------------
 There are 21 register/latch pins with no clock driven by root clock pin: btnC (HIGH)

 There are 12 register/latch pins with no clock driven by root clock pin: food_inst/lfsr_reg[0]/Q (HIGH)

 There are 9 register/latch pins with no clock driven by root clock pin: food_inst/lfsr_reg[10]/Q (HIGH)

 There are 9 register/latch pins with no clock driven by root clock pin: food_inst/lfsr_reg[11]/Q (HIGH)

 There are 9 register/latch pins with no clock driven by root clock pin: food_inst/lfsr_reg[12]/Q (HIGH)

 There are 9 register/latch pins with no clock driven by root clock pin: food_inst/lfsr_reg[13]/Q (HIGH)

 There are 9 register/latch pins with no clock driven by root clock pin: food_inst/lfsr_reg[14]/Q (HIGH)

 There are 9 register/latch pins with no clock driven by root clock pin: food_inst/lfsr_reg[15]/Q (HIGH)

 There are 12 register/latch pins with no clock driven by root clock pin: food_inst/lfsr_reg[1]/Q (HIGH)

 There are 12 register/latch pins with no clock driven by root clock pin: food_inst/lfsr_reg[2]/Q (HIGH)

 There are 10 register/latch pins with no clock driven by root clock pin: food_inst/lfsr_reg[3]/Q (HIGH)

 There are 10 register/latch pins with no clock driven by root clock pin: food_inst/lfsr_reg[4]/Q (HIGH)

 There are 10 register/latch pins with no clock driven by root clock pin: food_inst/lfsr_reg[5]/Q (HIGH)

 There are 10 register/latch pins with no clock driven by root clock pin: food_inst/lfsr_reg[6]/Q (HIGH)

 There are 10 register/latch pins with no clock driven by root clock pin: food_inst/lfsr_reg[7]/Q (HIGH)

 There are 10 register/latch pins with no clock driven by root clock pin: food_inst/lfsr_reg[8]/Q (HIGH)

 There are 10 register/latch pins with no clock driven by root clock pin: food_inst/lfsr_reg[9]/Q (HIGH)


2. checking constant_clock (0)
------------------------------
 There are 0 register/latch pins with constant_clock.


3. checking pulse_width_clock (0)
---------------------------------
 There are 0 register/latch pins which need pulse_width check


4. checking unconstrained_internal_endpoints (21)
-------------------------------------------------
 There are 21 pins that are not constrained for maximum delay. (HIGH)

 There are 0 pins that are not constrained for maximum delay due to constant clock.


5. checking no_input_delay (6)
------------------------------
 There are 6 input ports with no input delay specified. (HIGH)

 There are 0 input ports with no input delay but user has a false path constraint.


6. checking no_output_delay (18)
--------------------------------
 There are 18 ports with no output delay specified. (HIGH)

 There are 0 ports with no output delay but user has a false path constraint

 There are 0 ports with no output delay but with a timing clock defined on it or propagating through it


7. checking multiple_clock (0)
------------------------------
 There are 0 register/latch pins with multiple clocks.


8. checking generated_clocks (0)
--------------------------------
 There are 0 generated clocks that are not connected to a clock source.


9. checking loops (0)
---------------------
 There are 0 combinational loops in the design.


10. checking partial_input_delay (0)
------------------------------------
 There are 0 input ports with partial input delay specified.


11. checking partial_output_delay (0)
-------------------------------------
 There are 0 ports with partial output delay specified.


12. checking latch_loops (0)
----------------------------
 There are 0 combinational latch loops in the design through latch input



------------------------------------------------------------------------------------------------
| Design Timing Summary
| ---------------------
------------------------------------------------------------------------------------------------

    WNS(ns)      TNS(ns)  TNS Failing Endpoints  TNS Total Endpoints      WHS(ns)      THS(ns)  THS Failing Endpoints  THS Total Endpoints     WPWS(ns)     TPWS(ns)  TPWS Failing Endpoints  TPWS Total Endpoints  
    -------      -------  ---------------------  -------------------      -------      -------  ---------------------  -------------------     --------     --------  ----------------------  --------------------  
    -11.249     -324.839                     36                 1081        0.118        0.000                      0                 1081        3.000        0.000                       0                   569  


Timing constraints are not met.


------------------------------------------------------------------------------------------------
| Clock Summary
| -------------
------------------------------------------------------------------------------------------------

Clock                                                  Waveform(ns)       Period(ns)      Frequency(MHz)
-----                                                  ------------       ----------      --------------
clk_wiz_inst/clocking_wizard_i/clk_wiz_0/inst/clk_in1  {0.000 5.000}      10.000          100.000         
  clk_out1_clocking_wizard_clk_wiz_0_0                 {0.000 19.863}     39.725          25.173          
  clkfbout_clocking_wizard_clk_wiz_0_0                 {0.000 20.000}     40.000          25.000          
sys_clk_pin                                            {0.000 5.000}      10.000          100.000         


------------------------------------------------------------------------------------------------
| Intra Clock Table
| -----------------
------------------------------------------------------------------------------------------------

Clock                                                      WNS(ns)      TNS(ns)  TNS Failing Endpoints  TNS Total Endpoints      WHS(ns)      THS(ns)  THS Failing Endpoints  THS Total Endpoints     WPWS(ns)     TPWS(ns)  TPWS Failing Endpoints  TPWS Total Endpoints  
-----                                                      -------      -------  ---------------------  -------------------      -------      -------  ---------------------  -------------------     --------     --------  ----------------------  --------------------  
clk_wiz_inst/clocking_wizard_i/clk_wiz_0/inst/clk_in1                                                                                                                                                    3.000        0.000                       0                     1  
  clk_out1_clocking_wizard_clk_wiz_0_0                      28.110        0.000                      0                  208        0.131        0.000                      0                  208       19.363        0.000                       0                   141  
  clkfbout_clocking_wizard_clk_wiz_0_0                                                                                                                                                                  37.845        0.000                       0                     3  
sys_clk_pin                                                  4.521        0.000                      0                  831        0.118        0.000                      0                  831        4.500        0.000                       0                   424  


------------------------------------------------------------------------------------------------
| Inter Clock Table
| -----------------
------------------------------------------------------------------------------------------------

From Clock                            To Clock                                  WNS(ns)      TNS(ns)  TNS Failing Endpoints  TNS Total Endpoints      WHS(ns)      THS(ns)  THS Failing Endpoints  THS Total Endpoints  
----------                            --------                                  -------      -------  ---------------------  -------------------      -------      -------  ---------------------  -------------------  
sys_clk_pin                           clk_out1_clocking_wizard_clk_wiz_0_0      -11.249     -324.839                     36                   36        1.098        0.000                      0                   36  


------------------------------------------------------------------------------------------------
| Other Path Groups Table
| -----------------------
------------------------------------------------------------------------------------------------

Path Group                            From Clock                            To Clock                                  WNS(ns)      TNS(ns)  TNS Failing Endpoints  TNS Total Endpoints      WHS(ns)      THS(ns)  THS Failing Endpoints  THS Total Endpoints  
----------                            ----------                            --------                                  -------      -------  ---------------------  -------------------      -------      -------  ---------------------  -------------------  
**async_default**                     clk_out1_clocking_wizard_clk_wiz_0_0  clk_out1_clocking_wizard_clk_wiz_0_0       32.424        0.000                      0                   42        0.603        0.000                      0                   42  


------------------------------------------------------------------------------------------------
| User Ignored Path Table
| -----------------------
------------------------------------------------------------------------------------------------

Path Group    From Clock    To Clock    
----------    ----------    --------    


------------------------------------------------------------------------------------------------
| Unconstrained Path Table
| ------------------------
------------------------------------------------------------------------------------------------

Path Group                            From Clock                            To Clock                            
----------                            ----------                            --------                            
(none)                                                                                                            
(none)                                clk_out1_clocking_wizard_clk_wiz_0_0                                        
(none)                                sys_clk_pin                                                                 
(none)                                                                      clk_out1_clocking_wizard_clk_wiz_0_0  
(none)                                                                      sys_clk_pin                           


------------------------------------------------------------------------------------------------
| Timing Details
| --------------
------------------------------------------------------------------------------------------------


---------------------------------------------------------------------------------------------------
From Clock:  clk_wiz_inst/clocking_wizard_i/clk_wiz_0/inst/clk_in1
  To Clock:  clk_wiz_inst/clocking_wizard_i/clk_wiz_0/inst/clk_in1

Setup :           NA  Failing Endpoints,  Worst Slack           NA  ,  Total Violation           NA
Hold  :           NA  Failing Endpoints,  Worst Slack           NA  ,  Total Violation           NA
PW    :            0  Failing Endpoints,  Worst Slack        3.000ns,  Total Violation        0.000ns
---------------------------------------------------------------------------------------------------


Pulse Width Checks
--------------------------------------------------------------------------------------
Clock Name:         clk_wiz_inst/clocking_wizard_i/clk_wiz_0/inst/clk_in1
Waveform(ns):       { 0.000 5.000 }
Period(ns):         10.000
Sources:            { clk_wiz_inst/clocking_wizard_i/clk_wiz_0/inst/clk_in1 }

Check Type        Corner  Lib Pin            Reference Pin  Required(ns)  Actual(ns)  Slack(ns)  Location         Pin
Min Period        n/a     MMCME2_ADV/CLKIN1  n/a            1.249         10.000      8.751      MMCME2_ADV_X1Y0  clk_wiz_inst/clocking_wizard_i/clk_wiz_0/inst/mmcm_adv_inst/CLKIN1
Max Period        n/a     MMCME2_ADV/CLKIN1  n/a            100.000       10.000      90.000     MMCME2_ADV_X1Y0  clk_wiz_inst/clocking_wizard_i/clk_wiz_0/inst/mmcm_adv_inst/CLKIN1
Low Pulse Width   Slow    MMCME2_ADV/CLKIN1  n/a            2.000         5.000       3.000      MMCME2_ADV_X1Y0  clk_wiz_inst/clocking_wizard_i/clk_wiz_0/inst/mmcm_adv_inst/CLKIN1
Low Pulse Width   Fast    MMCME2_ADV/CLKIN1  n/a            2.000         5.000       3.000      MMCME2_ADV_X1Y0  clk_wiz_inst/clocking_wizard_i/clk_wiz_0/inst/mmcm_adv_inst/CLKIN1
High Pulse Width  Slow    MMCME2_ADV/CLKIN1  n/a            2.000         5.000       3.000      MMCME2_ADV_X1Y0  clk_wiz_inst/clocking_wizard_i/clk_wiz_0/inst/mmcm_adv_inst/CLKIN1
High Pulse Width  Fast    MMCME2_ADV/CLKIN1  n/a            2.000         5.000       3.000      MMCME2_ADV_X1Y0  clk_wiz_inst/clocking_wizard_i/clk_wiz_0/inst/mmcm_adv_inst/CLKIN1



---------------------------------------------------------------------------------------------------
From Clock:  clk_out1_clocking_wizard_clk_wiz_0_0
  To Clock:  clk_out1_clocking_wizard_clk_wiz_0_0

Setup :            0  Failing Endpoints,  Worst Slack       28.110ns,  Total Violation        0.000ns
Hold  :            0  Failing Endpoints,  Worst Slack        0.131ns,  Total Violation        0.000ns
PW    :            0  Failing Endpoints,  Worst Slack       19.363ns,  Total Violation        0.000ns
---------------------------------------------------------------------------------------------------


Max Delay Paths
--------------------------------------------------------------------------------------
Slack (MET) :             28.110ns  (required time - arrival time)
  Source:                 square_inst/sq_x_reg[3]/C
                            (rising edge-triggered cell FDCE clocked by clk_out1_clocking_wizard_clk_wiz_0_0  {rise@0.000ns fall@19.863ns period=39.725ns})
  Destination:            food_inst/fy_reg[0]_C/D
                            (rising edge-triggered cell FDCE clocked by clk_out1_clocking_wizard_clk_wiz_0_0  {rise@0.000ns fall@19.863ns period=39.725ns})
  Path Group:             clk_out1_clocking_wizard_clk_wiz_0_0
  Path Type:              Setup (Max at Slow Process Corner)
  Requirement:            39.725ns  (clk_out1_clocking_wizard_clk_wiz_0_0 rise@39.725ns - clk_out1_clocking_wizard_clk_wiz_0_0 rise@0.000ns)
  Data Path Delay:        11.366ns  (logic 2.121ns (18.661%)  route 9.245ns (81.339%))
  Logic Levels:           8  (CARRY4=2 LUT2=1 LUT4=2 LUT6=3)
  Clock Path Skew:        -0.114ns (DCD - SCD + CPR)
    Destination Clock Delay (DCD):    1.443ns = ( 41.168 - 39.725 ) 
    Source Clock Delay      (SCD):    1.637ns
    Clock Pessimism Removal (CPR):    0.080ns
  Clock Uncertainty:      0.164ns  ((TSJ^2 + DJ^2)^1/2) / 2 + PE
    Total System Jitter     (TSJ):    0.071ns
    Discrete Jitter          (DJ):    0.320ns
    Phase Error              (PE):    0.000ns

    Location             Delay type                Incr(ns)  Path(ns)    Netlist Resource(s)
  -------------------------------------------------------------------    -------------------
                         (clock clk_out1_clocking_wizard_clk_wiz_0_0 rise edge)
                                                      0.000     0.000 r  
    BUFGCTRL_X0Y0        BUFG                         0.000     0.000 r  clk_100MHz_IBUF_BUFG_inst/O
                         net (fo=424, routed)         1.575     1.575    clk_wiz_inst/clocking_wizard_i/clk_wiz_0/inst/clk_in1
    MMCME2_ADV_X1Y0      MMCME2_ADV (Prop_mmcme2_adv_CLKIN1_CLKOUT0)
                                                     -3.333    -1.757 r  clk_wiz_inst/clocking_wizard_i/clk_wiz_0/inst/mmcm_adv_inst/CLKOUT0
                         net (fo=1, routed)           1.661    -0.096    clk_wiz_inst/clocking_wizard_i/clk_wiz_0/inst/clk_out1_clocking_wizard_clk_wiz_0_0
    BUFGCTRL_X0Y1        BUFG (Prop_bufg_I_O)         0.096    -0.000 r  clk_wiz_inst/clocking_wizard_i/clk_wiz_0/inst/clkout1_buf/O
                         net (fo=139, routed)         1.637     1.637    square_inst/CLK
    SLICE_X0Y7           FDCE                                         r  square_inst/sq_x_reg[3]/C
  -------------------------------------------------------------------    -------------------
    SLICE_X0Y7           FDCE (Prop_fdce_C_Q)         0.456     2.093 r  square_inst/sq_x_reg[3]/Q
                         net (fo=31, routed)          1.687     3.781    square_inst/sq_x_reg[9]_0[2]
    SLICE_X2Y12          LUT6 (Prop_lut6_I5_O)        0.124     3.905 r  square_inst/vgaRed_OBUF[3]_inst_i_37/O
                         net (fo=26, routed)          1.784     5.689    square_inst/vgaRed_OBUF[3]_inst_i_37_n_0
    SLICE_X2Y14          LUT2 (Prop_lut2_I1_O)        0.124     5.813 r  square_inst/vgaRed_OBUF[3]_inst_i_124/O
                         net (fo=8, routed)           1.016     6.829    food_inst/overlap_d_reg_i_66_0
    SLICE_X4Y14          LUT6 (Prop_lut6_I0_O)        0.124     6.953 r  food_inst/overlap_d_i_170/O
                         net (fo=1, routed)           0.000     6.953    food_inst/overlap_d_i_170_n_0
    SLICE_X4Y14          CARRY4 (Prop_carry4_S[3]_CO[3])
                                                      0.401     7.354 r  food_inst/overlap_d_reg_i_74/CO[3]
                         net (fo=1, routed)           0.000     7.354    square_inst/overlap_d_i_4_1[0]
    SLICE_X4Y15          CARRY4 (Prop_carry4_CI_CO[0])
                                                      0.271     7.625 r  square_inst/overlap_d_reg_i_21/CO[0]
                         net (fo=1, routed)           0.960     8.585    square_inst/food_inst/in_wrap1
    SLICE_X7Y15          LUT4 (Prop_lut4_I3_O)        0.373     8.958 r  square_inst/overlap_d_i_4/O
                         net (fo=2, routed)           1.036     9.993    food_inst/color_sel_reg[0]_P_0
    SLICE_X8Y16          LUT6 (Prop_lut6_I2_O)        0.124    10.117 r  food_inst/fy[8]_P_i_1/O
                         net (fo=42, routed)          2.762    12.879    food_inst/eaten_pulse
    SLICE_X15Y16         LUT4 (Prop_lut4_I2_O)        0.124    13.003 r  food_inst/fy[0]_C_i_1/O
                         net (fo=1, routed)           0.000    13.003    food_inst/fy[0]_C_i_1_n_0
    SLICE_X15Y16         FDCE                                         r  food_inst/fy_reg[0]_C/D
  -------------------------------------------------------------------    -------------------

                         (clock clk_out1_clocking_wizard_clk_wiz_0_0 rise edge)
                                                     39.725    39.725 r  
    BUFGCTRL_X0Y0        BUFG                         0.000    39.725 r  clk_100MHz_IBUF_BUFG_inst/O
                         net (fo=424, routed)         1.457    41.182    clk_wiz_inst/clocking_wizard_i/clk_wiz_0/inst/clk_in1
    MMCME2_ADV_X1Y0      MMCME2_ADV (Prop_mmcme2_adv_CLKIN1_CLKOUT0)
                                                     -3.129    38.053 r  clk_wiz_inst/clocking_wizard_i/clk_wiz_0/inst/mmcm_adv_inst/CLKOUT0
                         net (fo=1, routed)           1.581    39.634    clk_wiz_inst/clocking_wizard_i/clk_wiz_0/inst/clk_out1_clocking_wizard_clk_wiz_0_0
    BUFGCTRL_X0Y1        BUFG (Prop_bufg_I_O)         0.091    39.725 r  clk_wiz_inst/clocking_wizard_i/clk_wiz_0/inst/clkout1_buf/O
                         net (fo=139, routed)         1.443    41.168    food_inst/CLK
    SLICE_X15Y16         FDCE                                         r  food_inst/fy_reg[0]_C/C
                         clock pessimism              0.080    41.248    
                         clock uncertainty           -0.164    41.085    
    SLICE_X15Y16         FDCE (Setup_fdce_C_D)        0.029    41.114    food_inst/fy_reg[0]_C
  -------------------------------------------------------------------
                         required time                         41.114    
                         arrival time                         -13.003    
  -------------------------------------------------------------------
                         slack                                 28.110    

Slack (MET) :             28.113ns  (required time - arrival time)
  Source:                 square_inst/sq_x_reg[3]/C
                            (rising edge-triggered cell FDCE clocked by clk_out1_clocking_wizard_clk_wiz_0_0  {rise@0.000ns fall@19.863ns period=39.725ns})
  Destination:            food_inst/fy_reg[1]_C/D
                            (rising edge-triggered cell FDCE clocked by clk_out1_clocking_wizard_clk_wiz_0_0  {rise@0.000ns fall@19.863ns period=39.725ns})
  Path Group:             clk_out1_clocking_wizard_clk_wiz_0_0
  Path Type:              Setup (Max at Slow Process Corner)
  Requirement:            39.725ns  (clk_out1_clocking_wizard_clk_wiz_0_0 rise@39.725ns - clk_out1_clocking_wizard_clk_wiz_0_0 rise@0.000ns)
  Data Path Delay:        11.363ns  (logic 2.121ns (18.666%)  route 9.242ns (81.334%))
  Logic Levels:           8  (CARRY4=2 LUT2=1 LUT4=1 LUT5=1 LUT6=3)
  Clock Path Skew:        -0.115ns (DCD - SCD + CPR)
    Destination Clock Delay (DCD):    1.442ns = ( 41.167 - 39.725 ) 
    Source Clock Delay      (SCD):    1.637ns
    Clock Pessimism Removal (CPR):    0.080ns
  Clock Uncertainty:      0.164ns  ((TSJ^2 + DJ^2)^1/2) / 2 + PE
    Total System Jitter     (TSJ):    0.071ns
    Discrete Jitter          (DJ):    0.320ns
    Phase Error              (PE):    0.000ns

    Location             Delay type                Incr(ns)  Path(ns)    Netlist Resource(s)
  -------------------------------------------------------------------    -------------------
                         (clock clk_out1_clocking_wizard_clk_wiz_0_0 rise edge)
                                                      0.000     0.000 r  
    BUFGCTRL_X0Y0        BUFG                         0.000     0.000 r  clk_100MHz_IBUF_BUFG_inst/O
                         net (fo=424, routed)         1.575     1.575    clk_wiz_inst/clocking_wizard_i/clk_wiz_0/inst/clk_in1
    MMCME2_ADV_X1Y0      MMCME2_ADV (Prop_mmcme2_adv_CLKIN1_CLKOUT0)
                                                     -3.333    -1.757 r  clk_wiz_inst/clocking_wizard_i/clk_wiz_0/inst/mmcm_adv_inst/CLKOUT0
                         net (fo=1, routed)           1.661    -0.096    clk_wiz_inst/clocking_wizard_i/clk_wiz_0/inst/clk_out1_clocking_wizard_clk_wiz_0_0
    BUFGCTRL_X0Y1        BUFG (Prop_bufg_I_O)         0.096    -0.000 r  clk_wiz_inst/clocking_wizard_i/clk_wiz_0/inst/clkout1_buf/O
                         net (fo=139, routed)         1.637     1.637    square_inst/CLK
    SLICE_X0Y7           FDCE                                         r  square_inst/sq_x_reg[3]/C
  -------------------------------------------------------------------    -------------------
    SLICE_X0Y7           FDCE (Prop_fdce_C_Q)         0.456     2.093 r  square_inst/sq_x_reg[3]/Q
                         net (fo=31, routed)          1.687     3.781    square_inst/sq_x_reg[9]_0[2]
    SLICE_X2Y12          LUT6 (Prop_lut6_I5_O)        0.124     3.905 r  square_inst/vgaRed_OBUF[3]_inst_i_37/O
                         net (fo=26, routed)          1.784     5.689    square_inst/vgaRed_OBUF[3]_inst_i_37_n_0
    SLICE_X2Y14          LUT2 (Prop_lut2_I1_O)        0.124     5.813 r  square_inst/vgaRed_OBUF[3]_inst_i_124/O
                         net (fo=8, routed)           1.016     6.829    food_inst/overlap_d_reg_i_66_0
    SLICE_X4Y14          LUT6 (Prop_lut6_I0_O)        0.124     6.953 r  food_inst/overlap_d_i_170/O
                         net (fo=1, routed)           0.000     6.953    food_inst/overlap_d_i_170_n_0
    SLICE_X4Y14          CARRY4 (Prop_carry4_S[3]_CO[3])
                                                      0.401     7.354 r  food_inst/overlap_d_reg_i_74/CO[3]
                         net (fo=1, routed)           0.000     7.354    square_inst/overlap_d_i_4_1[0]
    SLICE_X4Y15          CARRY4 (Prop_carry4_CI_CO[0])
                                                      0.271     7.625 r  square_inst/overlap_d_reg_i_21/CO[0]
                         net (fo=1, routed)           0.960     8.585    square_inst/food_inst/in_wrap1
    SLICE_X7Y15          LUT4 (Prop_lut4_I3_O)        0.373     8.958 r  square_inst/overlap_d_i_4/O
                         net (fo=2, routed)           1.036     9.993    food_inst/color_sel_reg[0]_P_0
    SLICE_X8Y16          LUT6 (Prop_lut6_I2_O)        0.124    10.117 r  food_inst/fy[8]_P_i_1/O
                         net (fo=42, routed)          2.759    12.876    food_inst/eaten_pulse
    SLICE_X15Y17         LUT5 (Prop_lut5_I3_O)        0.124    13.000 r  food_inst/fy[1]_C_i_1/O
                         net (fo=1, routed)           0.000    13.000    food_inst/fy[1]_C_i_1_n_0
    SLICE_X15Y17         FDCE                                         r  food_inst/fy_reg[1]_C/D
  -------------------------------------------------------------------    -------------------

                         (clock clk_out1_clocking_wizard_clk_wiz_0_0 rise edge)
                                                     39.725    39.725 r  
    BUFGCTRL_X0Y0        BUFG                         0.000    39.725 r  clk_100MHz_IBUF_BUFG_inst/O
                         net (fo=424, routed)         1.457    41.182    clk_wiz_inst/clocking_wizard_i/clk_wiz_0/inst/clk_in1
    MMCME2_ADV_X1Y0      MMCME2_ADV (Prop_mmcme2_adv_CLKIN1_CLKOUT0)
                                                     -3.129    38.053 r  clk_wiz_inst/clocking_wizard_i/clk_wiz_0/inst/mmcm_adv_inst/CLKOUT0
                         net (fo=1, routed)           1.581    39.634    clk_wiz_inst/clocking_wizard_i/clk_wiz_0/inst/clk_out1_clocking_wizard_clk_wiz_0_0
    BUFGCTRL_X0Y1        BUFG (Prop_bufg_I_O)         0.091    39.725 r  clk_wiz_inst/clocking_wizard_i/clk_wiz_0/inst/clkout1_buf/O
                         net (fo=139, routed)         1.442    41.167    food_inst/CLK
    SLICE_X15Y17         FDCE                                         r  food_inst/fy_reg[1]_C/C
                         clock pessimism              0.080    41.247    
                         clock uncertainty           -0.164    41.084    
    SLICE_X15Y17         FDCE (Setup_fdce_C_D)        0.029    41.113    food_inst/fy_reg[1]_C
  -------------------------------------------------------------------
                         required time                         41.113    
                         arrival time                         -13.000    
  -------------------------------------------------------------------
                         slack                                 28.113    

Slack (MET) :             28.316ns  (required time - arrival time)
  Source:                 square_inst/sq_x_reg[3]/C
                            (rising edge-triggered cell FDCE clocked by clk_out1_clocking_wizard_clk_wiz_0_0  {rise@0.000ns fall@19.863ns period=39.725ns})
  Destination:            food_inst/fy_reg[6]_C/D
                            (rising edge-triggered cell FDCE clocked by clk_out1_clocking_wizard_clk_wiz_0_0  {rise@0.000ns fall@19.863ns period=39.725ns})
  Path Group:             clk_out1_clocking_wizard_clk_wiz_0_0
  Path Type:              Setup (Max at Slow Process Corner)
  Requirement:            39.725ns  (clk_out1_clocking_wizard_clk_wiz_0_0 rise@39.725ns - clk_out1_clocking_wizard_clk_wiz_0_0 rise@0.000ns)
  Data Path Delay:        11.204ns  (logic 2.121ns (18.930%)  route 9.083ns (81.070%))
  Logic Levels:           8  (CARRY4=2 LUT2=1 LUT3=1 LUT4=1 LUT6=3)
  Clock Path Skew:        -0.118ns (DCD - SCD + CPR)
    Destination Clock Delay (DCD):    1.439ns = ( 41.164 - 39.725 ) 
    Source Clock Delay      (SCD):    1.637ns
    Clock Pessimism Removal (CPR):    0.080ns
  Clock Uncertainty:      0.164ns  ((TSJ^2 + DJ^2)^1/2) / 2 + PE
    Total System Jitter     (TSJ):    0.071ns
    Discrete Jitter          (DJ):    0.320ns
    Phase Error              (PE):    0.000ns

    Location             Delay type                Incr(ns)  Path(ns)    Netlist Resource(s)
  -------------------------------------------------------------------    -------------------
                         (clock clk_out1_clocking_wizard_clk_wiz_0_0 rise edge)
                                                      0.000     0.000 r  
    BUFGCTRL_X0Y0        BUFG                         0.000     0.000 r  clk_100MHz_IBUF_BUFG_inst/O
                         net (fo=424, routed)         1.575     1.575    clk_wiz_inst/clocking_wizard_i/clk_wiz_0/inst/clk_in1
    MMCME2_ADV_X1Y0      MMCME2_ADV (Prop_mmcme2_adv_CLKIN1_CLKOUT0)
                                                     -3.333    -1.757 r  clk_wiz_inst/clocking_wizard_i/clk_wiz_0/inst/mmcm_adv_inst/CLKOUT0
                         net (fo=1, routed)           1.661    -0.096    clk_wiz_inst/clocking_wizard_i/clk_wiz_0/inst/clk_out1_clocking_wizard_clk_wiz_0_0
    BUFGCTRL_X0Y1        BUFG (Prop_bufg_I_O)         0.096    -0.000 r  clk_wiz_inst/clocking_wizard_i/clk_wiz_0/inst/clkout1_buf/O
                         net (fo=139, routed)         1.637     1.637    square_inst/CLK
    SLICE_X0Y7           FDCE                                         r  square_inst/sq_x_reg[3]/C
  -------------------------------------------------------------------    -------------------
    SLICE_X0Y7           FDCE (Prop_fdce_C_Q)         0.456     2.093 r  square_inst/sq_x_reg[3]/Q
                         net (fo=31, routed)          1.687     3.781    square_inst/sq_x_reg[9]_0[2]
    SLICE_X2Y12          LUT6 (Prop_lut6_I5_O)        0.124     3.905 r  square_inst/vgaRed_OBUF[3]_inst_i_37/O
                         net (fo=26, routed)          1.784     5.689    square_inst/vgaRed_OBUF[3]_inst_i_37_n_0
    SLICE_X2Y14          LUT2 (Prop_lut2_I1_O)        0.124     5.813 r  square_inst/vgaRed_OBUF[3]_inst_i_124/O
                         net (fo=8, routed)           1.016     6.829    food_inst/overlap_d_reg_i_66_0
    SLICE_X4Y14          LUT6 (Prop_lut6_I0_O)        0.124     6.953 r  food_inst/overlap_d_i_170/O
                         net (fo=1, routed)           0.000     6.953    food_inst/overlap_d_i_170_n_0
    SLICE_X4Y14          CARRY4 (Prop_carry4_S[3]_CO[3])
                                                      0.401     7.354 r  food_inst/overlap_d_reg_i_74/CO[3]
                         net (fo=1, routed)           0.000     7.354    square_inst/overlap_d_i_4_1[0]
    SLICE_X4Y15          CARRY4 (Prop_carry4_CI_CO[0])
                                                      0.271     7.625 r  square_inst/overlap_d_reg_i_21/CO[0]
                         net (fo=1, routed)           0.960     8.585    square_inst/food_inst/in_wrap1
    SLICE_X7Y15          LUT4 (Prop_lut4_I3_O)        0.373     8.958 r  square_inst/overlap_d_i_4/O
                         net (fo=2, routed)           1.036     9.993    food_inst/color_sel_reg[0]_P_0
    SLICE_X8Y16          LUT6 (Prop_lut6_I2_O)        0.124    10.117 r  food_inst/fy[8]_P_i_1/O
                         net (fo=42, routed)          2.600    12.718    food_inst/eaten_pulse
    SLICE_X14Y19         LUT3 (Prop_lut3_I1_O)        0.124    12.842 r  food_inst/fy[6]_C_i_1/O
                         net (fo=1, routed)           0.000    12.842    food_inst/fy[6]_C_i_1_n_0
    SLICE_X14Y19         FDCE                                         r  food_inst/fy_reg[6]_C/D
  -------------------------------------------------------------------    -------------------

                         (clock clk_out1_clocking_wizard_clk_wiz_0_0 rise edge)
                                                     39.725    39.725 r  
    BUFGCTRL_X0Y0        BUFG                         0.000    39.725 r  clk_100MHz_IBUF_BUFG_inst/O
                         net (fo=424, routed)         1.457    41.182    clk_wiz_inst/clocking_wizard_i/clk_wiz_0/inst/clk_in1
    MMCME2_ADV_X1Y0      MMCME2_ADV (Prop_mmcme2_adv_CLKIN1_CLKOUT0)
                                                     -3.129    38.053 r  clk_wiz_inst/clocking_wizard_i/clk_wiz_0/inst/mmcm_adv_inst/CLKOUT0
                         net (fo=1, routed)           1.581    39.634    clk_wiz_inst/clocking_wizard_i/clk_wiz_0/inst/clk_out1_clocking_wizard_clk_wiz_0_0
    BUFGCTRL_X0Y1        BUFG (Prop_bufg_I_O)         0.091    39.725 r  clk_wiz_inst/clocking_wizard_i/clk_wiz_0/inst/clkout1_buf/O
                         net (fo=139, routed)         1.439    41.164    food_inst/CLK
    SLICE_X14Y19         FDCE                                         r  food_inst/fy_reg[6]_C/C
                         clock pessimism              0.080    41.244    
                         clock uncertainty           -0.164    41.081    
    SLICE_X14Y19         FDCE (Setup_fdce_C_D)        0.077    41.158    food_inst/fy_reg[6]_C
  -------------------------------------------------------------------
                         required time                         41.158    
                         arrival time                         -12.842    
  -------------------------------------------------------------------
                         slack                                 28.316    

Slack (MET) :             28.489ns  (required time - arrival time)
  Source:                 square_inst/sq_x_reg[3]/C
                            (rising edge-triggered cell FDCE clocked by clk_out1_clocking_wizard_clk_wiz_0_0  {rise@0.000ns fall@19.863ns period=39.725ns})
  Destination:            food_inst/fy_reg[2]_P/CE
                            (rising edge-triggered cell FDPE clocked by clk_out1_clocking_wizard_clk_wiz_0_0  {rise@0.000ns fall@19.863ns period=39.725ns})
  Path Group:             clk_out1_clocking_wizard_clk_wiz_0_0
  Path Type:              Setup (Max at Slow Process Corner)
  Requirement:            39.725ns  (clk_out1_clocking_wizard_clk_wiz_0_0 rise@39.725ns - clk_out1_clocking_wizard_clk_wiz_0_0 rise@0.000ns)
  Data Path Delay:        10.750ns  (logic 1.997ns (18.576%)  route 8.753ns (81.424%))
  Logic Levels:           7  (CARRY4=2 LUT2=1 LUT4=1 LUT6=3)
  Clock Path Skew:        -0.117ns (DCD - SCD + CPR)
    Destination Clock Delay (DCD):    1.440ns = ( 41.165 - 39.725 ) 
    Source Clock Delay      (SCD):    1.637ns
    Clock Pessimism Removal (CPR):    0.080ns
  Clock Uncertainty:      0.164ns  ((TSJ^2 + DJ^2)^1/2) / 2 + PE
    Total System Jitter     (TSJ):    0.071ns
    Discrete Jitter          (DJ):    0.320ns
    Phase Error              (PE):    0.000ns

    Location             Delay type                Incr(ns)  Path(ns)    Netlist Resource(s)
  -------------------------------------------------------------------    -------------------
                         (clock clk_out1_clocking_wizard_clk_wiz_0_0 rise edge)
                                                      0.000     0.000 r  
    BUFGCTRL_X0Y0        BUFG                         0.000     0.000 r  clk_100MHz_IBUF_BUFG_inst/O
                         net (fo=424, routed)         1.575     1.575    clk_wiz_inst/clocking_wizard_i/clk_wiz_0/inst/clk_in1
    MMCME2_ADV_X1Y0      MMCME2_ADV (Prop_mmcme2_adv_CLKIN1_CLKOUT0)
                                                     -3.333    -1.757 r  clk_wiz_inst/clocking_wizard_i/clk_wiz_0/inst/mmcm_adv_inst/CLKOUT0
                         net (fo=1, routed)           1.661    -0.096    clk_wiz_inst/clocking_wizard_i/clk_wiz_0/inst/clk_out1_clocking_wizard_clk_wiz_0_0
    BUFGCTRL_X0Y1        BUFG (Prop_bufg_I_O)         0.096    -0.000 r  clk_wiz_inst/clocking_wizard_i/clk_wiz_0/inst/clkout1_buf/O
                         net (fo=139, routed)         1.637     1.637    square_inst/CLK
    SLICE_X0Y7           FDCE                                         r  square_inst/sq_x_reg[3]/C
  -------------------------------------------------------------------    -------------------
    SLICE_X0Y7           FDCE (Prop_fdce_C_Q)         0.456     2.093 r  square_inst/sq_x_reg[3]/Q
                         net (fo=31, routed)          1.687     3.781    square_inst/sq_x_reg[9]_0[2]
    SLICE_X2Y12          LUT6 (Prop_lut6_I5_O)        0.124     3.905 r  square_inst/vgaRed_OBUF[3]_inst_i_37/O
                         net (fo=26, routed)          1.784     5.689    square_inst/vgaRed_OBUF[3]_inst_i_37_n_0
    SLICE_X2Y14          LUT2 (Prop_lut2_I1_O)        0.124     5.813 r  square_inst/vgaRed_OBUF[3]_inst_i_124/O
                         net (fo=8, routed)           1.016     6.829    food_inst/overlap_d_reg_i_66_0
    SLICE_X4Y14          LUT6 (Prop_lut6_I0_O)        0.124     6.953 r  food_inst/overlap_d_i_170/O
                         net (fo=1, routed)           0.000     6.953    food_inst/overlap_d_i_170_n_0
    SLICE_X4Y14          CARRY4 (Prop_carry4_S[3]_CO[3])
                                                      0.401     7.354 r  food_inst/overlap_d_reg_i_74/CO[3]
                         net (fo=1, routed)           0.000     7.354    square_inst/overlap_d_i_4_1[0]
    SLICE_X4Y15          CARRY4 (Prop_carry4_CI_CO[0])
                                                      0.271     7.625 r  square_inst/overlap_d_reg_i_21/CO[0]
                         net (fo=1, routed)           0.960     8.585    square_inst/food_inst/in_wrap1
    SLICE_X7Y15          LUT4 (Prop_lut4_I3_O)        0.373     8.958 r  square_inst/overlap_d_i_4/O
                         net (fo=2, routed)           1.036     9.993    food_inst/color_sel_reg[0]_P_0
    SLICE_X8Y16          LUT6 (Prop_lut6_I2_O)        0.124    10.117 r  food_inst/fy[8]_P_i_1/O
                         net (fo=42, routed)          2.270    12.388    food_inst/eaten_pulse
    SLICE_X13Y18         FDPE                                         r  food_inst/fy_reg[2]_P/CE
  -------------------------------------------------------------------    -------------------

                         (clock clk_out1_clocking_wizard_clk_wiz_0_0 rise edge)
                                                     39.725    39.725 r  
    BUFGCTRL_X0Y0        BUFG                         0.000    39.725 r  clk_100MHz_IBUF_BUFG_inst/O
                         net (fo=424, routed)         1.457    41.182    clk_wiz_inst/clocking_wizard_i/clk_wiz_0/inst/clk_in1
    MMCME2_ADV_X1Y0      MMCME2_ADV (Prop_mmcme2_adv_CLKIN1_CLKOUT0)
                                                     -3.129    38.053 r  clk_wiz_inst/clocking_wizard_i/clk_wiz_0/inst/mmcm_adv_inst/CLKOUT0
                         net (fo=1, routed)           1.581    39.634    clk_wiz_inst/clocking_wizard_i/clk_wiz_0/inst/clk_out1_clocking_wizard_clk_wiz_0_0
    BUFGCTRL_X0Y1        BUFG (Prop_bufg_I_O)         0.091    39.725 r  clk_wiz_inst/clocking_wizard_i/clk_wiz_0/inst/clkout1_buf/O
                         net (fo=139, routed)         1.440    41.165    food_inst/CLK
    SLICE_X13Y18         FDPE                                         r  food_inst/fy_reg[2]_P/C
                         clock pessimism              0.080    41.245    
                         clock uncertainty           -0.164    41.082    
    SLICE_X13Y18         FDPE (Setup_fdpe_C_CE)      -0.205    40.877    food_inst/fy_reg[2]_P
  -------------------------------------------------------------------
                         required time                         40.877    
                         arrival time                         -12.388    
  -------------------------------------------------------------------
                         slack                                 28.489    

Slack (MET) :             28.504ns  (required time - arrival time)
  Source:                 square_inst/sq_x_reg[3]/C
                            (rising edge-triggered cell FDCE clocked by clk_out1_clocking_wizard_clk_wiz_0_0  {rise@0.000ns fall@19.863ns period=39.725ns})
  Destination:            food_inst/fy_reg[1]_P/CE
                            (rising edge-triggered cell FDPE clocked by clk_out1_clocking_wizard_clk_wiz_0_0  {rise@0.000ns fall@19.863ns period=39.725ns})
  Path Group:             clk_out1_clocking_wizard_clk_wiz_0_0
  Path Type:              Setup (Max at Slow Process Corner)
  Requirement:            39.725ns  (clk_out1_clocking_wizard_clk_wiz_0_0 rise@39.725ns - clk_out1_clocking_wizard_clk_wiz_0_0 rise@0.000ns)
  Data Path Delay:        10.774ns  (logic 1.997ns (18.536%)  route 8.777ns (81.464%))
  Logic Levels:           7  (CARRY4=2 LUT2=1 LUT4=1 LUT6=3)
  Clock Path Skew:        -0.115ns (DCD - SCD + CPR)
    Destination Clock Delay (DCD):    1.442ns = ( 41.167 - 39.725 ) 
    Source Clock Delay      (SCD):    1.637ns
    Clock Pessimism Removal (CPR):    0.080ns
  Clock Uncertainty:      0.164ns  ((TSJ^2 + DJ^2)^1/2) / 2 + PE
    Total System Jitter     (TSJ):    0.071ns
    Discrete Jitter          (DJ):    0.320ns
    Phase Error              (PE):    0.000ns

    Location             Delay type                Incr(ns)  Path(ns)    Netlist Resource(s)
  -------------------------------------------------------------------    -------------------
                         (clock clk_out1_clocking_wizard_clk_wiz_0_0 rise edge)
                                                      0.000     0.000 r  
    BUFGCTRL_X0Y0        BUFG                         0.000     0.000 r  clk_100MHz_IBUF_BUFG_inst/O
                         net (fo=424, routed)         1.575     1.575    clk_wiz_inst/clocking_wizard_i/clk_wiz_0/inst/clk_in1
    MMCME2_ADV_X1Y0      MMCME2_ADV (Prop_mmcme2_adv_CLKIN1_CLKOUT0)
                                                     -3.333    -1.757 r  clk_wiz_inst/clocking_wizard_i/clk_wiz_0/inst/mmcm_adv_inst/CLKOUT0
                         net (fo=1, routed)           1.661    -0.096    clk_wiz_inst/clocking_wizard_i/clk_wiz_0/inst/clk_out1_clocking_wizard_clk_wiz_0_0
    BUFGCTRL_X0Y1        BUFG (Prop_bufg_I_O)         0.096    -0.000 r  clk_wiz_inst/clocking_wizard_i/clk_wiz_0/inst/clkout1_buf/O
                         net (fo=139, routed)         1.637     1.637    square_inst/CLK
    SLICE_X0Y7           FDCE                                         r  square_inst/sq_x_reg[3]/C
  -------------------------------------------------------------------    -------------------
    SLICE_X0Y7           FDCE (Prop_fdce_C_Q)         0.456     2.093 r  square_inst/sq_x_reg[3]/Q
                         net (fo=31, routed)          1.687     3.781    square_inst/sq_x_reg[9]_0[2]
    SLICE_X2Y12          LUT6 (Prop_lut6_I5_O)        0.124     3.905 r  square_inst/vgaRed_OBUF[3]_inst_i_37/O
                         net (fo=26, routed)          1.784     5.689    square_inst/vgaRed_OBUF[3]_inst_i_37_n_0
    SLICE_X2Y14          LUT2 (Prop_lut2_I1_O)        0.124     5.813 r  square_inst/vgaRed_OBUF[3]_inst_i_124/O
                         net (fo=8, routed)           1.016     6.829    food_inst/overlap_d_reg_i_66_0
    SLICE_X4Y14          LUT6 (Prop_lut6_I0_O)        0.124     6.953 r  food_inst/overlap_d_i_170/O
                         net (fo=1, routed)           0.000     6.953    food_inst/overlap_d_i_170_n_0
    SLICE_X4Y14          CARRY4 (Prop_carry4_S[3]_CO[3])
                                                      0.401     7.354 r  food_inst/overlap_d_reg_i_74/CO[3]
                         net (fo=1, routed)           0.000     7.354    square_inst/overlap_d_i_4_1[0]
    SLICE_X4Y15          CARRY4 (Prop_carry4_CI_CO[0])
                                                      0.271     7.625 r  square_inst/overlap_d_reg_i_21/CO[0]
                         net (fo=1, routed)           0.960     8.585    square_inst/food_inst/in_wrap1
    SLICE_X7Y15          LUT4 (Prop_lut4_I3_O)        0.373     8.958 r  square_inst/overlap_d_i_4/O
                         net (fo=2, routed)           1.036     9.993    food_inst/color_sel_reg[0]_P_0
    SLICE_X8Y16          LUT6 (Prop_lut6_I2_O)        0.124    10.117 r  food_inst/fy[8]_P_i_1/O
                         net (fo=42, routed)          2.294    12.411    food_inst/eaten_pulse
    SLICE_X12Y17         FDPE                                         r  food_inst/fy_reg[1]_P/CE
  -------------------------------------------------------------------    -------------------

                         (clock clk_out1_clocking_wizard_clk_wiz_0_0 rise edge)
                                                     39.725    39.725 r  
    BUFGCTRL_X0Y0        BUFG                         0.000    39.725 r  clk_100MHz_IBUF_BUFG_inst/O
                         net (fo=424, routed)         1.457    41.182    clk_wiz_inst/clocking_wizard_i/clk_wiz_0/inst/clk_in1
    MMCME2_ADV_X1Y0      MMCME2_ADV (Prop_mmcme2_adv_CLKIN1_CLKOUT0)
                                                     -3.129    38.053 r  clk_wiz_inst/clocking_wizard_i/clk_wiz_0/inst/mmcm_adv_inst/CLKOUT0
                         net (fo=1, routed)           1.581    39.634    clk_wiz_inst/clocking_wizard_i/clk_wiz_0/inst/clk_out1_clocking_wizard_clk_wiz_0_0
    BUFGCTRL_X0Y1        BUFG (Prop_bufg_I_O)         0.091    39.725 r  clk_wiz_inst/clocking_wizard_i/clk_wiz_0/inst/clkout1_buf/O
                         net (fo=139, routed)         1.442    41.167    food_inst/CLK
    SLICE_X12Y17         FDPE                                         r  food_inst/fy_reg[1]_P/C
                         clock pessimism              0.080    41.247    
                         clock uncertainty           -0.164    41.084    
    SLICE_X12Y17         FDPE (Setup_fdpe_C_CE)      -0.169    40.915    food_inst/fy_reg[1]_P
  -------------------------------------------------------------------
                         required time                         40.915    
                         arrival time                         -12.411    
  -------------------------------------------------------------------
                         slack                                 28.504    

Slack (MET) :             28.513ns  (required time - arrival time)
  Source:                 square_inst/sq_x_reg[3]/C
                            (rising edge-triggered cell FDCE clocked by clk_out1_clocking_wizard_clk_wiz_0_0  {rise@0.000ns fall@19.863ns period=39.725ns})
  Destination:            food_inst/fy_reg[8]_C/D
                            (rising edge-triggered cell FDCE clocked by clk_out1_clocking_wizard_clk_wiz_0_0  {rise@0.000ns fall@19.863ns period=39.725ns})
  Path Group:             clk_out1_clocking_wizard_clk_wiz_0_0
  Path Type:              Setup (Max at Slow Process Corner)
  Requirement:            39.725ns  (clk_out1_clocking_wizard_clk_wiz_0_0 rise@39.725ns - clk_out1_clocking_wizard_clk_wiz_0_0 rise@0.000ns)
  Data Path Delay:        10.866ns  (logic 2.121ns (19.520%)  route 8.745ns (80.480%))
  Logic Levels:           8  (CARRY4=2 LUT2=1 LUT3=1 LUT4=1 LUT6=3)
  Clock Path Skew:        -0.116ns (DCD - SCD + CPR)
    Destination Clock Delay (DCD):    1.441ns = ( 41.166 - 39.725 ) 
    Source Clock Delay      (SCD):    1.637ns
    Clock Pessimism Removal (CPR):    0.080ns
  Clock Uncertainty:      0.164ns  ((TSJ^2 + DJ^2)^1/2) / 2 + PE
    Total System Jitter     (TSJ):    0.071ns
    Discrete Jitter          (DJ):    0.320ns
    Phase Error              (PE):    0.000ns

    Location             Delay type                Incr(ns)  Path(ns)    Netlist Resource(s)
  -------------------------------------------------------------------    -------------------
                         (clock clk_out1_clocking_wizard_clk_wiz_0_0 rise edge)
                                                      0.000     0.000 r  
    BUFGCTRL_X0Y0        BUFG                         0.000     0.000 r  clk_100MHz_IBUF_BUFG_inst/O
                         net (fo=424, routed)         1.575     1.575    clk_wiz_inst/clocking_wizard_i/clk_wiz_0/inst/clk_in1
    MMCME2_ADV_X1Y0      MMCME2_ADV (Prop_mmcme2_adv_CLKIN1_CLKOUT0)
                                                     -3.333    -1.757 r  clk_wiz_inst/clocking_wizard_i/clk_wiz_0/inst/mmcm_adv_inst/CLKOUT0
                         net (fo=1, routed)           1.661    -0.096    clk_wiz_inst/clocking_wizard_i/clk_wiz_0/inst/clk_out1_clocking_wizard_clk_wiz_0_0
    BUFGCTRL_X0Y1        BUFG (Prop_bufg_I_O)         0.096    -0.000 r  clk_wiz_inst/clocking_wizard_i/clk_wiz_0/inst/clkout1_buf/O
                         net (fo=139, routed)         1.637     1.637    square_inst/CLK
    SLICE_X0Y7           FDCE                                         r  square_inst/sq_x_reg[3]/C
  -------------------------------------------------------------------    -------------------
    SLICE_X0Y7           FDCE (Prop_fdce_C_Q)         0.456     2.093 r  square_inst/sq_x_reg[3]/Q
                         net (fo=31, routed)          1.687     3.781    square_inst/sq_x_reg[9]_0[2]
    SLICE_X2Y12          LUT6 (Prop_lut6_I5_O)        0.124     3.905 r  square_inst/vgaRed_OBUF[3]_inst_i_37/O
                         net (fo=26, routed)          1.784     5.689    square_inst/vgaRed_OBUF[3]_inst_i_37_n_0
    SLICE_X2Y14          LUT2 (Prop_lut2_I1_O)        0.124     5.813 r  square_inst/vgaRed_OBUF[3]_inst_i_124/O
                         net (fo=8, routed)           1.016     6.829    food_inst/overlap_d_reg_i_66_0
    SLICE_X4Y14          LUT6 (Prop_lut6_I0_O)        0.124     6.953 r  food_inst/overlap_d_i_170/O
                         net (fo=1, routed)           0.000     6.953    food_inst/overlap_d_i_170_n_0
    SLICE_X4Y14          CARRY4 (Prop_carry4_S[3]_CO[3])
                                                      0.401     7.354 r  food_inst/overlap_d_reg_i_74/CO[3]
                         net (fo=1, routed)           0.000     7.354    square_inst/overlap_d_i_4_1[0]
    SLICE_X4Y15          CARRY4 (Prop_carry4_CI_CO[0])
                                                      0.271     7.625 r  square_inst/overlap_d_reg_i_21/CO[0]
                         net (fo=1, routed)           0.960     8.585    square_inst/food_inst/in_wrap1
    SLICE_X7Y15          LUT4 (Prop_lut4_I3_O)        0.373     8.958 r  square_inst/overlap_d_i_4/O
                         net (fo=2, routed)           1.036     9.993    food_inst/color_sel_reg[0]_P_0
    SLICE_X8Y16          LUT6 (Prop_lut6_I2_O)        0.124    10.117 r  food_inst/fy[8]_P_i_1/O
                         net (fo=42, routed)          1.932    12.049    food_inst/eaten_pulse
    SLICE_X11Y19         LUT3 (Prop_lut3_I1_O)        0.124    12.173 r  food_inst/fy[8]_C_i_1/O
                         net (fo=1, routed)           0.330    12.503    food_inst/fy[8]_C_i_1_n_0
    SLICE_X11Y18         FDCE                                         r  food_inst/fy_reg[8]_C/D
  -------------------------------------------------------------------    -------------------

                         (clock clk_out1_clocking_wizard_clk_wiz_0_0 rise edge)
                                                     39.725    39.725 r  
    BUFGCTRL_X0Y0        BUFG                         0.000    39.725 r  clk_100MHz_IBUF_BUFG_inst/O
                         net (fo=424, routed)         1.457    41.182    clk_wiz_inst/clocking_wizard_i/clk_wiz_0/inst/clk_in1
    MMCME2_ADV_X1Y0      MMCME2_ADV (Prop_mmcme2_adv_CLKIN1_CLKOUT0)
                                                     -3.129    38.053 r  clk_wiz_inst/clocking_wizard_i/clk_wiz_0/inst/mmcm_adv_inst/CLKOUT0
                         net (fo=1, routed)           1.581    39.634    clk_wiz_inst/clocking_wizard_i/clk_wiz_0/inst/clk_out1_clocking_wizard_clk_wiz_0_0
    BUFGCTRL_X0Y1        BUFG (Prop_bufg_I_O)         0.091    39.725 r  clk_wiz_inst/clocking_wizard_i/clk_wiz_0/inst/clkout1_buf/O
                         net (fo=139, routed)         1.441    41.166    food_inst/CLK
    SLICE_X11Y18         FDCE                                         r  food_inst/fy_reg[8]_C/C
                         clock pessimism              0.080    41.246    
                         clock uncertainty           -0.164    41.083    
    SLICE_X11Y18         FDCE (Setup_fdce_C_D)       -0.067    41.016    food_inst/fy_reg[8]_C
  -------------------------------------------------------------------
                         required time                         41.016    
                         arrival time                         -12.503    
  -------------------------------------------------------------------
                         slack                                 28.513    

Slack (MET) :             28.591ns  (required time - arrival time)
  Source:                 square_inst/sq_x_reg[3]/C
                            (rising edge-triggered cell FDCE clocked by clk_out1_clocking_wizard_clk_wiz_0_0  {rise@0.000ns fall@19.863ns period=39.725ns})
  Destination:            food_inst/fx_reg[3]_C/D
                            (rising edge-triggered cell FDCE clocked by clk_out1_clocking_wizard_clk_wiz_0_0  {rise@0.000ns fall@19.863ns period=39.725ns})
  Path Group:             clk_out1_clocking_wizard_clk_wiz_0_0
  Path Type:              Setup (Max at Slow Process Corner)
  Requirement:            39.725ns  (clk_out1_clocking_wizard_clk_wiz_0_0 rise@39.725ns - clk_out1_clocking_wizard_clk_wiz_0_0 rise@0.000ns)
  Data Path Delay:        10.661ns  (logic 2.149ns (20.157%)  route 8.512ns (79.843%))
  Logic Levels:           8  (CARRY4=2 LUT2=1 LUT3=1 LUT4=1 LUT6=3)
  Clock Path Skew:        -0.034ns (DCD - SCD + CPR)
    Destination Clock Delay (DCD):    1.509ns = ( 41.234 - 39.725 ) 
    Source Clock Delay      (SCD):    1.637ns
    Clock Pessimism Removal (CPR):    0.094ns
  Clock Uncertainty:      0.164ns  ((TSJ^2 + DJ^2)^1/2) / 2 + PE
    Total System Jitter     (TSJ):    0.071ns
    Discrete Jitter          (DJ):    0.320ns
    Phase Error              (PE):    0.000ns

    Location             Delay type                Incr(ns)  Path(ns)    Netlist Resource(s)
  -------------------------------------------------------------------    -------------------
                         (clock clk_out1_clocking_wizard_clk_wiz_0_0 rise edge)
                                                      0.000     0.000 r  
    BUFGCTRL_X0Y0        BUFG                         0.000     0.000 r  clk_100MHz_IBUF_BUFG_inst/O
                         net (fo=424, routed)         1.575     1.575    clk_wiz_inst/clocking_wizard_i/clk_wiz_0/inst/clk_in1
    MMCME2_ADV_X1Y0      MMCME2_ADV (Prop_mmcme2_adv_CLKIN1_CLKOUT0)
                                                     -3.333    -1.757 r  clk_wiz_inst/clocking_wizard_i/clk_wiz_0/inst/mmcm_adv_inst/CLKOUT0
                         net (fo=1, routed)           1.661    -0.096    clk_wiz_inst/clocking_wizard_i/clk_wiz_0/inst/clk_out1_clocking_wizard_clk_wiz_0_0
    BUFGCTRL_X0Y1        BUFG (Prop_bufg_I_O)         0.096    -0.000 r  clk_wiz_inst/clocking_wizard_i/clk_wiz_0/inst/clkout1_buf/O
                         net (fo=139, routed)         1.637     1.637    square_inst/CLK
    SLICE_X0Y7           FDCE                                         r  square_inst/sq_x_reg[3]/C
  -------------------------------------------------------------------    -------------------
    SLICE_X0Y7           FDCE (Prop_fdce_C_Q)         0.456     2.093 r  square_inst/sq_x_reg[3]/Q
                         net (fo=31, routed)          1.687     3.781    square_inst/sq_x_reg[9]_0[2]
    SLICE_X2Y12          LUT6 (Prop_lut6_I5_O)        0.124     3.905 r  square_inst/vgaRed_OBUF[3]_inst_i_37/O
                         net (fo=26, routed)          1.784     5.689    square_inst/vgaRed_OBUF[3]_inst_i_37_n_0
    SLICE_X2Y14          LUT2 (Prop_lut2_I1_O)        0.124     5.813 r  square_inst/vgaRed_OBUF[3]_inst_i_124/O
                         net (fo=8, routed)           1.016     6.829    food_inst/overlap_d_reg_i_66_0
    SLICE_X4Y14          LUT6 (Prop_lut6_I0_O)        0.124     6.953 r  food_inst/overlap_d_i_170/O
                         net (fo=1, routed)           0.000     6.953    food_inst/overlap_d_i_170_n_0
    SLICE_X4Y14          CARRY4 (Prop_carry4_S[3]_CO[3])
                                                      0.401     7.354 r  food_inst/overlap_d_reg_i_74/CO[3]
                         net (fo=1, routed)           0.000     7.354    square_inst/overlap_d_i_4_1[0]
    SLICE_X4Y15          CARRY4 (Prop_carry4_CI_CO[0])
                                                      0.271     7.625 r  square_inst/overlap_d_reg_i_21/CO[0]
                         net (fo=1, routed)           0.960     8.585    square_inst/food_inst/in_wrap1
    SLICE_X7Y15          LUT4 (Prop_lut4_I3_O)        0.373     8.958 r  square_inst/overlap_d_i_4/O
                         net (fo=2, routed)           1.036     9.993    food_inst/color_sel_reg[0]_P_0
    SLICE_X8Y16          LUT6 (Prop_lut6_I2_O)        0.124    10.117 r  food_inst/fy[8]_P_i_1/O
                         net (fo=42, routed)          1.554    11.672    food_inst/eaten_pulse
    SLICE_X3Y18          LUT3 (Prop_lut3_I1_O)        0.152    11.824 r  food_inst/fx[3]_C_i_1/O
                         net (fo=1, routed)           0.475    12.299    food_inst/fx[3]_C_i_1_n_0
    SLICE_X3Y18          FDCE                                         r  food_inst/fx_reg[3]_C/D
  -------------------------------------------------------------------    -------------------

                         (clock clk_out1_clocking_wizard_clk_wiz_0_0 rise edge)
                                                     39.725    39.725 r  
    BUFGCTRL_X0Y0        BUFG                         0.000    39.725 r  clk_100MHz_IBUF_BUFG_inst/O
                         net (fo=424, routed)         1.457    41.182    clk_wiz_inst/clocking_wizard_i/clk_wiz_0/inst/clk_in1
    MMCME2_ADV_X1Y0      MMCME2_ADV (Prop_mmcme2_adv_CLKIN1_CLKOUT0)
                                                     -3.129    38.053 r  clk_wiz_inst/clocking_wizard_i/clk_wiz_0/inst/mmcm_adv_inst/CLKOUT0
                         net (fo=1, routed)           1.581    39.634    clk_wiz_inst/clocking_wizard_i/clk_wiz_0/inst/clk_out1_clocking_wizard_clk_wiz_0_0
    BUFGCTRL_X0Y1        BUFG (Prop_bufg_I_O)         0.091    39.725 r  clk_wiz_inst/clocking_wizard_i/clk_wiz_0/inst/clkout1_buf/O
                         net (fo=139, routed)         1.509    41.234    food_inst/CLK
    SLICE_X3Y18          FDCE                                         r  food_inst/fx_reg[3]_C/C
                         clock pessimism              0.094    41.328    
                         clock uncertainty           -0.164    41.165    
    SLICE_X3Y18          FDCE (Setup_fdce_C_D)       -0.275    40.890    food_inst/fx_reg[3]_C
  -------------------------------------------------------------------
                         required time                         40.890    
                         arrival time                         -12.299    
  -------------------------------------------------------------------
                         slack                                 28.591    

Slack (MET) :             28.625ns  (required time - arrival time)
  Source:                 square_inst/sq_x_reg[3]/C
                            (rising edge-triggered cell FDCE clocked by clk_out1_clocking_wizard_clk_wiz_0_0  {rise@0.000ns fall@19.863ns period=39.725ns})
  Destination:            food_inst/fy_reg[4]_C/D
                            (rising edge-triggered cell FDCE clocked by clk_out1_clocking_wizard_clk_wiz_0_0  {rise@0.000ns fall@19.863ns period=39.725ns})
  Path Group:             clk_out1_clocking_wizard_clk_wiz_0_0
  Path Type:              Setup (Max at Slow Process Corner)
  Requirement:            39.725ns  (clk_out1_clocking_wizard_clk_wiz_0_0 rise@39.725ns - clk_out1_clocking_wizard_clk_wiz_0_0 rise@0.000ns)
  Data Path Delay:        10.895ns  (logic 2.121ns (19.468%)  route 8.774ns (80.532%))
  Logic Levels:           8  (CARRY4=2 LUT2=1 LUT4=1 LUT5=1 LUT6=3)
  Clock Path Skew:        -0.119ns (DCD - SCD + CPR)
    Destination Clock Delay (DCD):    1.438ns = ( 41.163 - 39.725 ) 
    Source Clock Delay      (SCD):    1.637ns
    Clock Pessimism Removal (CPR):    0.080ns
  Clock Uncertainty:      0.164ns  ((TSJ^2 + DJ^2)^1/2) / 2 + PE
    Total System Jitter     (TSJ):    0.071ns
    Discrete Jitter          (DJ):    0.320ns
    Phase Error              (PE):    0.000ns

    Location             Delay type                Incr(ns)  Path(ns)    Netlist Resource(s)
  -------------------------------------------------------------------    -------------------
                         (clock clk_out1_clocking_wizard_clk_wiz_0_0 rise edge)
                                                      0.000     0.000 r  
    BUFGCTRL_X0Y0        BUFG                         0.000     0.000 r  clk_100MHz_IBUF_BUFG_inst/O
                         net (fo=424, routed)         1.575     1.575    clk_wiz_inst/clocking_wizard_i/clk_wiz_0/inst/clk_in1
    MMCME2_ADV_X1Y0      MMCME2_ADV (Prop_mmcme2_adv_CLKIN1_CLKOUT0)
                                                     -3.333    -1.757 r  clk_wiz_inst/clocking_wizard_i/clk_wiz_0/inst/mmcm_adv_inst/CLKOUT0
                         net (fo=1, routed)           1.661    -0.096    clk_wiz_inst/clocking_wizard_i/clk_wiz_0/inst/clk_out1_clocking_wizard_clk_wiz_0_0
    BUFGCTRL_X0Y1        BUFG (Prop_bufg_I_O)         0.096    -0.000 r  clk_wiz_inst/clocking_wizard_i/clk_wiz_0/inst/clkout1_buf/O
                         net (fo=139, routed)         1.637     1.637    square_inst/CLK
    SLICE_X0Y7           FDCE                                         r  square_inst/sq_x_reg[3]/C
  -------------------------------------------------------------------    -------------------
    SLICE_X0Y7           FDCE (Prop_fdce_C_Q)         0.456     2.093 r  square_inst/sq_x_reg[3]/Q
                         net (fo=31, routed)          1.687     3.781    square_inst/sq_x_reg[9]_0[2]
    SLICE_X2Y12          LUT6 (Prop_lut6_I5_O)        0.124     3.905 r  square_inst/vgaRed_OBUF[3]_inst_i_37/O
                         net (fo=26, routed)          1.784     5.689    square_inst/vgaRed_OBUF[3]_inst_i_37_n_0
    SLICE_X2Y14          LUT2 (Prop_lut2_I1_O)        0.124     5.813 r  square_inst/vgaRed_OBUF[3]_inst_i_124/O
                         net (fo=8, routed)           1.016     6.829    food_inst/overlap_d_reg_i_66_0
    SLICE_X4Y14          LUT6 (Prop_lut6_I0_O)        0.124     6.953 r  food_inst/overlap_d_i_170/O
                         net (fo=1, routed)           0.000     6.953    food_inst/overlap_d_i_170_n_0
    SLICE_X4Y14          CARRY4 (Prop_carry4_S[3]_CO[3])
                                                      0.401     7.354 r  food_inst/overlap_d_reg_i_74/CO[3]
                         net (fo=1, routed)           0.000     7.354    square_inst/overlap_d_i_4_1[0]
    SLICE_X4Y15          CARRY4 (Prop_carry4_CI_CO[0])
                                                      0.271     7.625 r  square_inst/overlap_d_reg_i_21/CO[0]
                         net (fo=1, routed)           0.960     8.585    square_inst/food_inst/in_wrap1
    SLICE_X7Y15          LUT4 (Prop_lut4_I3_O)        0.373     8.958 r  square_inst/overlap_d_i_4/O
                         net (fo=2, routed)           1.036     9.993    food_inst/color_sel_reg[0]_P_0
    SLICE_X8Y16          LUT6 (Prop_lut6_I2_O)        0.124    10.117 r  food_inst/fy[8]_P_i_1/O
                         net (fo=42, routed)          2.291    12.408    food_inst/eaten_pulse
    SLICE_X14Y21         LUT5 (Prop_lut5_I3_O)        0.124    12.532 r  food_inst/fy[4]_C_i_1/O
                         net (fo=1, routed)           0.000    12.532    food_inst/fy[4]_C_i_1_n_0
    SLICE_X14Y21         FDCE                                         r  food_inst/fy_reg[4]_C/D
  -------------------------------------------------------------------    -------------------

                         (clock clk_out1_clocking_wizard_clk_wiz_0_0 rise edge)
                                                     39.725    39.725 r  
    BUFGCTRL_X0Y0        BUFG                         0.000    39.725 r  clk_100MHz_IBUF_BUFG_inst/O
                         net (fo=424, routed)         1.457    41.182    clk_wiz_inst/clocking_wizard_i/clk_wiz_0/inst/clk_in1
    MMCME2_ADV_X1Y0      MMCME2_ADV (Prop_mmcme2_adv_CLKIN1_CLKOUT0)
                                                     -3.129    38.053 r  clk_wiz_inst/clocking_wizard_i/clk_wiz_0/inst/mmcm_adv_inst/CLKOUT0
                         net (fo=1, routed)           1.581    39.634    clk_wiz_inst/clocking_wizard_i/clk_wiz_0/inst/clk_out1_clocking_wizard_clk_wiz_0_0
    BUFGCTRL_X0Y1        BUFG (Prop_bufg_I_O)         0.091    39.725 r  clk_wiz_inst/clocking_wizard_i/clk_wiz_0/inst/clkout1_buf/O
                         net (fo=139, routed)         1.438    41.163    food_inst/CLK
    SLICE_X14Y21         FDCE                                         r  food_inst/fy_reg[4]_C/C
                         clock pessimism              0.080    41.243    
                         clock uncertainty           -0.164    41.080    
    SLICE_X14Y21         FDCE (Setup_fdce_C_D)        0.077    41.157    food_inst/fy_reg[4]_C
  -------------------------------------------------------------------
                         required time                         41.157    
                         arrival time                         -12.532    
  -------------------------------------------------------------------
                         slack                                 28.625    

Slack (MET) :             28.643ns  (required time - arrival time)
  Source:                 square_inst/sq_x_reg[3]/C
                            (rising edge-triggered cell FDCE clocked by clk_out1_clocking_wizard_clk_wiz_0_0  {rise@0.000ns fall@19.863ns period=39.725ns})
  Destination:            food_inst/fy_reg[0]_P/CE
                            (rising edge-triggered cell FDPE clocked by clk_out1_clocking_wizard_clk_wiz_0_0  {rise@0.000ns fall@19.863ns period=39.725ns})
  Path Group:             clk_out1_clocking_wizard_clk_wiz_0_0
  Path Type:              Setup (Max at Slow Process Corner)
  Requirement:            39.725ns  (clk_out1_clocking_wizard_clk_wiz_0_0 rise@39.725ns - clk_out1_clocking_wizard_clk_wiz_0_0 rise@0.000ns)
  Data Path Delay:        10.633ns  (logic 1.997ns (18.782%)  route 8.636ns (81.218%))
  Logic Levels:           7  (CARRY4=2 LUT2=1 LUT4=1 LUT6=3)
  Clock Path Skew:        -0.117ns (DCD - SCD + CPR)
    Destination Clock Delay (DCD):    1.440ns = ( 41.165 - 39.725 ) 
    Source Clock Delay      (SCD):    1.637ns
    Clock Pessimism Removal (CPR):    0.080ns
  Clock Uncertainty:      0.164ns  ((TSJ^2 + DJ^2)^1/2) / 2 + PE
    Total System Jitter     (TSJ):    0.071ns
    Discrete Jitter          (DJ):    0.320ns
    Phase Error              (PE):    0.000ns

    Location             Delay type                Incr(ns)  Path(ns)    Netlist Resource(s)
  -------------------------------------------------------------------    -------------------
                         (clock clk_out1_clocking_wizard_clk_wiz_0_0 rise edge)
                                                      0.000     0.000 r  
    BUFGCTRL_X0Y0        BUFG                         0.000     0.000 r  clk_100MHz_IBUF_BUFG_inst/O
                         net (fo=424, routed)         1.575     1.575    clk_wiz_inst/clocking_wizard_i/clk_wiz_0/inst/clk_in1
    MMCME2_ADV_X1Y0      MMCME2_ADV (Prop_mmcme2_adv_CLKIN1_CLKOUT0)
                                                     -3.333    -1.757 r  clk_wiz_inst/clocking_wizard_i/clk_wiz_0/inst/mmcm_adv_inst/CLKOUT0
                         net (fo=1, routed)           1.661    -0.096    clk_wiz_inst/clocking_wizard_i/clk_wiz_0/inst/clk_out1_clocking_wizard_clk_wiz_0_0
    BUFGCTRL_X0Y1        BUFG (Prop_bufg_I_O)         0.096    -0.000 r  clk_wiz_inst/clocking_wizard_i/clk_wiz_0/inst/clkout1_buf/O
                         net (fo=139, routed)         1.637     1.637    square_inst/CLK
    SLICE_X0Y7           FDCE                                         r  square_inst/sq_x_reg[3]/C
  -------------------------------------------------------------------    -------------------
    SLICE_X0Y7           FDCE (Prop_fdce_C_Q)         0.456     2.093 r  square_inst/sq_x_reg[3]/Q
                         net (fo=31, routed)          1.687     3.781    square_inst/sq_x_reg[9]_0[2]
    SLICE_X2Y12          LUT6 (Prop_lut6_I5_O)        0.124     3.905 r  square_inst/vgaRed_OBUF[3]_inst_i_37/O
                         net (fo=26, routed)          1.784     5.689    square_inst/vgaRed_OBUF[3]_inst_i_37_n_0
    SLICE_X2Y14          LUT2 (Prop_lut2_I1_O)        0.124     5.813 r  square_inst/vgaRed_OBUF[3]_inst_i_124/O
                         net (fo=8, routed)           1.016     6.829    food_inst/overlap_d_reg_i_66_0
    SLICE_X4Y14          LUT6 (Prop_lut6_I0_O)        0.124     6.953 r  food_inst/overlap_d_i_170/O
                         net (fo=1, routed)           0.000     6.953    food_inst/overlap_d_i_170_n_0
    SLICE_X4Y14          CARRY4 (Prop_carry4_S[3]_CO[3])
                                                      0.401     7.354 r  food_inst/overlap_d_reg_i_74/CO[3]
                         net (fo=1, routed)           0.000     7.354    square_inst/overlap_d_i_4_1[0]
    SLICE_X4Y15          CARRY4 (Prop_carry4_CI_CO[0])
                                                      0.271     7.625 r  square_inst/overlap_d_reg_i_21/CO[0]
                         net (fo=1, routed)           0.960     8.585    square_inst/food_inst/in_wrap1
    SLICE_X7Y15          LUT4 (Prop_lut4_I3_O)        0.373     8.958 r  square_inst/overlap_d_i_4/O
                         net (fo=2, routed)           1.036     9.993    food_inst/color_sel_reg[0]_P_0
    SLICE_X8Y16          LUT6 (Prop_lut6_I2_O)        0.124    10.117 r  food_inst/fy[8]_P_i_1/O
                         net (fo=42, routed)          2.153    12.270    food_inst/eaten_pulse
    SLICE_X14Y18         FDPE                                         r  food_inst/fy_reg[0]_P/CE
  -------------------------------------------------------------------    -------------------

                         (clock clk_out1_clocking_wizard_clk_wiz_0_0 rise edge)
                                                     39.725    39.725 r  
    BUFGCTRL_X0Y0        BUFG                         0.000    39.725 r  clk_100MHz_IBUF_BUFG_inst/O
                         net (fo=424, routed)         1.457    41.182    clk_wiz_inst/clocking_wizard_i/clk_wiz_0/inst/clk_in1
    MMCME2_ADV_X1Y0      MMCME2_ADV (Prop_mmcme2_adv_CLKIN1_CLKOUT0)
                                                     -3.129    38.053 r  clk_wiz_inst/clocking_wizard_i/clk_wiz_0/inst/mmcm_adv_inst/CLKOUT0
                         net (fo=1, routed)           1.581    39.634    clk_wiz_inst/clocking_wizard_i/clk_wiz_0/inst/clk_out1_clocking_wizard_clk_wiz_0_0
    BUFGCTRL_X0Y1        BUFG (Prop_bufg_I_O)         0.091    39.725 r  clk_wiz_inst/clocking_wizard_i/clk_wiz_0/inst/clkout1_buf/O
                         net (fo=139, routed)         1.440    41.165    food_inst/CLK
    SLICE_X14Y18         FDPE                                         r  food_inst/fy_reg[0]_P/C
                         clock pessimism              0.080    41.245    
                         clock uncertainty           -0.164    41.082    
    SLICE_X14Y18         FDPE (Setup_fdpe_C_CE)      -0.169    40.913    food_inst/fy_reg[0]_P
  -------------------------------------------------------------------
                         required time                         40.913    
                         arrival time                         -12.270    
  -------------------------------------------------------------------
                         slack                                 28.643    

Slack (MET) :             28.650ns  (required time - arrival time)
  Source:                 square_inst/sq_x_reg[3]/C
                            (rising edge-triggered cell FDCE clocked by clk_out1_clocking_wizard_clk_wiz_0_0  {rise@0.000ns fall@19.863ns period=39.725ns})
  Destination:            food_inst/color_sel_reg[0]_C/D
                            (rising edge-triggered cell FDCE clocked by clk_out1_clocking_wizard_clk_wiz_0_0  {rise@0.000ns fall@19.863ns period=39.725ns})
  Path Group:             clk_out1_clocking_wizard_clk_wiz_0_0
  Path Type:              Setup (Max at Slow Process Corner)
  Requirement:            39.725ns  (clk_out1_clocking_wizard_clk_wiz_0_0 rise@39.725ns - clk_out1_clocking_wizard_clk_wiz_0_0 rise@0.000ns)
  Data Path Delay:        10.903ns  (logic 2.121ns (19.454%)  route 8.782ns (80.546%))
  Logic Levels:           8  (CARRY4=2 LUT2=1 LUT4=1 LUT5=1 LUT6=3)
  Clock Path Skew:        -0.038ns (DCD - SCD + CPR)
    Destination Clock Delay (DCD):    1.505ns = ( 41.230 - 39.725 ) 
    Source Clock Delay      (SCD):    1.637ns
    Clock Pessimism Removal (CPR):    0.094ns
  Clock Uncertainty:      0.164ns  ((TSJ^2 + DJ^2)^1/2) / 2 + PE
    Total System Jitter     (TSJ):    0.071ns
    Discrete Jitter          (DJ):    0.320ns
    Phase Error              (PE):    0.000ns

    Location             Delay type                Incr(ns)  Path(ns)    Netlist Resource(s)
  -------------------------------------------------------------------    -------------------
                         (clock clk_out1_clocking_wizard_clk_wiz_0_0 rise edge)
                                                      0.000     0.000 r  
    BUFGCTRL_X0Y0        BUFG                         0.000     0.000 r  clk_100MHz_IBUF_BUFG_inst/O
                         net (fo=424, routed)         1.575     1.575    clk_wiz_inst/clocking_wizard_i/clk_wiz_0/inst/clk_in1
    MMCME2_ADV_X1Y0      MMCME2_ADV (Prop_mmcme2_adv_CLKIN1_CLKOUT0)
                                                     -3.333    -1.757 r  clk_wiz_inst/clocking_wizard_i/clk_wiz_0/inst/mmcm_adv_inst/CLKOUT0
                         net (fo=1, routed)           1.661    -0.096    clk_wiz_inst/clocking_wizard_i/clk_wiz_0/inst/clk_out1_clocking_wizard_clk_wiz_0_0
    BUFGCTRL_X0Y1        BUFG (Prop_bufg_I_O)         0.096    -0.000 r  clk_wiz_inst/clocking_wizard_i/clk_wiz_0/inst/clkout1_buf/O
                         net (fo=139, routed)         1.637     1.637    square_inst/CLK
    SLICE_X0Y7           FDCE                                         r  square_inst/sq_x_reg[3]/C
  -------------------------------------------------------------------    -------------------
    SLICE_X0Y7           FDCE (Prop_fdce_C_Q)         0.456     2.093 r  square_inst/sq_x_reg[3]/Q
                         net (fo=31, routed)          1.687     3.781    square_inst/sq_x_reg[9]_0[2]
    SLICE_X2Y12          LUT6 (Prop_lut6_I5_O)        0.124     3.905 r  square_inst/vgaRed_OBUF[3]_inst_i_37/O
                         net (fo=26, routed)          1.784     5.689    square_inst/vgaRed_OBUF[3]_inst_i_37_n_0
    SLICE_X2Y14          LUT2 (Prop_lut2_I1_O)        0.124     5.813 r  square_inst/vgaRed_OBUF[3]_inst_i_124/O
                         net (fo=8, routed)           1.016     6.829    food_inst/overlap_d_reg_i_66_0
    SLICE_X4Y14          LUT6 (Prop_lut6_I0_O)        0.124     6.953 r  food_inst/overlap_d_i_170/O
                         net (fo=1, routed)           0.000     6.953    food_inst/overlap_d_i_170_n_0
    SLICE_X4Y14          CARRY4 (Prop_carry4_S[3]_CO[3])
                                                      0.401     7.354 r  food_inst/overlap_d_reg_i_74/CO[3]
                         net (fo=1, routed)           0.000     7.354    square_inst/overlap_d_i_4_1[0]
    SLICE_X4Y15          CARRY4 (Prop_carry4_CI_CO[0])
                                                      0.271     7.625 r  square_inst/overlap_d_reg_i_21/CO[0]
                         net (fo=1, routed)           0.960     8.585    square_inst/food_inst/in_wrap1
    SLICE_X7Y15          LUT4 (Prop_lut4_I3_O)        0.373     8.958 r  square_inst/overlap_d_i_4/O
                         net (fo=2, routed)           1.036     9.993    food_inst/color_sel_reg[0]_P_0
    SLICE_X8Y16          LUT6 (Prop_lut6_I2_O)        0.124    10.117 r  food_inst/fy[8]_P_i_1/O
                         net (fo=42, routed)          2.299    12.416    food_inst/eaten_pulse
    SLICE_X3Y22          LUT5 (Prop_lut5_I3_O)        0.124    12.540 r  food_inst/color_sel[0]_C_i_1/O
                         net (fo=1, routed)           0.000    12.540    food_inst/color_sel[0]_C_i_1_n_0
    SLICE_X3Y22          FDCE                                         r  food_inst/color_sel_reg[0]_C/D
  -------------------------------------------------------------------    -------------------

                         (clock clk_out1_clocking_wizard_clk_wiz_0_0 rise edge)
                                                     39.725    39.725 r  
    BUFGCTRL_X0Y0        BUFG                         0.000    39.725 r  clk_100MHz_IBUF_BUFG_inst/O
                         net (fo=424, routed)         1.457    41.182    clk_wiz_inst/clocking_wizard_i/clk_wiz_0/inst/clk_in1
    MMCME2_ADV_X1Y0      MMCME2_ADV (Prop_mmcme2_adv_CLKIN1_CLKOUT0)
                                                     -3.129    38.053 r  clk_wiz_inst/clocking_wizard_i/clk_wiz_0/inst/mmcm_adv_inst/CLKOUT0
                         net (fo=1, routed)           1.581    39.634    clk_wiz_inst/clocking_wizard_i/clk_wiz_0/inst/clk_out1_clocking_wizard_clk_wiz_0_0
    BUFGCTRL_X0Y1        BUFG (Prop_bufg_I_O)         0.091    39.725 r  clk_wiz_inst/clocking_wizard_i/clk_wiz_0/inst/clkout1_buf/O
                         net (fo=139, routed)         1.505    41.230    food_inst/CLK
    SLICE_X3Y22          FDCE                                         r  food_inst/color_sel_reg[0]_C/C
                         clock pessimism              0.094    41.324    
                         clock uncertainty           -0.164    41.161    
    SLICE_X3Y22          FDCE (Setup_fdce_C_D)        0.029    41.190    food_inst/color_sel_reg[0]_C
  -------------------------------------------------------------------
                         required time                         41.190    
                         arrival time                         -12.540    
  -------------------------------------------------------------------
                         slack                                 28.650    





Min Delay Paths
--------------------------------------------------------------------------------------
Slack (MET) :             0.131ns  (arrival time - required time)
  Source:                 food_inst/lfsr_reg[14]/C
                            (rising edge-triggered cell FDCE clocked by clk_out1_clocking_wizard_clk_wiz_0_0  {rise@0.000ns fall@19.863ns period=39.725ns})
  Destination:            food_inst/lfsr_reg[15]/D
                            (rising edge-triggered cell FDCE clocked by clk_out1_clocking_wizard_clk_wiz_0_0  {rise@0.000ns fall@19.863ns period=39.725ns})
  Path Group:             clk_out1_clocking_wizard_clk_wiz_0_0
  Path Type:              Hold (Min at Fast Process Corner)
  Requirement:            0.000ns  (clk_out1_clocking_wizard_clk_wiz_0_0 rise@0.000ns - clk_out1_clocking_wizard_clk_wiz_0_0 rise@0.000ns)
  Data Path Delay:        0.209ns  (logic 0.141ns (67.454%)  route 0.068ns (32.546%))
  Logic Levels:           0  
  Clock Path Skew:        0.000ns (DCD - SCD - CPR)
    Destination Clock Delay (DCD):    0.826ns
    Source Clock Delay      (SCD):    0.558ns
    Clock Pessimism Removal (CPR):    0.268ns

    Location             Delay type                Incr(ns)  Path(ns)    Netlist Resource(s)
  -------------------------------------------------------------------    -------------------
                         (clock clk_out1_clocking_wizard_clk_wiz_0_0 rise edge)
                                                      0.000     0.000 r  
    BUFGCTRL_X0Y0        BUFG                         0.000     0.000 r  clk_100MHz_IBUF_BUFG_inst/O
                         net (fo=424, routed)         0.549     0.549    clk_wiz_inst/clocking_wizard_i/clk_wiz_0/inst/clk_in1
    MMCME2_ADV_X1Y0      MMCME2_ADV (Prop_mmcme2_adv_CLKIN1_CLKOUT0)
                                                     -1.061    -0.512 r  clk_wiz_inst/clocking_wizard_i/clk_wiz_0/inst/mmcm_adv_inst/CLKOUT0
                         net (fo=1, routed)           0.486    -0.026    clk_wiz_inst/clocking_wizard_i/clk_wiz_0/inst/clk_out1_clocking_wizard_clk_wiz_0_0
    BUFGCTRL_X0Y1        BUFG (Prop_bufg_I_O)         0.026     0.000 r  clk_wiz_inst/clocking_wizard_i/clk_wiz_0/inst/clkout1_buf/O
                         net (fo=139, routed)         0.558     0.558    food_inst/CLK
    SLICE_X11Y19         FDCE                                         r  food_inst/lfsr_reg[14]/C
  -------------------------------------------------------------------    -------------------
    SLICE_X11Y19         FDCE (Prop_fdce_C_Q)         0.141     0.699 r  food_inst/lfsr_reg[14]/Q
                         net (fo=3, routed)           0.068     0.767    food_inst/lfsr_reg_n_0_[14]
    SLICE_X11Y19         FDCE                                         r  food_inst/lfsr_reg[15]/D
  -------------------------------------------------------------------    -------------------

                         (clock clk_out1_clocking_wizard_clk_wiz_0_0 rise edge)
                                                      0.000     0.000 r  
    BUFGCTRL_X0Y0        BUFG                         0.000     0.000 r  clk_100MHz_IBUF_BUFG_inst/O
                         net (fo=424, routed)         0.817     0.817    clk_wiz_inst/clocking_wizard_i/clk_wiz_0/inst/clk_in1
    MMCME2_ADV_X1Y0      MMCME2_ADV (Prop_mmcme2_adv_CLKIN1_CLKOUT0)
                                                     -1.375    -0.559 r  clk_wiz_inst/clocking_wizard_i/clk_wiz_0/inst/mmcm_adv_inst/CLKOUT0
                         net (fo=1, routed)           0.530    -0.029    clk_wiz_inst/clocking_wizard_i/clk_wiz_0/inst/clk_out1_clocking_wizard_clk_wiz_0_0
    BUFGCTRL_X0Y1        BUFG (Prop_bufg_I_O)         0.029     0.000 r  clk_wiz_inst/clocking_wizard_i/clk_wiz_0/inst/clkout1_buf/O
                         net (fo=139, routed)         0.826     0.826    food_inst/CLK
    SLICE_X11Y19         FDCE                                         r  food_inst/lfsr_reg[15]/C
                         clock pessimism             -0.268     0.558    
    SLICE_X11Y19         FDCE (Hold_fdce_C_D)         0.078     0.636    food_inst/lfsr_reg[15]
  -------------------------------------------------------------------
                         required time                         -0.636    
                         arrival time                           0.767    
  -------------------------------------------------------------------
                         slack                                  0.131    

Slack (MET) :             0.194ns  (arrival time - required time)
  Source:                 food_inst/lfsr_reg[8]/C
                            (rising edge-triggered cell FDCE clocked by clk_out1_clocking_wizard_clk_wiz_0_0  {rise@0.000ns fall@19.863ns period=39.725ns})
  Destination:            food_inst/lfsr_reg[9]/D
                            (rising edge-triggered cell FDPE clocked by clk_out1_clocking_wizard_clk_wiz_0_0  {rise@0.000ns fall@19.863ns period=39.725ns})
  Path Group:             clk_out1_clocking_wizard_clk_wiz_0_0
  Path Type:              Hold (Min at Fast Process Corner)
  Requirement:            0.000ns  (clk_out1_clocking_wizard_clk_wiz_0_0 rise@0.000ns - clk_out1_clocking_wizard_clk_wiz_0_0 rise@0.000ns)
  Data Path Delay:        0.281ns  (logic 0.141ns (50.158%)  route 0.140ns (49.842%))
  Logic Levels:           0  
  Clock Path Skew:        0.015ns (DCD - SCD - CPR)
    Destination Clock Delay (DCD):    0.855ns
    Source Clock Delay      (SCD):    0.585ns
    Clock Pessimism Removal (CPR):    0.255ns

    Location             Delay type                Incr(ns)  Path(ns)    Netlist Resource(s)
  -------------------------------------------------------------------    -------------------
                         (clock clk_out1_clocking_wizard_clk_wiz_0_0 rise edge)
                                                      0.000     0.000 r  
    BUFGCTRL_X0Y0        BUFG                         0.000     0.000 r  clk_100MHz_IBUF_BUFG_inst/O
                         net (fo=424, routed)         0.549     0.549    clk_wiz_inst/clocking_wizard_i/clk_wiz_0/inst/clk_in1
    MMCME2_ADV_X1Y0      MMCME2_ADV (Prop_mmcme2_adv_CLKIN1_CLKOUT0)
                                                     -1.061    -0.512 r  clk_wiz_inst/clocking_wizard_i/clk_wiz_0/inst/mmcm_adv_inst/CLKOUT0
                         net (fo=1, routed)           0.486    -0.026    clk_wiz_inst/clocking_wizard_i/clk_wiz_0/inst/clk_out1_clocking_wizard_clk_wiz_0_0
    BUFGCTRL_X0Y1        BUFG (Prop_bufg_I_O)         0.026     0.000 r  clk_wiz_inst/clocking_wizard_i/clk_wiz_0/inst/clkout1_buf/O
                         net (fo=139, routed)         0.585     0.585    food_inst/CLK
    SLICE_X3Y21          FDCE                                         r  food_inst/lfsr_reg[8]/C
  -------------------------------------------------------------------    -------------------
    SLICE_X3Y21          FDCE (Prop_fdce_C_Q)         0.141     0.726 r  food_inst/lfsr_reg[8]/Q
                         net (fo=7, routed)           0.140     0.866    food_inst/lfsr_reg_n_0_[8]
    SLICE_X3Y20          FDPE                                         r  food_inst/lfsr_reg[9]/D
  -------------------------------------------------------------------    -------------------

                         (clock clk_out1_clocking_wizard_clk_wiz_0_0 rise edge)
                                                      0.000     0.000 r  
    BUFGCTRL_X0Y0        BUFG                         0.000     0.000 r  clk_100MHz_IBUF_BUFG_inst/O
                         net (fo=424, routed)         0.817     0.817    clk_wiz_inst/clocking_wizard_i/clk_wiz_0/inst/clk_in1
    MMCME2_ADV_X1Y0      MMCME2_ADV (Prop_mmcme2_adv_CLKIN1_CLKOUT0)
                                                     -1.375    -0.559 r  clk_wiz_inst/clocking_wizard_i/clk_wiz_0/inst/mmcm_adv_inst/CLKOUT0
                         net (fo=1, routed)           0.530    -0.029    clk_wiz_inst/clocking_wizard_i/clk_wiz_0/inst/clk_out1_clocking_wizard_clk_wiz_0_0
    BUFGCTRL_X0Y1        BUFG (Prop_bufg_I_O)         0.029     0.000 r  clk_wiz_inst/clocking_wizard_i/clk_wiz_0/inst/clkout1_buf/O
                         net (fo=139, routed)         0.855     0.855    food_inst/CLK
    SLICE_X3Y20          FDPE                                         r  food_inst/lfsr_reg[9]/C
                         clock pessimism             -0.255     0.600    
    SLICE_X3Y20          FDPE (Hold_fdpe_C_D)         0.072     0.672    food_inst/lfsr_reg[9]
  -------------------------------------------------------------------
                         required time                         -0.672    
                         arrival time                           0.866    
  -------------------------------------------------------------------
                         slack                                  0.194    

Slack (MET) :             0.198ns  (arrival time - required time)
  Source:                 square_inst/v_count_reg[1]/C
                            (rising edge-triggered cell FDCE clocked by clk_out1_clocking_wizard_clk_wiz_0_0  {rise@0.000ns fall@19.863ns period=39.725ns})
  Destination:            square_inst/v_count_reg[5]/D
                            (rising edge-triggered cell FDCE clocked by clk_out1_clocking_wizard_clk_wiz_0_0  {rise@0.000ns fall@19.863ns period=39.725ns})
  Path Group:             clk_out1_clocking_wizard_clk_wiz_0_0
  Path Type:              Hold (Min at Fast Process Corner)
  Requirement:            0.000ns  (clk_out1_clocking_wizard_clk_wiz_0_0 rise@0.000ns - clk_out1_clocking_wizard_clk_wiz_0_0 rise@0.000ns)
  Data Path Delay:        0.355ns  (logic 0.186ns (52.364%)  route 0.169ns (47.636%))
  Logic Levels:           1  (LUT6=1)
  Clock Path Skew:        0.036ns (DCD - SCD - CPR)
    Destination Clock Delay (DCD):    0.834ns
    Source Clock Delay      (SCD):    0.564ns
    Clock Pessimism Removal (CPR):    0.234ns

    Location             Delay type                Incr(ns)  Path(ns)    Netlist Resource(s)
  -------------------------------------------------------------------    -------------------
                         (clock clk_out1_clocking_wizard_clk_wiz_0_0 rise edge)
                                                      0.000     0.000 r  
    BUFGCTRL_X0Y0        BUFG                         0.000     0.000 r  clk_100MHz_IBUF_BUFG_inst/O
                         net (fo=424, routed)         0.549     0.549    clk_wiz_inst/clocking_wizard_i/clk_wiz_0/inst/clk_in1
    MMCME2_ADV_X1Y0      MMCME2_ADV (Prop_mmcme2_adv_CLKIN1_CLKOUT0)
                                                     -1.061    -0.512 r  clk_wiz_inst/clocking_wizard_i/clk_wiz_0/inst/mmcm_adv_inst/CLKOUT0
                         net (fo=1, routed)           0.486    -0.026    clk_wiz_inst/clocking_wizard_i/clk_wiz_0/inst/clk_out1_clocking_wizard_clk_wiz_0_0
    BUFGCTRL_X0Y1        BUFG (Prop_bufg_I_O)         0.026     0.000 r  clk_wiz_inst/clocking_wizard_i/clk_wiz_0/inst/clkout1_buf/O
                         net (fo=139, routed)         0.564     0.564    square_inst/CLK
    SLICE_X9Y10          FDCE                                         r  square_inst/v_count_reg[1]/C
  -------------------------------------------------------------------    -------------------
    SLICE_X9Y10          FDCE (Prop_fdce_C_Q)         0.141     0.705 r  square_inst/v_count_reg[1]/Q
                         net (fo=14, routed)          0.169     0.874    square_inst/v_count_reg_n_0_[1]
    SLICE_X10Y10         LUT6 (Prop_lut6_I3_O)        0.045     0.919 r  square_inst/v_count[5]_i_1__0/O
                         net (fo=1, routed)           0.000     0.919    square_inst/v_count[5]_i_1__0_n_0
    SLICE_X10Y10         FDCE                                         r  square_inst/v_count_reg[5]/D
  -------------------------------------------------------------------    -------------------

                         (clock clk_out1_clocking_wizard_clk_wiz_0_0 rise edge)
                                                      0.000     0.000 r  
    BUFGCTRL_X0Y0        BUFG                         0.000     0.000 r  clk_100MHz_IBUF_BUFG_inst/O
                         net (fo=424, routed)         0.817     0.817    clk_wiz_inst/clocking_wizard_i/clk_wiz_0/inst/clk_in1
    MMCME2_ADV_X1Y0      MMCME2_ADV (Prop_mmcme2_adv_CLKIN1_CLKOUT0)
                                                     -1.375    -0.559 r  clk_wiz_inst/clocking_wizard_i/clk_wiz_0/inst/mmcm_adv_inst/CLKOUT0
                         net (fo=1, routed)           0.530    -0.029    clk_wiz_inst/clocking_wizard_i/clk_wiz_0/inst/clk_out1_clocking_wizard_clk_wiz_0_0
    BUFGCTRL_X0Y1        BUFG (Prop_bufg_I_O)         0.029     0.000 r  clk_wiz_inst/clocking_wizard_i/clk_wiz_0/inst/clkout1_buf/O
                         net (fo=139, routed)         0.834     0.834    square_inst/CLK
    SLICE_X10Y10         FDCE                                         r  square_inst/v_count_reg[5]/C
                         clock pessimism             -0.234     0.600    
    SLICE_X10Y10         FDCE (Hold_fdce_C_D)         0.121     0.721    square_inst/v_count_reg[5]
  -------------------------------------------------------------------
                         required time                         -0.721    
                         arrival time                           0.919    
  -------------------------------------------------------------------
                         slack                                  0.198    

Slack (MET) :             0.199ns  (arrival time - required time)
  Source:                 vga_inst/h_count_reg[0]/C
                            (rising edge-triggered cell FDCE clocked by clk_out1_clocking_wizard_clk_wiz_0_0  {rise@0.000ns fall@19.863ns period=39.725ns})
  Destination:            vga_inst/h_count_reg[3]/D
                            (rising edge-triggered cell FDCE clocked by clk_out1_clocking_wizard_clk_wiz_0_0  {rise@0.000ns fall@19.863ns period=39.725ns})
  Path Group:             clk_out1_clocking_wizard_clk_wiz_0_0
  Path Type:              Hold (Min at Fast Process Corner)
  Requirement:            0.000ns  (clk_out1_clocking_wizard_clk_wiz_0_0 rise@0.000ns - clk_out1_clocking_wizard_clk_wiz_0_0 rise@0.000ns)
  Data Path Delay:        0.319ns  (logic 0.189ns (59.214%)  route 0.130ns (40.786%))
  Logic Levels:           1  (LUT5=1)
  Clock Path Skew:        0.013ns (DCD - SCD - CPR)
    Destination Clock Delay (DCD):    0.851ns
    Source Clock Delay      (SCD):    0.583ns
    Clock Pessimism Removal (CPR):    0.255ns

    Location             Delay type                Incr(ns)  Path(ns)    Netlist Resource(s)
  -------------------------------------------------------------------    -------------------
                         (clock clk_out1_clocking_wizard_clk_wiz_0_0 rise edge)
                                                      0.000     0.000 r  
    BUFGCTRL_X0Y0        BUFG                         0.000     0.000 r  clk_100MHz_IBUF_BUFG_inst/O
                         net (fo=424, routed)         0.549     0.549    clk_wiz_inst/clocking_wizard_i/clk_wiz_0/inst/clk_in1
    MMCME2_ADV_X1Y0      MMCME2_ADV (Prop_mmcme2_adv_CLKIN1_CLKOUT0)
                                                     -1.061    -0.512 r  clk_wiz_inst/clocking_wizard_i/clk_wiz_0/inst/mmcm_adv_inst/CLKOUT0
                         net (fo=1, routed)           0.486    -0.026    clk_wiz_inst/clocking_wizard_i/clk_wiz_0/inst/clk_out1_clocking_wizard_clk_wiz_0_0
    BUFGCTRL_X0Y1        BUFG (Prop_bufg_I_O)         0.026     0.000 r  clk_wiz_inst/clocking_wizard_i/clk_wiz_0/inst/clkout1_buf/O
                         net (fo=139, routed)         0.583     0.583    vga_inst/CLK
    SLICE_X5Y22          FDCE                                         r  vga_inst/h_count_reg[0]/C
  -------------------------------------------------------------------    -------------------
    SLICE_X5Y22          FDCE (Prop_fdce_C_Q)         0.141     0.724 r  vga_inst/h_count_reg[0]/Q
                         net (fo=6, routed)           0.130     0.854    vga_inst/h_count_reg_n_0_[0]
    SLICE_X4Y22          LUT5 (Prop_lut5_I3_O)        0.048     0.902 r  vga_inst/h_count[3]_i_1/O
                         net (fo=1, routed)           0.000     0.902    vga_inst/h_count[3]
    SLICE_X4Y22          FDCE                                         r  vga_inst/h_count_reg[3]/D
  -------------------------------------------------------------------    -------------------

                         (clock clk_out1_clocking_wizard_clk_wiz_0_0 rise edge)
                                                      0.000     0.000 r  
    BUFGCTRL_X0Y0        BUFG                         0.000     0.000 r  clk_100MHz_IBUF_BUFG_inst/O
                         net (fo=424, routed)         0.817     0.817    clk_wiz_inst/clocking_wizard_i/clk_wiz_0/inst/clk_in1
    MMCME2_ADV_X1Y0      MMCME2_ADV (Prop_mmcme2_adv_CLKIN1_CLKOUT0)
                                                     -1.375    -0.559 r  clk_wiz_inst/clocking_wizard_i/clk_wiz_0/inst/mmcm_adv_inst/CLKOUT0
                         net (fo=1, routed)           0.530    -0.029    clk_wiz_inst/clocking_wizard_i/clk_wiz_0/inst/clk_out1_clocking_wizard_clk_wiz_0_0
    BUFGCTRL_X0Y1        BUFG (Prop_bufg_I_O)         0.029     0.000 r  clk_wiz_inst/clocking_wizard_i/clk_wiz_0/inst/clkout1_buf/O
                         net (fo=139, routed)         0.851     0.851    vga_inst/CLK
    SLICE_X4Y22          FDCE                                         r  vga_inst/h_count_reg[3]/C
                         clock pessimism             -0.255     0.596    
    SLICE_X4Y22          FDCE (Hold_fdce_C_D)         0.107     0.703    vga_inst/h_count_reg[3]
  -------------------------------------------------------------------
                         required time                         -0.703    
                         arrival time                           0.902    
  -------------------------------------------------------------------
                         slack                                  0.199    

Slack (MET) :             0.210ns  (arrival time - required time)
  Source:                 square_inst/v_count_reg[2]/C
                            (rising edge-triggered cell FDCE clocked by clk_out1_clocking_wizard_clk_wiz_0_0  {rise@0.000ns fall@19.863ns period=39.725ns})
  Destination:            square_inst/v_count_reg[6]/D
                            (rising edge-triggered cell FDCE clocked by clk_out1_clocking_wizard_clk_wiz_0_0  {rise@0.000ns fall@19.863ns period=39.725ns})
  Path Group:             clk_out1_clocking_wizard_clk_wiz_0_0
  Path Type:              Hold (Min at Fast Process Corner)
  Requirement:            0.000ns  (clk_out1_clocking_wizard_clk_wiz_0_0 rise@0.000ns - clk_out1_clocking_wizard_clk_wiz_0_0 rise@0.000ns)
  Data Path Delay:        0.343ns  (logic 0.186ns (54.236%)  route 0.157ns (45.764%))
  Logic Levels:           1  (LUT6=1)
  Clock Path Skew:        0.013ns (DCD - SCD - CPR)
    Destination Clock Delay (DCD):    0.834ns
    Source Clock Delay      (SCD):    0.564ns
    Clock Pessimism Removal (CPR):    0.257ns

    Location             Delay type                Incr(ns)  Path(ns)    Netlist Resource(s)
  -------------------------------------------------------------------    -------------------
                         (clock clk_out1_clocking_wizard_clk_wiz_0_0 rise edge)
                                                      0.000     0.000 r  
    BUFGCTRL_X0Y0        BUFG                         0.000     0.000 r  clk_100MHz_IBUF_BUFG_inst/O
                         net (fo=424, routed)         0.549     0.549    clk_wiz_inst/clocking_wizard_i/clk_wiz_0/inst/clk_in1
    MMCME2_ADV_X1Y0      MMCME2_ADV (Prop_mmcme2_adv_CLKIN1_CLKOUT0)
                                                     -1.061    -0.512 r  clk_wiz_inst/clocking_wizard_i/clk_wiz_0/inst/mmcm_adv_inst/CLKOUT0
                         net (fo=1, routed)           0.486    -0.026    clk_wiz_inst/clocking_wizard_i/clk_wiz_0/inst/clk_out1_clocking_wizard_clk_wiz_0_0
    BUFGCTRL_X0Y1        BUFG (Prop_bufg_I_O)         0.026     0.000 r  clk_wiz_inst/clocking_wizard_i/clk_wiz_0/inst/clkout1_buf/O
                         net (fo=139, routed)         0.564     0.564    square_inst/CLK
    SLICE_X11Y10         FDCE                                         r  square_inst/v_count_reg[2]/C
  -------------------------------------------------------------------    -------------------
    SLICE_X11Y10         FDCE (Prop_fdce_C_Q)         0.141     0.705 r  square_inst/v_count_reg[2]/Q
                         net (fo=14, routed)          0.157     0.862    square_inst/v_count_reg_n_0_[2]
    SLICE_X10Y10         LUT6 (Prop_lut6_I4_O)        0.045     0.907 r  square_inst/v_count[6]_i_1__1/O
                         net (fo=1, routed)           0.000     0.907    square_inst/v_count[6]_i_1__1_n_0
    SLICE_X10Y10         FDCE                                         r  square_inst/v_count_reg[6]/D
  -------------------------------------------------------------------    -------------------

                         (clock clk_out1_clocking_wizard_clk_wiz_0_0 rise edge)
                                                      0.000     0.000 r  
    BUFGCTRL_X0Y0        BUFG                         0.000     0.000 r  clk_100MHz_IBUF_BUFG_inst/O
                         net (fo=424, routed)         0.817     0.817    clk_wiz_inst/clocking_wizard_i/clk_wiz_0/inst/clk_in1
    MMCME2_ADV_X1Y0      MMCME2_ADV (Prop_mmcme2_adv_CLKIN1_CLKOUT0)
                                                     -1.375    -0.559 r  clk_wiz_inst/clocking_wizard_i/clk_wiz_0/inst/mmcm_adv_inst/CLKOUT0
                         net (fo=1, routed)           0.530    -0.029    clk_wiz_inst/clocking_wizard_i/clk_wiz_0/inst/clk_out1_clocking_wizard_clk_wiz_0_0
    BUFGCTRL_X0Y1        BUFG (Prop_bufg_I_O)         0.029     0.000 r  clk_wiz_inst/clocking_wizard_i/clk_wiz_0/inst/clkout1_buf/O
                         net (fo=139, routed)         0.834     0.834    square_inst/CLK
    SLICE_X10Y10         FDCE                                         r  square_inst/v_count_reg[6]/C
                         clock pessimism             -0.257     0.577    
    SLICE_X10Y10         FDCE (Hold_fdce_C_D)         0.120     0.697    square_inst/v_count_reg[6]
  -------------------------------------------------------------------
                         required time                         -0.697    
                         arrival time                           0.907    
  -------------------------------------------------------------------
                         slack                                  0.210    

Slack (MET) :             0.212ns  (arrival time - required time)
  Source:                 vga_inst/h_count_reg[0]/C
                            (rising edge-triggered cell FDCE clocked by clk_out1_clocking_wizard_clk_wiz_0_0  {rise@0.000ns fall@19.863ns period=39.725ns})
  Destination:            vga_inst/h_count_reg[4]/D
                            (rising edge-triggered cell FDCE clocked by clk_out1_clocking_wizard_clk_wiz_0_0  {rise@0.000ns fall@19.863ns period=39.725ns})
  Path Group:             clk_out1_clocking_wizard_clk_wiz_0_0
  Path Type:              Hold (Min at Fast Process Corner)
  Requirement:            0.000ns  (clk_out1_clocking_wizard_clk_wiz_0_0 rise@0.000ns - clk_out1_clocking_wizard_clk_wiz_0_0 rise@0.000ns)
  Data Path Delay:        0.317ns  (logic 0.186ns (58.642%)  route 0.131ns (41.358%))
  Logic Levels:           1  (LUT6=1)
  Clock Path Skew:        0.013ns (DCD - SCD - CPR)
    Destination Clock Delay (DCD):    0.851ns
    Source Clock Delay      (SCD):    0.583ns
    Clock Pessimism Removal (CPR):    0.255ns

    Location             Delay type                Incr(ns)  Path(ns)    Netlist Resource(s)
  -------------------------------------------------------------------    -------------------
                         (clock clk_out1_clocking_wizard_clk_wiz_0_0 rise edge)
                                                      0.000     0.000 r  
    BUFGCTRL_X0Y0        BUFG                         0.000     0.000 r  clk_100MHz_IBUF_BUFG_inst/O
                         net (fo=424, routed)         0.549     0.549    clk_wiz_inst/clocking_wizard_i/clk_wiz_0/inst/clk_in1
    MMCME2_ADV_X1Y0      MMCME2_ADV (Prop_mmcme2_adv_CLKIN1_CLKOUT0)
                                                     -1.061    -0.512 r  clk_wiz_inst/clocking_wizard_i/clk_wiz_0/inst/mmcm_adv_inst/CLKOUT0
                         net (fo=1, routed)           0.486    -0.026    clk_wiz_inst/clocking_wizard_i/clk_wiz_0/inst/clk_out1_clocking_wizard_clk_wiz_0_0
    BUFGCTRL_X0Y1        BUFG (Prop_bufg_I_O)         0.026     0.000 r  clk_wiz_inst/clocking_wizard_i/clk_wiz_0/inst/clkout1_buf/O
                         net (fo=139, routed)         0.583     0.583    vga_inst/CLK
    SLICE_X5Y22          FDCE                                         r  vga_inst/h_count_reg[0]/C
  -------------------------------------------------------------------    -------------------
    SLICE_X5Y22          FDCE (Prop_fdce_C_Q)         0.141     0.724 r  vga_inst/h_count_reg[0]/Q
                         net (fo=6, routed)           0.131     0.855    vga_inst/h_count_reg_n_0_[0]
    SLICE_X4Y22          LUT6 (Prop_lut6_I3_O)        0.045     0.900 r  vga_inst/h_count[4]_i_1/O
                         net (fo=1, routed)           0.000     0.900    vga_inst/h_count[4]
    SLICE_X4Y22          FDCE                                         r  vga_inst/h_count_reg[4]/D
  -------------------------------------------------------------------    -------------------

                         (clock clk_out1_clocking_wizard_clk_wiz_0_0 rise edge)
                                                      0.000     0.000 r  
    BUFGCTRL_X0Y0        BUFG                         0.000     0.000 r  clk_100MHz_IBUF_BUFG_inst/O
                         net (fo=424, routed)         0.817     0.817    clk_wiz_inst/clocking_wizard_i/clk_wiz_0/inst/clk_in1
    MMCME2_ADV_X1Y0      MMCME2_ADV (Prop_mmcme2_adv_CLKIN1_CLKOUT0)
                                                     -1.375    -0.559 r  clk_wiz_inst/clocking_wizard_i/clk_wiz_0/inst/mmcm_adv_inst/CLKOUT0
                         net (fo=1, routed)           0.530    -0.029    clk_wiz_inst/clocking_wizard_i/clk_wiz_0/inst/clk_out1_clocking_wizard_clk_wiz_0_0
    BUFGCTRL_X0Y1        BUFG (Prop_bufg_I_O)         0.029     0.000 r  clk_wiz_inst/clocking_wizard_i/clk_wiz_0/inst/clkout1_buf/O
                         net (fo=139, routed)         0.851     0.851    vga_inst/CLK
    SLICE_X4Y22          FDCE                                         r  vga_inst/h_count_reg[4]/C
                         clock pessimism             -0.255     0.596    
    SLICE_X4Y22          FDCE (Hold_fdce_C_D)         0.092     0.688    vga_inst/h_count_reg[4]
  -------------------------------------------------------------------
                         required time                         -0.688    
                         arrival time                           0.900    
  -------------------------------------------------------------------
                         slack                                  0.212    

Slack (MET) :             0.212ns  (arrival time - required time)
  Source:                 vga_inst/h_count_reg[0]/C
                            (rising edge-triggered cell FDCE clocked by clk_out1_clocking_wizard_clk_wiz_0_0  {rise@0.000ns fall@19.863ns period=39.725ns})
  Destination:            vga_inst/h_count_reg[2]/D
                            (rising edge-triggered cell FDCE clocked by clk_out1_clocking_wizard_clk_wiz_0_0  {rise@0.000ns fall@19.863ns period=39.725ns})
  Path Group:             clk_out1_clocking_wizard_clk_wiz_0_0
  Path Type:              Hold (Min at Fast Process Corner)
  Requirement:            0.000ns  (clk_out1_clocking_wizard_clk_wiz_0_0 rise@0.000ns - clk_out1_clocking_wizard_clk_wiz_0_0 rise@0.000ns)
  Data Path Delay:        0.316ns  (logic 0.186ns (58.827%)  route 0.130ns (41.173%))
  Logic Levels:           1  (LUT4=1)
  Clock Path Skew:        0.013ns (DCD - SCD - CPR)
    Destination Clock Delay (DCD):    0.851ns
    Source Clock Delay      (SCD):    0.583ns
    Clock Pessimism Removal (CPR):    0.255ns

    Location             Delay type                Incr(ns)  Path(ns)    Netlist Resource(s)
  -------------------------------------------------------------------    -------------------
                         (clock clk_out1_clocking_wizard_clk_wiz_0_0 rise edge)
                                                      0.000     0.000 r  
    BUFGCTRL_X0Y0        BUFG                         0.000     0.000 r  clk_100MHz_IBUF_BUFG_inst/O
                         net (fo=424, routed)         0.549     0.549    clk_wiz_inst/clocking_wizard_i/clk_wiz_0/inst/clk_in1
    MMCME2_ADV_X1Y0      MMCME2_ADV (Prop_mmcme2_adv_CLKIN1_CLKOUT0)
                                                     -1.061    -0.512 r  clk_wiz_inst/clocking_wizard_i/clk_wiz_0/inst/mmcm_adv_inst/CLKOUT0
                         net (fo=1, routed)           0.486    -0.026    clk_wiz_inst/clocking_wizard_i/clk_wiz_0/inst/clk_out1_clocking_wizard_clk_wiz_0_0
    BUFGCTRL_X0Y1        BUFG (Prop_bufg_I_O)         0.026     0.000 r  clk_wiz_inst/clocking_wizard_i/clk_wiz_0/inst/clkout1_buf/O
                         net (fo=139, routed)         0.583     0.583    vga_inst/CLK
    SLICE_X5Y22          FDCE                                         r  vga_inst/h_count_reg[0]/C
  -------------------------------------------------------------------    -------------------
    SLICE_X5Y22          FDCE (Prop_fdce_C_Q)         0.141     0.724 r  vga_inst/h_count_reg[0]/Q
                         net (fo=6, routed)           0.130     0.854    vga_inst/h_count_reg_n_0_[0]
    SLICE_X4Y22          LUT4 (Prop_lut4_I2_O)        0.045     0.899 r  vga_inst/h_count[2]_i_1/O
                         net (fo=1, routed)           0.000     0.899    vga_inst/h_count[2]
    SLICE_X4Y22          FDCE                                         r  vga_inst/h_count_reg[2]/D
  -------------------------------------------------------------------    -------------------

                         (clock clk_out1_clocking_wizard_clk_wiz_0_0 rise edge)
                                                      0.000     0.000 r  
    BUFGCTRL_X0Y0        BUFG                         0.000     0.000 r  clk_100MHz_IBUF_BUFG_inst/O
                         net (fo=424, routed)         0.817     0.817    clk_wiz_inst/clocking_wizard_i/clk_wiz_0/inst/clk_in1
    MMCME2_ADV_X1Y0      MMCME2_ADV (Prop_mmcme2_adv_CLKIN1_CLKOUT0)
                                                     -1.375    -0.559 r  clk_wiz_inst/clocking_wizard_i/clk_wiz_0/inst/mmcm_adv_inst/CLKOUT0
                         net (fo=1, routed)           0.530    -0.029    clk_wiz_inst/clocking_wizard_i/clk_wiz_0/inst/clk_out1_clocking_wizard_clk_wiz_0_0
    BUFGCTRL_X0Y1        BUFG (Prop_bufg_I_O)         0.029     0.000 r  clk_wiz_inst/clocking_wizard_i/clk_wiz_0/inst/clkout1_buf/O
                         net (fo=139, routed)         0.851     0.851    vga_inst/CLK
    SLICE_X4Y22          FDCE                                         r  vga_inst/h_count_reg[2]/C
                         clock pessimism             -0.255     0.596    
    SLICE_X4Y22          FDCE (Hold_fdce_C_D)         0.091     0.687    vga_inst/h_count_reg[2]
  -------------------------------------------------------------------
                         required time                         -0.687    
                         arrival time                           0.899    
  -------------------------------------------------------------------
                         slack                                  0.212    

Slack (MET) :             0.235ns  (arrival time - required time)
  Source:                 food_inst/lfsr_reg[2]/C
                            (rising edge-triggered cell FDPE clocked by clk_out1_clocking_wizard_clk_wiz_0_0  {rise@0.000ns fall@19.863ns period=39.725ns})
  Destination:            food_inst/fx_reg[2]_C/D
                            (rising edge-triggered cell FDCE clocked by clk_out1_clocking_wizard_clk_wiz_0_0  {rise@0.000ns fall@19.863ns period=39.725ns})
  Path Group:             clk_out1_clocking_wizard_clk_wiz_0_0
  Path Type:              Hold (Min at Fast Process Corner)
  Requirement:            0.000ns  (clk_out1_clocking_wizard_clk_wiz_0_0 rise@0.000ns - clk_out1_clocking_wizard_clk_wiz_0_0 rise@0.000ns)
  Data Path Delay:        0.370ns  (logic 0.186ns (50.206%)  route 0.184ns (49.794%))
  Logic Levels:           1  (LUT6=1)
  Clock Path Skew:        0.015ns (DCD - SCD - CPR)
    Destination Clock Delay (DCD):    0.856ns
    Source Clock Delay      (SCD):    0.586ns
    Clock Pessimism Removal (CPR):    0.255ns

    Location             Delay type                Incr(ns)  Path(ns)    Netlist Resource(s)
  -------------------------------------------------------------------    -------------------
                         (clock clk_out1_clocking_wizard_clk_wiz_0_0 rise edge)
                                                      0.000     0.000 r  
    BUFGCTRL_X0Y0        BUFG                         0.000     0.000 r  clk_100MHz_IBUF_BUFG_inst/O
                         net (fo=424, routed)         0.549     0.549    clk_wiz_inst/clocking_wizard_i/clk_wiz_0/inst/clk_in1
    MMCME2_ADV_X1Y0      MMCME2_ADV (Prop_mmcme2_adv_CLKIN1_CLKOUT0)
                                                     -1.061    -0.512 r  clk_wiz_inst/clocking_wizard_i/clk_wiz_0/inst/mmcm_adv_inst/CLKOUT0
                         net (fo=1, routed)           0.486    -0.026    clk_wiz_inst/clocking_wizard_i/clk_wiz_0/inst/clk_out1_clocking_wizard_clk_wiz_0_0
    BUFGCTRL_X0Y1        BUFG (Prop_bufg_I_O)         0.026     0.000 r  clk_wiz_inst/clocking_wizard_i/clk_wiz_0/inst/clkout1_buf/O
                         net (fo=139, routed)         0.586     0.586    food_inst/CLK
    SLICE_X3Y20          FDPE                                         r  food_inst/lfsr_reg[2]/C
  -------------------------------------------------------------------    -------------------
    SLICE_X3Y20          FDPE (Prop_fdpe_C_Q)         0.141     0.727 r  food_inst/lfsr_reg[2]/Q
                         net (fo=19, routed)          0.184     0.911    food_inst/lfsr_reg_n_0_[2]
    SLICE_X2Y19          LUT6 (Prop_lut6_I3_O)        0.045     0.956 r  food_inst/fx[2]_C_i_1/O
                         net (fo=1, routed)           0.000     0.956    food_inst/fx[2]_C_i_1_n_0
    SLICE_X2Y19          FDCE                                         r  food_inst/fx_reg[2]_C/D
  -------------------------------------------------------------------    -------------------

                         (clock clk_out1_clocking_wizard_clk_wiz_0_0 rise edge)
                                                      0.000     0.000 r  
    BUFGCTRL_X0Y0        BUFG                         0.000     0.000 r  clk_100MHz_IBUF_BUFG_inst/O
                         net (fo=424, routed)         0.817     0.817    clk_wiz_inst/clocking_wizard_i/clk_wiz_0/inst/clk_in1
    MMCME2_ADV_X1Y0      MMCME2_ADV (Prop_mmcme2_adv_CLKIN1_CLKOUT0)
                                                     -1.375    -0.559 r  clk_wiz_inst/clocking_wizard_i/clk_wiz_0/inst/mmcm_adv_inst/CLKOUT0
                         net (fo=1, routed)           0.530    -0.029    clk_wiz_inst/clocking_wizard_i/clk_wiz_0/inst/clk_out1_clocking_wizard_clk_wiz_0_0
    BUFGCTRL_X0Y1        BUFG (Prop_bufg_I_O)         0.029     0.000 r  clk_wiz_inst/clocking_wizard_i/clk_wiz_0/inst/clkout1_buf/O
                         net (fo=139, routed)         0.856     0.856    food_inst/CLK
    SLICE_X2Y19          FDCE                                         r  food_inst/fx_reg[2]_C/C
                         clock pessimism             -0.255     0.601    
    SLICE_X2Y19          FDCE (Hold_fdce_C_D)         0.120     0.721    food_inst/fx_reg[2]_C
  -------------------------------------------------------------------
                         required time                         -0.721    
                         arrival time                           0.956    
  -------------------------------------------------------------------
                         slack                                  0.235    

Slack (MET) :             0.236ns  (arrival time - required time)
  Source:                 square_inst/v_count_reg[8]/C
                            (rising edge-triggered cell FDCE clocked by clk_out1_clocking_wizard_clk_wiz_0_0  {rise@0.000ns fall@19.863ns period=39.725ns})
  Destination:            square_inst/v_count_reg[9]/D
                            (rising edge-triggered cell FDCE clocked by clk_out1_clocking_wizard_clk_wiz_0_0  {rise@0.000ns fall@19.863ns period=39.725ns})
  Path Group:             clk_out1_clocking_wizard_clk_wiz_0_0
  Path Type:              Hold (Min at Fast Process Corner)
  Requirement:            0.000ns  (clk_out1_clocking_wizard_clk_wiz_0_0 rise@0.000ns - clk_out1_clocking_wizard_clk_wiz_0_0 rise@0.000ns)
  Data Path Delay:        0.328ns  (logic 0.227ns (69.247%)  route 0.101ns (30.753%))
  Logic Levels:           1  (LUT6=1)
  Clock Path Skew:        0.000ns (DCD - SCD - CPR)
    Destination Clock Delay (DCD):    0.834ns
    Source Clock Delay      (SCD):    0.564ns
    Clock Pessimism Removal (CPR):    0.270ns

    Location             Delay type                Incr(ns)  Path(ns)    Netlist Resource(s)
  -------------------------------------------------------------------    -------------------
                         (clock clk_out1_clocking_wizard_clk_wiz_0_0 rise edge)
                                                      0.000     0.000 r  
    BUFGCTRL_X0Y0        BUFG                         0.000     0.000 r  clk_100MHz_IBUF_BUFG_inst/O
                         net (fo=424, routed)         0.549     0.549    clk_wiz_inst/clocking_wizard_i/clk_wiz_0/inst/clk_in1
    MMCME2_ADV_X1Y0      MMCME2_ADV (Prop_mmcme2_adv_CLKIN1_CLKOUT0)
                                                     -1.061    -0.512 r  clk_wiz_inst/clocking_wizard_i/clk_wiz_0/inst/mmcm_adv_inst/CLKOUT0
                         net (fo=1, routed)           0.486    -0.026    clk_wiz_inst/clocking_wizard_i/clk_wiz_0/inst/clk_out1_clocking_wizard_clk_wiz_0_0
    BUFGCTRL_X0Y1        BUFG (Prop_bufg_I_O)         0.026     0.000 r  clk_wiz_inst/clocking_wizard_i/clk_wiz_0/inst/clkout1_buf/O
                         net (fo=139, routed)         0.564     0.564    square_inst/CLK
    SLICE_X11Y11         FDCE                                         r  square_inst/v_count_reg[8]/C
  -------------------------------------------------------------------    -------------------
    SLICE_X11Y11         FDCE (Prop_fdce_C_Q)         0.128     0.692 r  square_inst/v_count_reg[8]/Q
                         net (fo=9, routed)           0.101     0.792    square_inst/v_count_reg_n_0_[8]
    SLICE_X11Y11         LUT6 (Prop_lut6_I4_O)        0.099     0.891 r  square_inst/v_count[9]_i_2__0/O
                         net (fo=1, routed)           0.000     0.891    square_inst/v_count[9]_i_2__0_n_0
    SLICE_X11Y11         FDCE                                         r  square_inst/v_count_reg[9]/D
  -------------------------------------------------------------------    -------------------

                         (clock clk_out1_clocking_wizard_clk_wiz_0_0 rise edge)
                                                      0.000     0.000 r  
    BUFGCTRL_X0Y0        BUFG                         0.000     0.000 r  clk_100MHz_IBUF_BUFG_inst/O
                         net (fo=424, routed)         0.817     0.817    clk_wiz_inst/clocking_wizard_i/clk_wiz_0/inst/clk_in1
    MMCME2_ADV_X1Y0      MMCME2_ADV (Prop_mmcme2_adv_CLKIN1_CLKOUT0)
                                                     -1.375    -0.559 r  clk_wiz_inst/clocking_wizard_i/clk_wiz_0/inst/mmcm_adv_inst/CLKOUT0
                         net (fo=1, routed)           0.530    -0.029    clk_wiz_inst/clocking_wizard_i/clk_wiz_0/inst/clk_out1_clocking_wizard_clk_wiz_0_0
    BUFGCTRL_X0Y1        BUFG (Prop_bufg_I_O)         0.029     0.000 r  clk_wiz_inst/clocking_wizard_i/clk_wiz_0/inst/clkout1_buf/O
                         net (fo=139, routed)         0.834     0.834    square_inst/CLK
    SLICE_X11Y11         FDCE                                         r  square_inst/v_count_reg[9]/C
                         clock pessimism             -0.270     0.564    
    SLICE_X11Y11         FDCE (Hold_fdce_C_D)         0.092     0.656    square_inst/v_count_reg[9]
  -------------------------------------------------------------------
                         required time                         -0.656    
                         arrival time                           0.891    
  -------------------------------------------------------------------
                         slack                                  0.236    

Slack (MET) :             0.242ns  (arrival time - required time)
  Source:                 vga_inst/v_count_reg[7]/C
                            (rising edge-triggered cell FDCE clocked by clk_out1_clocking_wizard_clk_wiz_0_0  {rise@0.000ns fall@19.863ns period=39.725ns})
  Destination:            vga_inst/v_count_reg[8]/D
                            (rising edge-triggered cell FDCE clocked by clk_out1_clocking_wizard_clk_wiz_0_0  {rise@0.000ns fall@19.863ns period=39.725ns})
  Path Group:             clk_out1_clocking_wizard_clk_wiz_0_0
  Path Type:              Hold (Min at Fast Process Corner)
  Requirement:            0.000ns  (clk_out1_clocking_wizard_clk_wiz_0_0 rise@0.000ns - clk_out1_clocking_wizard_clk_wiz_0_0 rise@0.000ns)
  Data Path Delay:        0.363ns  (logic 0.246ns (67.782%)  route 0.117ns (32.218%))
  Logic Levels:           1  (LUT6=1)
  Clock Path Skew:        0.000ns (DCD - SCD - CPR)
    Destination Clock Delay (DCD):    0.850ns
    Source Clock Delay      (SCD):    0.582ns
    Clock Pessimism Removal (CPR):    0.268ns

    Location             Delay type                Incr(ns)  Path(ns)    Netlist Resource(s)
  -------------------------------------------------------------------    -------------------
                         (clock clk_out1_clocking_wizard_clk_wiz_0_0 rise edge)
                                                      0.000     0.000 r  
    BUFGCTRL_X0Y0        BUFG                         0.000     0.000 r  clk_100MHz_IBUF_BUFG_inst/O
                         net (fo=424, routed)         0.549     0.549    clk_wiz_inst/clocking_wizard_i/clk_wiz_0/inst/clk_in1
    MMCME2_ADV_X1Y0      MMCME2_ADV (Prop_mmcme2_adv_CLKIN1_CLKOUT0)
                                                     -1.061    -0.512 r  clk_wiz_inst/clocking_wizard_i/clk_wiz_0/inst/mmcm_adv_inst/CLKOUT0
                         net (fo=1, routed)           0.486    -0.026    clk_wiz_inst/clocking_wizard_i/clk_wiz_0/inst/clk_out1_clocking_wizard_clk_wiz_0_0
    BUFGCTRL_X0Y1        BUFG (Prop_bufg_I_O)         0.026     0.000 r  clk_wiz_inst/clocking_wizard_i/clk_wiz_0/inst/clkout1_buf/O
                         net (fo=139, routed)         0.582     0.582    vga_inst/CLK
    SLICE_X2Y24          FDCE                                         r  vga_inst/v_count_reg[7]/C
  -------------------------------------------------------------------    -------------------
    SLICE_X2Y24          FDCE (Prop_fdce_C_Q)         0.148     0.730 r  vga_inst/v_count_reg[7]/Q
                         net (fo=5, routed)           0.117     0.847    vga_inst/v_count_reg_n_0_[7]
    SLICE_X2Y24          LUT6 (Prop_lut6_I3_O)        0.098     0.945 r  vga_inst/v_count[8]_i_1/O
                         net (fo=1, routed)           0.000     0.945    vga_inst/v_count[8]_i_1_n_0
    SLICE_X2Y24          FDCE                                         r  vga_inst/v_count_reg[8]/D
  -------------------------------------------------------------------    -------------------

                         (clock clk_out1_clocking_wizard_clk_wiz_0_0 rise edge)
                                                      0.000     0.000 r  
    BUFGCTRL_X0Y0        BUFG                         0.000     0.000 r  clk_100MHz_IBUF_BUFG_inst/O
                         net (fo=424, routed)         0.817     0.817    clk_wiz_inst/clocking_wizard_i/clk_wiz_0/inst/clk_in1
    MMCME2_ADV_X1Y0      MMCME2_ADV (Prop_mmcme2_adv_CLKIN1_CLKOUT0)
                                                     -1.375    -0.559 r  clk_wiz_inst/clocking_wizard_i/clk_wiz_0/inst/mmcm_adv_inst/CLKOUT0
                         net (fo=1, routed)           0.530    -0.029    clk_wiz_inst/clocking_wizard_i/clk_wiz_0/inst/clk_out1_clocking_wizard_clk_wiz_0_0
    BUFGCTRL_X0Y1        BUFG (Prop_bufg_I_O)         0.029     0.000 r  clk_wiz_inst/clocking_wizard_i/clk_wiz_0/inst/clkout1_buf/O
                         net (fo=139, routed)         0.850     0.850    vga_inst/CLK
    SLICE_X2Y24          FDCE                                         r  vga_inst/v_count_reg[8]/C
                         clock pessimism             -0.268     0.582    
    SLICE_X2Y24          FDCE (Hold_fdce_C_D)         0.121     0.703    vga_inst/v_count_reg[8]
  -------------------------------------------------------------------
                         required time                         -0.703    
                         arrival time                           0.945    
  -------------------------------------------------------------------
                         slack                                  0.242    





Pulse Width Checks
--------------------------------------------------------------------------------------
Clock Name:         clk_out1_clocking_wizard_clk_wiz_0_0
Waveform(ns):       { 0.000 19.863 }
Period(ns):         39.725
Sources:            { clk_wiz_inst/clocking_wizard_i/clk_wiz_0/inst/mmcm_adv_inst/CLKOUT0 }

Check Type        Corner  Lib Pin             Reference Pin  Required(ns)  Actual(ns)  Slack(ns)  Location         Pin
Min Period        n/a     BUFG/I              n/a            2.155         39.725      37.570     BUFGCTRL_X0Y1    clk_wiz_inst/clocking_wizard_i/clk_wiz_0/inst/clkout1_buf/I
Min Period        n/a     MMCME2_ADV/CLKOUT0  n/a            1.249         39.725      38.476     MMCME2_ADV_X1Y0  clk_wiz_inst/clocking_wizard_i/clk_wiz_0/inst/mmcm_adv_inst/CLKOUT0
Min Period        n/a     FDCE/C              n/a            1.000         39.725      38.725     SLICE_X3Y22      food_inst/color_sel_reg[0]_C/C
Min Period        n/a     FDPE/C              n/a            1.000         39.725      38.725     SLICE_X2Y21      food_inst/color_sel_reg[0]_P/C
Min Period        n/a     FDCE/C              n/a            1.000         39.725      38.725     SLICE_X1Y22      food_inst/color_sel_reg[1]_C/C
Min Period        n/a     FDPE/C              n/a            1.000         39.725      38.725     SLICE_X4Y21      food_inst/color_sel_reg[1]_P/C
Min Period        n/a     FDCE/C              n/a            1.000         39.725      38.725     SLICE_X0Y17      food_inst/fx_reg[0]_C/C
Min Period        n/a     FDPE/C              n/a            1.000         39.725      38.725     SLICE_X0Y18      food_inst/fx_reg[0]_P/C
Min Period        n/a     FDCE/C              n/a            1.000         39.725      38.725     SLICE_X0Y16      food_inst/fx_reg[1]_C/C
Min Period        n/a     FDPE/C              n/a            1.000         39.725      38.725     SLICE_X4Y16      food_inst/fx_reg[1]_P/C
Max Period        n/a     MMCME2_ADV/CLKOUT0  n/a            213.360       39.725      173.635    MMCME2_ADV_X1Y0  clk_wiz_inst/clocking_wizard_i/clk_wiz_0/inst/mmcm_adv_inst/CLKOUT0
Low Pulse Width   Slow    FDCE/C              n/a            0.500         19.863      19.363     SLICE_X3Y22      food_inst/color_sel_reg[0]_C/C
Low Pulse Width   Fast    FDCE/C              n/a            0.500         19.863      19.363     SLICE_X3Y22      food_inst/color_sel_reg[0]_C/C
Low Pulse Width   Slow    FDPE/C              n/a            0.500         19.863      19.363     SLICE_X2Y21      food_inst/color_sel_reg[0]_P/C
Low Pulse Width   Fast    FDPE/C              n/a            0.500         19.863      19.363     SLICE_X2Y21      food_inst/color_sel_reg[0]_P/C
Low Pulse Width   Slow    FDCE/C              n/a            0.500         19.863      19.363     SLICE_X1Y22      food_inst/color_sel_reg[1]_C/C
Low Pulse Width   Fast    FDCE/C              n/a            0.500         19.863      19.363     SLICE_X1Y22      food_inst/color_sel_reg[1]_C/C
Low Pulse Width   Slow    FDPE/C              n/a            0.500         19.863      19.363     SLICE_X4Y21      food_inst/color_sel_reg[1]_P/C
Low Pulse Width   Fast    FDPE/C              n/a            0.500         19.863      19.363     SLICE_X4Y21      food_inst/color_sel_reg[1]_P/C
Low Pulse Width   Slow    FDCE/C              n/a            0.500         19.863      19.363     SLICE_X0Y17      food_inst/fx_reg[0]_C/C
Low Pulse Width   Fast    FDCE/C              n/a            0.500         19.863      19.363     SLICE_X0Y17      food_inst/fx_reg[0]_C/C
High Pulse Width  Slow    FDCE/C              n/a            0.500         19.863      19.363     SLICE_X3Y22      food_inst/color_sel_reg[0]_C/C
High Pulse Width  Fast    FDCE/C              n/a            0.500         19.863      19.363     SLICE_X3Y22      food_inst/color_sel_reg[0]_C/C
High Pulse Width  Slow    FDPE/C              n/a            0.500         19.863      19.363     SLICE_X2Y21      food_inst/color_sel_reg[0]_P/C
High Pulse Width  Fast    FDPE/C              n/a            0.500         19.863      19.363     SLICE_X2Y21      food_inst/color_sel_reg[0]_P/C
High Pulse Width  Slow    FDCE/C              n/a            0.500         19.863      19.363     SLICE_X1Y22      food_inst/color_sel_reg[1]_C/C
High Pulse Width  Fast    FDCE/C              n/a            0.500         19.863      19.363     SLICE_X1Y22      food_inst/color_sel_reg[1]_C/C
High Pulse Width  Slow    FDPE/C              n/a            0.500         19.863      19.363     SLICE_X4Y21      food_inst/color_sel_reg[1]_P/C
High Pulse Width  Fast    FDPE/C              n/a            0.500         19.863      19.363     SLICE_X4Y21      food_inst/color_sel_reg[1]_P/C
High Pulse Width  Slow    FDCE/C              n/a            0.500         19.863      19.363     SLICE_X0Y17      food_inst/fx_reg[0]_C/C
High Pulse Width  Fast    FDCE/C              n/a            0.500         19.863      19.363     SLICE_X0Y17      food_inst/fx_reg[0]_C/C



---------------------------------------------------------------------------------------------------
From Clock:  clkfbout_clocking_wizard_clk_wiz_0_0
  To Clock:  clkfbout_clocking_wizard_clk_wiz_0_0

Setup :           NA  Failing Endpoints,  Worst Slack           NA  ,  Total Violation           NA
Hold  :           NA  Failing Endpoints,  Worst Slack           NA  ,  Total Violation           NA
PW    :            0  Failing Endpoints,  Worst Slack       37.845ns,  Total Violation        0.000ns
---------------------------------------------------------------------------------------------------


Pulse Width Checks
--------------------------------------------------------------------------------------
Clock Name:         clkfbout_clocking_wizard_clk_wiz_0_0
Waveform(ns):       { 0.000 20.000 }
Period(ns):         40.000
Sources:            { clk_wiz_inst/clocking_wizard_i/clk_wiz_0/inst/mmcm_adv_inst/CLKFBOUT }

Check Type  Corner  Lib Pin              Reference Pin  Required(ns)  Actual(ns)  Slack(ns)  Location         Pin
Min Period  n/a     BUFG/I               n/a            2.155         40.000      37.845     BUFGCTRL_X0Y2    clk_wiz_inst/clocking_wizard_i/clk_wiz_0/inst/clkf_buf/I
Min Period  n/a     MMCME2_ADV/CLKFBOUT  n/a            1.249         40.000      38.751     MMCME2_ADV_X1Y0  clk_wiz_inst/clocking_wizard_i/clk_wiz_0/inst/mmcm_adv_inst/CLKFBOUT
Min Period  n/a     MMCME2_ADV/CLKFBIN   n/a            1.249         40.000      38.751     MMCME2_ADV_X1Y0  clk_wiz_inst/clocking_wizard_i/clk_wiz_0/inst/mmcm_adv_inst/CLKFBIN
Max Period  n/a     MMCME2_ADV/CLKFBIN   n/a            100.000       40.000      60.000     MMCME2_ADV_X1Y0  clk_wiz_inst/clocking_wizard_i/clk_wiz_0/inst/mmcm_adv_inst/CLKFBIN
Max Period  n/a     MMCME2_ADV/CLKFBOUT  n/a            213.360       40.000      173.360    MMCME2_ADV_X1Y0  clk_wiz_inst/clocking_wizard_i/clk_wiz_0/inst/mmcm_adv_inst/CLKFBOUT



---------------------------------------------------------------------------------------------------
From Clock:  sys_clk_pin
  To Clock:  sys_clk_pin

Setup :            0  Failing Endpoints,  Worst Slack        4.521ns,  Total Violation        0.000ns
Hold  :            0  Failing Endpoints,  Worst Slack        0.118ns,  Total Violation        0.000ns
PW    :            0  Failing Endpoints,  Worst Slack        4.500ns,  Total Violation        0.000ns
---------------------------------------------------------------------------------------------------


Max Delay Paths
--------------------------------------------------------------------------------------
Slack (MET) :             4.521ns  (required time - arrival time)
  Source:                 u_accel_monitor/u_accel/delay_cnt_reg[16]/C
                            (rising edge-triggered cell FDCE clocked by sys_clk_pin  {rise@0.000ns fall@5.000ns period=10.000ns})
  Destination:            u_accel_monitor/u_accel/delay_cnt_reg[22]/D
                            (rising edge-triggered cell FDCE clocked by sys_clk_pin  {rise@0.000ns fall@5.000ns period=10.000ns})
  Path Group:             sys_clk_pin
  Path Type:              Setup (Max at Slow Process Corner)
  Requirement:            10.000ns  (sys_clk_pin rise@10.000ns - sys_clk_pin rise@0.000ns)
  Data Path Delay:        5.451ns  (logic 1.211ns (22.217%)  route 4.240ns (77.783%))
  Logic Levels:           5  (LUT2=1 LUT4=1 LUT6=3)
  Clock Path Skew:        -0.025ns (DCD - SCD + CPR)
    Destination Clock Delay (DCD):    4.860ns = ( 14.860 - 10.000 ) 
    Source Clock Delay      (SCD):    5.159ns
    Clock Pessimism Removal (CPR):    0.274ns
  Clock Uncertainty:      0.035ns  ((TSJ^2 + TIJ^2)^1/2 + DJ) / 2 + PE
    Total System Jitter     (TSJ):    0.071ns
    Total Input Jitter      (TIJ):    0.000ns
    Discrete Jitter          (DJ):    0.000ns
    Phase Error              (PE):    0.000ns

    Location             Delay type                Incr(ns)  Path(ns)    Netlist Resource(s)
  -------------------------------------------------------------------    -------------------
                         (clock sys_clk_pin rise edge)
                                                      0.000     0.000 r  
    W5                                                0.000     0.000 r  clk_100MHz (IN)
                         net (fo=0)                   0.000     0.000    clk_100MHz
    W5                   IBUF (Prop_ibuf_I_O)         1.458     1.458 r  clk_100MHz_IBUF_inst/O
                         net (fo=1, routed)           1.967     3.425    clk_100MHz_IBUF
    BUFGCTRL_X0Y0        BUFG (Prop_bufg_I_O)         0.096     3.521 r  clk_100MHz_IBUF_BUFG_inst/O
                         net (fo=424, routed)         1.638     5.159    u_accel_monitor/u_accel/clk_100MHz
    SLICE_X1Y3           FDCE                                         r  u_accel_monitor/u_accel/delay_cnt_reg[16]/C
  -------------------------------------------------------------------    -------------------
    SLICE_X1Y3           FDCE (Prop_fdce_C_Q)         0.419     5.578 f  u_accel_monitor/u_accel/delay_cnt_reg[16]/Q
                         net (fo=4, routed)           1.170     6.748    u_accel_monitor/u_accel/delay_cnt_reg_n_0_[16]
    SLICE_X1Y3           LUT4 (Prop_lut4_I0_O)        0.296     7.044 r  u_accel_monitor/u_accel/FSM_sequential_state[4]_i_16/O
                         net (fo=4, routed)           0.618     7.662    u_accel_monitor/u_accel/FSM_sequential_state[4]_i_16_n_0
    SLICE_X2Y3           LUT6 (Prop_lut6_I0_O)        0.124     7.786 r  u_accel_monitor/u_accel/delay_cnt[23]_i_14/O
                         net (fo=1, routed)           0.423     8.209    u_accel_monitor/u_accel/delay_cnt[23]_i_14_n_0
    SLICE_X2Y1           LUT6 (Prop_lut6_I0_O)        0.124     8.333 r  u_accel_monitor/u_accel/delay_cnt[23]_i_8/O
                         net (fo=1, routed)           0.706     9.039    u_accel_monitor/u_accel/delay_cnt[23]_i_8_n_0
    SLICE_X3Y1           LUT6 (Prop_lut6_I4_O)        0.124     9.163 r  u_accel_monitor/u_accel/delay_cnt[23]_i_3/O
                         net (fo=23, routed)          1.323    10.486    u_accel_monitor/u_accel/delay_cnt[23]_i_3_n_0
    SLICE_X1Y4           LUT2 (Prop_lut2_I0_O)        0.124    10.610 r  u_accel_monitor/u_accel/delay_cnt[22]_i_1/O
                         net (fo=1, routed)           0.000    10.610    u_accel_monitor/u_accel/delay_cnt[22]_i_1_n_0
    SLICE_X1Y4           FDCE                                         r  u_accel_monitor/u_accel/delay_cnt_reg[22]/D
  -------------------------------------------------------------------    -------------------

                         (clock sys_clk_pin rise edge)
                                                     10.000    10.000 r  
    W5                                                0.000    10.000 r  clk_100MHz (IN)
                         net (fo=0)                   0.000    10.000    clk_100MHz
    W5                   IBUF (Prop_ibuf_I_O)         1.388    11.388 r  clk_100MHz_IBUF_inst/O
                         net (fo=1, routed)           1.862    13.250    clk_100MHz_IBUF
    BUFGCTRL_X0Y0        BUFG (Prop_bufg_I_O)         0.091    13.341 r  clk_100MHz_IBUF_BUFG_inst/O
                         net (fo=424, routed)         1.519    14.860    u_accel_monitor/u_accel/clk_100MHz
    SLICE_X1Y4           FDCE                                         r  u_accel_monitor/u_accel/delay_cnt_reg[22]/C
                         clock pessimism              0.274    15.134    
                         clock uncertainty           -0.035    15.099    
    SLICE_X1Y4           FDCE (Setup_fdce_C_D)        0.032    15.131    u_accel_monitor/u_accel/delay_cnt_reg[22]
  -------------------------------------------------------------------
                         required time                         15.131    
                         arrival time                         -10.610    
  -------------------------------------------------------------------
                         slack                                  4.521    

Slack (MET) :             4.525ns  (required time - arrival time)
  Source:                 u_accel_monitor/u_accel/delay_cnt_reg[16]/C
                            (rising edge-triggered cell FDCE clocked by sys_clk_pin  {rise@0.000ns fall@5.000ns period=10.000ns})
  Destination:            u_accel_monitor/u_accel/delay_cnt_reg[19]/D
                            (rising edge-triggered cell FDCE clocked by sys_clk_pin  {rise@0.000ns fall@5.000ns period=10.000ns})
  Path Group:             sys_clk_pin
  Path Type:              Setup (Max at Slow Process Corner)
  Requirement:            10.000ns  (sys_clk_pin rise@10.000ns - sys_clk_pin rise@0.000ns)
  Data Path Delay:        5.446ns  (logic 1.211ns (22.238%)  route 4.235ns (77.762%))
  Logic Levels:           5  (LUT2=1 LUT4=1 LUT6=3)
  Clock Path Skew:        -0.025ns (DCD - SCD + CPR)
    Destination Clock Delay (DCD):    4.860ns = ( 14.860 - 10.000 ) 
    Source Clock Delay      (SCD):    5.159ns
    Clock Pessimism Removal (CPR):    0.274ns
  Clock Uncertainty:      0.035ns  ((TSJ^2 + TIJ^2)^1/2 + DJ) / 2 + PE
    Total System Jitter     (TSJ):    0.071ns
    Total Input Jitter      (TIJ):    0.000ns
    Discrete Jitter          (DJ):    0.000ns
    Phase Error              (PE):    0.000ns

    Location             Delay type                Incr(ns)  Path(ns)    Netlist Resource(s)
  -------------------------------------------------------------------    -------------------
                         (clock sys_clk_pin rise edge)
                                                      0.000     0.000 r  
    W5                                                0.000     0.000 r  clk_100MHz (IN)
                         net (fo=0)                   0.000     0.000    clk_100MHz
    W5                   IBUF (Prop_ibuf_I_O)         1.458     1.458 r  clk_100MHz_IBUF_inst/O
                         net (fo=1, routed)           1.967     3.425    clk_100MHz_IBUF
    BUFGCTRL_X0Y0        BUFG (Prop_bufg_I_O)         0.096     3.521 r  clk_100MHz_IBUF_BUFG_inst/O
                         net (fo=424, routed)         1.638     5.159    u_accel_monitor/u_accel/clk_100MHz
    SLICE_X1Y3           FDCE                                         r  u_accel_monitor/u_accel/delay_cnt_reg[16]/C
  -------------------------------------------------------------------    -------------------
    SLICE_X1Y3           FDCE (Prop_fdce_C_Q)         0.419     5.578 f  u_accel_monitor/u_accel/delay_cnt_reg[16]/Q
                         net (fo=4, routed)           1.170     6.748    u_accel_monitor/u_accel/delay_cnt_reg_n_0_[16]
    SLICE_X1Y3           LUT4 (Prop_lut4_I0_O)        0.296     7.044 r  u_accel_monitor/u_accel/FSM_sequential_state[4]_i_16/O
                         net (fo=4, routed)           0.618     7.662    u_accel_monitor/u_accel/FSM_sequential_state[4]_i_16_n_0
    SLICE_X2Y3           LUT6 (Prop_lut6_I0_O)        0.124     7.786 r  u_accel_monitor/u_accel/delay_cnt[23]_i_14/O
                         net (fo=1, routed)           0.423     8.209    u_accel_monitor/u_accel/delay_cnt[23]_i_14_n_0
    SLICE_X2Y1           LUT6 (Prop_lut6_I0_O)        0.124     8.333 r  u_accel_monitor/u_accel/delay_cnt[23]_i_8/O
                         net (fo=1, routed)           0.706     9.039    u_accel_monitor/u_accel/delay_cnt[23]_i_8_n_0
    SLICE_X3Y1           LUT6 (Prop_lut6_I4_O)        0.124     9.163 r  u_accel_monitor/u_accel/delay_cnt[23]_i_3/O
                         net (fo=23, routed)          1.318    10.481    u_accel_monitor/u_accel/delay_cnt[23]_i_3_n_0
    SLICE_X1Y4           LUT2 (Prop_lut2_I0_O)        0.124    10.605 r  u_accel_monitor/u_accel/delay_cnt[19]_i_1/O
                         net (fo=1, routed)           0.000    10.605    u_accel_monitor/u_accel/delay_cnt[19]_i_1_n_0
    SLICE_X1Y4           FDCE                                         r  u_accel_monitor/u_accel/delay_cnt_reg[19]/D
  -------------------------------------------------------------------    -------------------

                         (clock sys_clk_pin rise edge)
                                                     10.000    10.000 r  
    W5                                                0.000    10.000 r  clk_100MHz (IN)
                         net (fo=0)                   0.000    10.000    clk_100MHz
    W5                   IBUF (Prop_ibuf_I_O)         1.388    11.388 r  clk_100MHz_IBUF_inst/O
                         net (fo=1, routed)           1.862    13.250    clk_100MHz_IBUF
    BUFGCTRL_X0Y0        BUFG (Prop_bufg_I_O)         0.091    13.341 r  clk_100MHz_IBUF_BUFG_inst/O
                         net (fo=424, routed)         1.519    14.860    u_accel_monitor/u_accel/clk_100MHz
    SLICE_X1Y4           FDCE                                         r  u_accel_monitor/u_accel/delay_cnt_reg[19]/C
                         clock pessimism              0.274    15.134    
                         clock uncertainty           -0.035    15.099    
    SLICE_X1Y4           FDCE (Setup_fdce_C_D)        0.031    15.130    u_accel_monitor/u_accel/delay_cnt_reg[19]
  -------------------------------------------------------------------
                         required time                         15.130    
                         arrival time                         -10.605    
  -------------------------------------------------------------------
                         slack                                  4.525    

Slack (MET) :             4.539ns  (required time - arrival time)
  Source:                 u_accel_monitor/u_accel/delay_cnt_reg[16]/C
                            (rising edge-triggered cell FDCE clocked by sys_clk_pin  {rise@0.000ns fall@5.000ns period=10.000ns})
  Destination:            u_accel_monitor/u_accel/delay_cnt_reg[20]/D
                            (rising edge-triggered cell FDCE clocked by sys_clk_pin  {rise@0.000ns fall@5.000ns period=10.000ns})
  Path Group:             sys_clk_pin
  Path Type:              Setup (Max at Slow Process Corner)
  Requirement:            10.000ns  (sys_clk_pin rise@10.000ns - sys_clk_pin rise@0.000ns)
  Data Path Delay:        5.476ns  (logic 1.241ns (22.664%)  route 4.235ns (77.336%))
  Logic Levels:           5  (LUT2=1 LUT4=1 LUT6=3)
  Clock Path Skew:        -0.025ns (DCD - SCD + CPR)
    Destination Clock Delay (DCD):    4.860ns = ( 14.860 - 10.000 ) 
    Source Clock Delay      (SCD):    5.159ns
    Clock Pessimism Removal (CPR):    0.274ns
  Clock Uncertainty:      0.035ns  ((TSJ^2 + TIJ^2)^1/2 + DJ) / 2 + PE
    Total System Jitter     (TSJ):    0.071ns
    Total Input Jitter      (TIJ):    0.000ns
    Discrete Jitter          (DJ):    0.000ns
    Phase Error              (PE):    0.000ns

    Location             Delay type                Incr(ns)  Path(ns)    Netlist Resource(s)
  -------------------------------------------------------------------    -------------------
                         (clock sys_clk_pin rise edge)
                                                      0.000     0.000 r  
    W5                                                0.000     0.000 r  clk_100MHz (IN)
                         net (fo=0)                   0.000     0.000    clk_100MHz
    W5                   IBUF (Prop_ibuf_I_O)         1.458     1.458 r  clk_100MHz_IBUF_inst/O
                         net (fo=1, routed)           1.967     3.425    clk_100MHz_IBUF
    BUFGCTRL_X0Y0        BUFG (Prop_bufg_I_O)         0.096     3.521 r  clk_100MHz_IBUF_BUFG_inst/O
                         net (fo=424, routed)         1.638     5.159    u_accel_monitor/u_accel/clk_100MHz
    SLICE_X1Y3           FDCE                                         r  u_accel_monitor/u_accel/delay_cnt_reg[16]/C
  -------------------------------------------------------------------    -------------------
    SLICE_X1Y3           FDCE (Prop_fdce_C_Q)         0.419     5.578 f  u_accel_monitor/u_accel/delay_cnt_reg[16]/Q
                         net (fo=4, routed)           1.170     6.748    u_accel_monitor/u_accel/delay_cnt_reg_n_0_[16]
    SLICE_X1Y3           LUT4 (Prop_lut4_I0_O)        0.296     7.044 r  u_accel_monitor/u_accel/FSM_sequential_state[4]_i_16/O
                         net (fo=4, routed)           0.618     7.662    u_accel_monitor/u_accel/FSM_sequential_state[4]_i_16_n_0
    SLICE_X2Y3           LUT6 (Prop_lut6_I0_O)        0.124     7.786 r  u_accel_monitor/u_accel/delay_cnt[23]_i_14/O
                         net (fo=1, routed)           0.423     8.209    u_accel_monitor/u_accel/delay_cnt[23]_i_14_n_0
    SLICE_X2Y1           LUT6 (Prop_lut6_I0_O)        0.124     8.333 r  u_accel_monitor/u_accel/delay_cnt[23]_i_8/O
                         net (fo=1, routed)           0.706     9.039    u_accel_monitor/u_accel/delay_cnt[23]_i_8_n_0
    SLICE_X3Y1           LUT6 (Prop_lut6_I4_O)        0.124     9.163 r  u_accel_monitor/u_accel/delay_cnt[23]_i_3/O
                         net (fo=23, routed)          1.318    10.481    u_accel_monitor/u_accel/delay_cnt[23]_i_3_n_0
    SLICE_X1Y4           LUT2 (Prop_lut2_I0_O)        0.154    10.635 r  u_accel_monitor/u_accel/delay_cnt[20]_i_1/O
                         net (fo=1, routed)           0.000    10.635    u_accel_monitor/u_accel/delay_cnt[20]_i_1_n_0
    SLICE_X1Y4           FDCE                                         r  u_accel_monitor/u_accel/delay_cnt_reg[20]/D
  -------------------------------------------------------------------    -------------------

                         (clock sys_clk_pin rise edge)
                                                     10.000    10.000 r  
    W5                                                0.000    10.000 r  clk_100MHz (IN)
                         net (fo=0)                   0.000    10.000    clk_100MHz
    W5                   IBUF (Prop_ibuf_I_O)         1.388    11.388 r  clk_100MHz_IBUF_inst/O
                         net (fo=1, routed)           1.862    13.250    clk_100MHz_IBUF
    BUFGCTRL_X0Y0        BUFG (Prop_bufg_I_O)         0.091    13.341 r  clk_100MHz_IBUF_BUFG_inst/O
                         net (fo=424, routed)         1.519    14.860    u_accel_monitor/u_accel/clk_100MHz
    SLICE_X1Y4           FDCE                                         r  u_accel_monitor/u_accel/delay_cnt_reg[20]/C
                         clock pessimism              0.274    15.134    
                         clock uncertainty           -0.035    15.099    
    SLICE_X1Y4           FDCE (Setup_fdce_C_D)        0.075    15.174    u_accel_monitor/u_accel/delay_cnt_reg[20]
  -------------------------------------------------------------------
                         required time                         15.174    
                         arrival time                         -10.635    
  -------------------------------------------------------------------
                         slack                                  4.539    

Slack (MET) :             4.539ns  (required time - arrival time)
  Source:                 u_accel_monitor/u_accel/delay_cnt_reg[16]/C
                            (rising edge-triggered cell FDCE clocked by sys_clk_pin  {rise@0.000ns fall@5.000ns period=10.000ns})
  Destination:            u_accel_monitor/u_accel/delay_cnt_reg[23]/D
                            (rising edge-triggered cell FDCE clocked by sys_clk_pin  {rise@0.000ns fall@5.000ns period=10.000ns})
  Path Group:             sys_clk_pin
  Path Type:              Setup (Max at Slow Process Corner)
  Requirement:            10.000ns  (sys_clk_pin rise@10.000ns - sys_clk_pin rise@0.000ns)
  Data Path Delay:        5.476ns  (logic 1.236ns (22.573%)  route 4.240ns (77.427%))
  Logic Levels:           5  (LUT2=1 LUT4=1 LUT6=3)
  Clock Path Skew:        -0.025ns (DCD - SCD + CPR)
    Destination Clock Delay (DCD):    4.860ns = ( 14.860 - 10.000 ) 
    Source Clock Delay      (SCD):    5.159ns
    Clock Pessimism Removal (CPR):    0.274ns
  Clock Uncertainty:      0.035ns  ((TSJ^2 + TIJ^2)^1/2 + DJ) / 2 + PE
    Total System Jitter     (TSJ):    0.071ns
    Total Input Jitter      (TIJ):    0.000ns
    Discrete Jitter          (DJ):    0.000ns
    Phase Error              (PE):    0.000ns

    Location             Delay type                Incr(ns)  Path(ns)    Netlist Resource(s)
  -------------------------------------------------------------------    -------------------
                         (clock sys_clk_pin rise edge)
                                                      0.000     0.000 r  
    W5                                                0.000     0.000 r  clk_100MHz (IN)
                         net (fo=0)                   0.000     0.000    clk_100MHz
    W5                   IBUF (Prop_ibuf_I_O)         1.458     1.458 r  clk_100MHz_IBUF_inst/O
                         net (fo=1, routed)           1.967     3.425    clk_100MHz_IBUF
    BUFGCTRL_X0Y0        BUFG (Prop_bufg_I_O)         0.096     3.521 r  clk_100MHz_IBUF_BUFG_inst/O
                         net (fo=424, routed)         1.638     5.159    u_accel_monitor/u_accel/clk_100MHz
    SLICE_X1Y3           FDCE                                         r  u_accel_monitor/u_accel/delay_cnt_reg[16]/C
  -------------------------------------------------------------------    -------------------
    SLICE_X1Y3           FDCE (Prop_fdce_C_Q)         0.419     5.578 f  u_accel_monitor/u_accel/delay_cnt_reg[16]/Q
                         net (fo=4, routed)           1.170     6.748    u_accel_monitor/u_accel/delay_cnt_reg_n_0_[16]
    SLICE_X1Y3           LUT4 (Prop_lut4_I0_O)        0.296     7.044 r  u_accel_monitor/u_accel/FSM_sequential_state[4]_i_16/O
                         net (fo=4, routed)           0.618     7.662    u_accel_monitor/u_accel/FSM_sequential_state[4]_i_16_n_0
    SLICE_X2Y3           LUT6 (Prop_lut6_I0_O)        0.124     7.786 r  u_accel_monitor/u_accel/delay_cnt[23]_i_14/O
                         net (fo=1, routed)           0.423     8.209    u_accel_monitor/u_accel/delay_cnt[23]_i_14_n_0
    SLICE_X2Y1           LUT6 (Prop_lut6_I0_O)        0.124     8.333 r  u_accel_monitor/u_accel/delay_cnt[23]_i_8/O
                         net (fo=1, routed)           0.706     9.039    u_accel_monitor/u_accel/delay_cnt[23]_i_8_n_0
    SLICE_X3Y1           LUT6 (Prop_lut6_I4_O)        0.124     9.163 r  u_accel_monitor/u_accel/delay_cnt[23]_i_3/O
                         net (fo=23, routed)          1.323    10.486    u_accel_monitor/u_accel/delay_cnt[23]_i_3_n_0
    SLICE_X1Y4           LUT2 (Prop_lut2_I0_O)        0.149    10.635 r  u_accel_monitor/u_accel/delay_cnt[23]_i_2/O
                         net (fo=1, routed)           0.000    10.635    u_accel_monitor/u_accel/delay_cnt[23]_i_2_n_0
    SLICE_X1Y4           FDCE                                         r  u_accel_monitor/u_accel/delay_cnt_reg[23]/D
  -------------------------------------------------------------------    -------------------

                         (clock sys_clk_pin rise edge)
                                                     10.000    10.000 r  
    W5                                                0.000    10.000 r  clk_100MHz (IN)
                         net (fo=0)                   0.000    10.000    clk_100MHz
    W5                   IBUF (Prop_ibuf_I_O)         1.388    11.388 r  clk_100MHz_IBUF_inst/O
                         net (fo=1, routed)           1.862    13.250    clk_100MHz_IBUF
    BUFGCTRL_X0Y0        BUFG (Prop_bufg_I_O)         0.091    13.341 r  clk_100MHz_IBUF_BUFG_inst/O
                         net (fo=424, routed)         1.519    14.860    u_accel_monitor/u_accel/clk_100MHz
    SLICE_X1Y4           FDCE                                         r  u_accel_monitor/u_accel/delay_cnt_reg[23]/C
                         clock pessimism              0.274    15.134    
                         clock uncertainty           -0.035    15.099    
    SLICE_X1Y4           FDCE (Setup_fdce_C_D)        0.075    15.174    u_accel_monitor/u_accel/delay_cnt_reg[23]
  -------------------------------------------------------------------
                         required time                         15.174    
                         arrival time                         -10.635    
  -------------------------------------------------------------------
                         slack                                  4.539    

Slack (MET) :             4.693ns  (required time - arrival time)
  Source:                 u_accel_monitor/u_accel/delay_cnt_reg[16]/C
                            (rising edge-triggered cell FDCE clocked by sys_clk_pin  {rise@0.000ns fall@5.000ns period=10.000ns})
  Destination:            u_accel_monitor/u_accel/delay_cnt_reg[18]/D
                            (rising edge-triggered cell FDCE clocked by sys_clk_pin  {rise@0.000ns fall@5.000ns period=10.000ns})
  Path Group:             sys_clk_pin
  Path Type:              Setup (Max at Slow Process Corner)
  Requirement:            10.000ns  (sys_clk_pin rise@10.000ns - sys_clk_pin rise@0.000ns)
  Data Path Delay:        5.278ns  (logic 1.211ns (22.946%)  route 4.067ns (77.054%))
  Logic Levels:           5  (LUT2=1 LUT4=1 LUT6=3)
  Clock Path Skew:        -0.025ns (DCD - SCD + CPR)
    Destination Clock Delay (DCD):    4.860ns = ( 14.860 - 10.000 ) 
    Source Clock Delay      (SCD):    5.159ns
    Clock Pessimism Removal (CPR):    0.274ns
  Clock Uncertainty:      0.035ns  ((TSJ^2 + TIJ^2)^1/2 + DJ) / 2 + PE
    Total System Jitter     (TSJ):    0.071ns
    Total Input Jitter      (TIJ):    0.000ns
    Discrete Jitter          (DJ):    0.000ns
    Phase Error              (PE):    0.000ns

    Location             Delay type                Incr(ns)  Path(ns)    Netlist Resource(s)
  -------------------------------------------------------------------    -------------------
                         (clock sys_clk_pin rise edge)
                                                      0.000     0.000 r  
    W5                                                0.000     0.000 r  clk_100MHz (IN)
                         net (fo=0)                   0.000     0.000    clk_100MHz
    W5                   IBUF (Prop_ibuf_I_O)         1.458     1.458 r  clk_100MHz_IBUF_inst/O
                         net (fo=1, routed)           1.967     3.425    clk_100MHz_IBUF
    BUFGCTRL_X0Y0        BUFG (Prop_bufg_I_O)         0.096     3.521 r  clk_100MHz_IBUF_BUFG_inst/O
                         net (fo=424, routed)         1.638     5.159    u_accel_monitor/u_accel/clk_100MHz
    SLICE_X1Y3           FDCE                                         r  u_accel_monitor/u_accel/delay_cnt_reg[16]/C
  -------------------------------------------------------------------    -------------------
    SLICE_X1Y3           FDCE (Prop_fdce_C_Q)         0.419     5.578 f  u_accel_monitor/u_accel/delay_cnt_reg[16]/Q
                         net (fo=4, routed)           1.170     6.748    u_accel_monitor/u_accel/delay_cnt_reg_n_0_[16]
    SLICE_X1Y3           LUT4 (Prop_lut4_I0_O)        0.296     7.044 r  u_accel_monitor/u_accel/FSM_sequential_state[4]_i_16/O
                         net (fo=4, routed)           0.618     7.662    u_accel_monitor/u_accel/FSM_sequential_state[4]_i_16_n_0
    SLICE_X2Y3           LUT6 (Prop_lut6_I0_O)        0.124     7.786 r  u_accel_monitor/u_accel/delay_cnt[23]_i_14/O
                         net (fo=1, routed)           0.423     8.209    u_accel_monitor/u_accel/delay_cnt[23]_i_14_n_0
    SLICE_X2Y1           LUT6 (Prop_lut6_I0_O)        0.124     8.333 r  u_accel_monitor/u_accel/delay_cnt[23]_i_8/O
                         net (fo=1, routed)           0.706     9.039    u_accel_monitor/u_accel/delay_cnt[23]_i_8_n_0
    SLICE_X3Y1           LUT6 (Prop_lut6_I4_O)        0.124     9.163 r  u_accel_monitor/u_accel/delay_cnt[23]_i_3/O
                         net (fo=23, routed)          1.150    10.313    u_accel_monitor/u_accel/delay_cnt[23]_i_3_n_0
    SLICE_X1Y4           LUT2 (Prop_lut2_I0_O)        0.124    10.437 r  u_accel_monitor/u_accel/delay_cnt[18]_i_1/O
                         net (fo=1, routed)           0.000    10.437    u_accel_monitor/u_accel/delay_cnt[18]_i_1_n_0
    SLICE_X1Y4           FDCE                                         r  u_accel_monitor/u_accel/delay_cnt_reg[18]/D
  -------------------------------------------------------------------    -------------------

                         (clock sys_clk_pin rise edge)
                                                     10.000    10.000 r  
    W5                                                0.000    10.000 r  clk_100MHz (IN)
                         net (fo=0)                   0.000    10.000    clk_100MHz
    W5                   IBUF (Prop_ibuf_I_O)         1.388    11.388 r  clk_100MHz_IBUF_inst/O
                         net (fo=1, routed)           1.862    13.250    clk_100MHz_IBUF
    BUFGCTRL_X0Y0        BUFG (Prop_bufg_I_O)         0.091    13.341 r  clk_100MHz_IBUF_BUFG_inst/O
                         net (fo=424, routed)         1.519    14.860    u_accel_monitor/u_accel/clk_100MHz
    SLICE_X1Y4           FDCE                                         r  u_accel_monitor/u_accel/delay_cnt_reg[18]/C
                         clock pessimism              0.274    15.134    
                         clock uncertainty           -0.035    15.099    
    SLICE_X1Y4           FDCE (Setup_fdce_C_D)        0.031    15.130    u_accel_monitor/u_accel/delay_cnt_reg[18]
  -------------------------------------------------------------------
                         required time                         15.130    
                         arrival time                         -10.437    
  -------------------------------------------------------------------
                         slack                                  4.693    

Slack (MET) :             4.696ns  (required time - arrival time)
  Source:                 u_accel_monitor/u_accel/delay_cnt_reg[16]/C
                            (rising edge-triggered cell FDCE clocked by sys_clk_pin  {rise@0.000ns fall@5.000ns period=10.000ns})
  Destination:            u_accel_monitor/u_accel/delay_cnt_reg[14]/D
                            (rising edge-triggered cell FDCE clocked by sys_clk_pin  {rise@0.000ns fall@5.000ns period=10.000ns})
  Path Group:             sys_clk_pin
  Path Type:              Setup (Max at Slow Process Corner)
  Requirement:            10.000ns  (sys_clk_pin rise@10.000ns - sys_clk_pin rise@0.000ns)
  Data Path Delay:        5.273ns  (logic 1.211ns (22.967%)  route 4.062ns (77.033%))
  Logic Levels:           5  (LUT2=1 LUT4=1 LUT6=3)
  Clock Path Skew:        -0.025ns (DCD - SCD + CPR)
    Destination Clock Delay (DCD):    4.860ns = ( 14.860 - 10.000 ) 
    Source Clock Delay      (SCD):    5.159ns
    Clock Pessimism Removal (CPR):    0.274ns
  Clock Uncertainty:      0.035ns  ((TSJ^2 + TIJ^2)^1/2 + DJ) / 2 + PE
    Total System Jitter     (TSJ):    0.071ns
    Total Input Jitter      (TIJ):    0.000ns
    Discrete Jitter          (DJ):    0.000ns
    Phase Error              (PE):    0.000ns

    Location             Delay type                Incr(ns)  Path(ns)    Netlist Resource(s)
  -------------------------------------------------------------------    -------------------
                         (clock sys_clk_pin rise edge)
                                                      0.000     0.000 r  
    W5                                                0.000     0.000 r  clk_100MHz (IN)
                         net (fo=0)                   0.000     0.000    clk_100MHz
    W5                   IBUF (Prop_ibuf_I_O)         1.458     1.458 r  clk_100MHz_IBUF_inst/O
                         net (fo=1, routed)           1.967     3.425    clk_100MHz_IBUF
    BUFGCTRL_X0Y0        BUFG (Prop_bufg_I_O)         0.096     3.521 r  clk_100MHz_IBUF_BUFG_inst/O
                         net (fo=424, routed)         1.638     5.159    u_accel_monitor/u_accel/clk_100MHz
    SLICE_X1Y3           FDCE                                         r  u_accel_monitor/u_accel/delay_cnt_reg[16]/C
  -------------------------------------------------------------------    -------------------
    SLICE_X1Y3           FDCE (Prop_fdce_C_Q)         0.419     5.578 f  u_accel_monitor/u_accel/delay_cnt_reg[16]/Q
                         net (fo=4, routed)           1.170     6.748    u_accel_monitor/u_accel/delay_cnt_reg_n_0_[16]
    SLICE_X1Y3           LUT4 (Prop_lut4_I0_O)        0.296     7.044 r  u_accel_monitor/u_accel/FSM_sequential_state[4]_i_16/O
                         net (fo=4, routed)           0.618     7.662    u_accel_monitor/u_accel/FSM_sequential_state[4]_i_16_n_0
    SLICE_X2Y3           LUT6 (Prop_lut6_I0_O)        0.124     7.786 r  u_accel_monitor/u_accel/delay_cnt[23]_i_14/O
                         net (fo=1, routed)           0.423     8.209    u_accel_monitor/u_accel/delay_cnt[23]_i_14_n_0
    SLICE_X2Y1           LUT6 (Prop_lut6_I0_O)        0.124     8.333 r  u_accel_monitor/u_accel/delay_cnt[23]_i_8/O
                         net (fo=1, routed)           0.706     9.039    u_accel_monitor/u_accel/delay_cnt[23]_i_8_n_0
    SLICE_X3Y1           LUT6 (Prop_lut6_I4_O)        0.124     9.163 r  u_accel_monitor/u_accel/delay_cnt[23]_i_3/O
                         net (fo=23, routed)          1.145    10.308    u_accel_monitor/u_accel/delay_cnt[23]_i_3_n_0
    SLICE_X1Y4           LUT2 (Prop_lut2_I0_O)        0.124    10.432 r  u_accel_monitor/u_accel/delay_cnt[14]_i_1/O
                         net (fo=1, routed)           0.000    10.432    u_accel_monitor/u_accel/delay_cnt[14]_i_1_n_0
    SLICE_X1Y4           FDCE                                         r  u_accel_monitor/u_accel/delay_cnt_reg[14]/D
  -------------------------------------------------------------------    -------------------

                         (clock sys_clk_pin rise edge)
                                                     10.000    10.000 r  
    W5                                                0.000    10.000 r  clk_100MHz (IN)
                         net (fo=0)                   0.000    10.000    clk_100MHz
    W5                   IBUF (Prop_ibuf_I_O)         1.388    11.388 r  clk_100MHz_IBUF_inst/O
                         net (fo=1, routed)           1.862    13.250    clk_100MHz_IBUF
    BUFGCTRL_X0Y0        BUFG (Prop_bufg_I_O)         0.091    13.341 r  clk_100MHz_IBUF_BUFG_inst/O
                         net (fo=424, routed)         1.519    14.860    u_accel_monitor/u_accel/clk_100MHz
    SLICE_X1Y4           FDCE                                         r  u_accel_monitor/u_accel/delay_cnt_reg[14]/C
                         clock pessimism              0.274    15.134    
                         clock uncertainty           -0.035    15.099    
    SLICE_X1Y4           FDCE (Setup_fdce_C_D)        0.029    15.128    u_accel_monitor/u_accel/delay_cnt_reg[14]
  -------------------------------------------------------------------
                         required time                         15.128    
                         arrival time                         -10.432    
  -------------------------------------------------------------------
                         slack                                  4.696    

Slack (MET) :             4.709ns  (required time - arrival time)
  Source:                 u_accel_monitor/u_accel/delay_cnt_reg[16]/C
                            (rising edge-triggered cell FDCE clocked by sys_clk_pin  {rise@0.000ns fall@5.000ns period=10.000ns})
  Destination:            u_accel_monitor/u_accel/delay_cnt_reg[21]/D
                            (rising edge-triggered cell FDCE clocked by sys_clk_pin  {rise@0.000ns fall@5.000ns period=10.000ns})
  Path Group:             sys_clk_pin
  Path Type:              Setup (Max at Slow Process Corner)
  Requirement:            10.000ns  (sys_clk_pin rise@10.000ns - sys_clk_pin rise@0.000ns)
  Data Path Delay:        5.306ns  (logic 1.239ns (23.352%)  route 4.067ns (76.648%))
  Logic Levels:           5  (LUT2=1 LUT4=1 LUT6=3)
  Clock Path Skew:        -0.025ns (DCD - SCD + CPR)
    Destination Clock Delay (DCD):    4.860ns = ( 14.860 - 10.000 ) 
    Source Clock Delay      (SCD):    5.159ns
    Clock Pessimism Removal (CPR):    0.274ns
  Clock Uncertainty:      0.035ns  ((TSJ^2 + TIJ^2)^1/2 + DJ) / 2 + PE
    Total System Jitter     (TSJ):    0.071ns
    Total Input Jitter      (TIJ):    0.000ns
    Discrete Jitter          (DJ):    0.000ns
    Phase Error              (PE):    0.000ns

    Location             Delay type                Incr(ns)  Path(ns)    Netlist Resource(s)
  -------------------------------------------------------------------    -------------------
                         (clock sys_clk_pin rise edge)
                                                      0.000     0.000 r  
    W5                                                0.000     0.000 r  clk_100MHz (IN)
                         net (fo=0)                   0.000     0.000    clk_100MHz
    W5                   IBUF (Prop_ibuf_I_O)         1.458     1.458 r  clk_100MHz_IBUF_inst/O
                         net (fo=1, routed)           1.967     3.425    clk_100MHz_IBUF
    BUFGCTRL_X0Y0        BUFG (Prop_bufg_I_O)         0.096     3.521 r  clk_100MHz_IBUF_BUFG_inst/O
                         net (fo=424, routed)         1.638     5.159    u_accel_monitor/u_accel/clk_100MHz
    SLICE_X1Y3           FDCE                                         r  u_accel_monitor/u_accel/delay_cnt_reg[16]/C
  -------------------------------------------------------------------    -------------------
    SLICE_X1Y3           FDCE (Prop_fdce_C_Q)         0.419     5.578 f  u_accel_monitor/u_accel/delay_cnt_reg[16]/Q
                         net (fo=4, routed)           1.170     6.748    u_accel_monitor/u_accel/delay_cnt_reg_n_0_[16]
    SLICE_X1Y3           LUT4 (Prop_lut4_I0_O)        0.296     7.044 r  u_accel_monitor/u_accel/FSM_sequential_state[4]_i_16/O
                         net (fo=4, routed)           0.618     7.662    u_accel_monitor/u_accel/FSM_sequential_state[4]_i_16_n_0
    SLICE_X2Y3           LUT6 (Prop_lut6_I0_O)        0.124     7.786 r  u_accel_monitor/u_accel/delay_cnt[23]_i_14/O
                         net (fo=1, routed)           0.423     8.209    u_accel_monitor/u_accel/delay_cnt[23]_i_14_n_0
    SLICE_X2Y1           LUT6 (Prop_lut6_I0_O)        0.124     8.333 r  u_accel_monitor/u_accel/delay_cnt[23]_i_8/O
                         net (fo=1, routed)           0.706     9.039    u_accel_monitor/u_accel/delay_cnt[23]_i_8_n_0
    SLICE_X3Y1           LUT6 (Prop_lut6_I4_O)        0.124     9.163 r  u_accel_monitor/u_accel/delay_cnt[23]_i_3/O
                         net (fo=23, routed)          1.150    10.313    u_accel_monitor/u_accel/delay_cnt[23]_i_3_n_0
    SLICE_X1Y4           LUT2 (Prop_lut2_I0_O)        0.152    10.465 r  u_accel_monitor/u_accel/delay_cnt[21]_i_1/O
                         net (fo=1, routed)           0.000    10.465    u_accel_monitor/u_accel/delay_cnt[21]_i_1_n_0
    SLICE_X1Y4           FDCE                                         r  u_accel_monitor/u_accel/delay_cnt_reg[21]/D
  -------------------------------------------------------------------    -------------------

                         (clock sys_clk_pin rise edge)
                                                     10.000    10.000 r  
    W5                                                0.000    10.000 r  clk_100MHz (IN)
                         net (fo=0)                   0.000    10.000    clk_100MHz
    W5                   IBUF (Prop_ibuf_I_O)         1.388    11.388 r  clk_100MHz_IBUF_inst/O
                         net (fo=1, routed)           1.862    13.250    clk_100MHz_IBUF
    BUFGCTRL_X0Y0        BUFG (Prop_bufg_I_O)         0.091    13.341 r  clk_100MHz_IBUF_BUFG_inst/O
                         net (fo=424, routed)         1.519    14.860    u_accel_monitor/u_accel/clk_100MHz
    SLICE_X1Y4           FDCE                                         r  u_accel_monitor/u_accel/delay_cnt_reg[21]/C
                         clock pessimism              0.274    15.134    
                         clock uncertainty           -0.035    15.099    
    SLICE_X1Y4           FDCE (Setup_fdce_C_D)        0.075    15.174    u_accel_monitor/u_accel/delay_cnt_reg[21]
  -------------------------------------------------------------------
                         required time                         15.174    
                         arrival time                         -10.465    
  -------------------------------------------------------------------
                         slack                                  4.709    

Slack (MET) :             4.716ns  (required time - arrival time)
  Source:                 u_accel_monitor/u_accel/delay_cnt_reg[16]/C
                            (rising edge-triggered cell FDCE clocked by sys_clk_pin  {rise@0.000ns fall@5.000ns period=10.000ns})
  Destination:            u_accel_monitor/u_accel/delay_cnt_reg[17]/D
                            (rising edge-triggered cell FDCE clocked by sys_clk_pin  {rise@0.000ns fall@5.000ns period=10.000ns})
  Path Group:             sys_clk_pin
  Path Type:              Setup (Max at Slow Process Corner)
  Requirement:            10.000ns  (sys_clk_pin rise@10.000ns - sys_clk_pin rise@0.000ns)
  Data Path Delay:        5.299ns  (logic 1.237ns (23.345%)  route 4.062ns (76.655%))
  Logic Levels:           5  (LUT2=1 LUT4=1 LUT6=3)
  Clock Path Skew:        -0.025ns (DCD - SCD + CPR)
    Destination Clock Delay (DCD):    4.860ns = ( 14.860 - 10.000 ) 
    Source Clock Delay      (SCD):    5.159ns
    Clock Pessimism Removal (CPR):    0.274ns
  Clock Uncertainty:      0.035ns  ((TSJ^2 + TIJ^2)^1/2 + DJ) / 2 + PE
    Total System Jitter     (TSJ):    0.071ns
    Total Input Jitter      (TIJ):    0.000ns
    Discrete Jitter          (DJ):    0.000ns
    Phase Error              (PE):    0.000ns

    Location             Delay type                Incr(ns)  Path(ns)    Netlist Resource(s)
  -------------------------------------------------------------------    -------------------
                         (clock sys_clk_pin rise edge)
                                                      0.000     0.000 r  
    W5                                                0.000     0.000 r  clk_100MHz (IN)
                         net (fo=0)                   0.000     0.000    clk_100MHz
    W5                   IBUF (Prop_ibuf_I_O)         1.458     1.458 r  clk_100MHz_IBUF_inst/O
                         net (fo=1, routed)           1.967     3.425    clk_100MHz_IBUF
    BUFGCTRL_X0Y0        BUFG (Prop_bufg_I_O)         0.096     3.521 r  clk_100MHz_IBUF_BUFG_inst/O
                         net (fo=424, routed)         1.638     5.159    u_accel_monitor/u_accel/clk_100MHz
    SLICE_X1Y3           FDCE                                         r  u_accel_monitor/u_accel/delay_cnt_reg[16]/C
  -------------------------------------------------------------------    -------------------
    SLICE_X1Y3           FDCE (Prop_fdce_C_Q)         0.419     5.578 f  u_accel_monitor/u_accel/delay_cnt_reg[16]/Q
                         net (fo=4, routed)           1.170     6.748    u_accel_monitor/u_accel/delay_cnt_reg_n_0_[16]
    SLICE_X1Y3           LUT4 (Prop_lut4_I0_O)        0.296     7.044 r  u_accel_monitor/u_accel/FSM_sequential_state[4]_i_16/O
                         net (fo=4, routed)           0.618     7.662    u_accel_monitor/u_accel/FSM_sequential_state[4]_i_16_n_0
    SLICE_X2Y3           LUT6 (Prop_lut6_I0_O)        0.124     7.786 r  u_accel_monitor/u_accel/delay_cnt[23]_i_14/O
                         net (fo=1, routed)           0.423     8.209    u_accel_monitor/u_accel/delay_cnt[23]_i_14_n_0
    SLICE_X2Y1           LUT6 (Prop_lut6_I0_O)        0.124     8.333 r  u_accel_monitor/u_accel/delay_cnt[23]_i_8/O
                         net (fo=1, routed)           0.706     9.039    u_accel_monitor/u_accel/delay_cnt[23]_i_8_n_0
    SLICE_X3Y1           LUT6 (Prop_lut6_I4_O)        0.124     9.163 r  u_accel_monitor/u_accel/delay_cnt[23]_i_3/O
                         net (fo=23, routed)          1.145    10.308    u_accel_monitor/u_accel/delay_cnt[23]_i_3_n_0
    SLICE_X1Y4           LUT2 (Prop_lut2_I0_O)        0.150    10.458 r  u_accel_monitor/u_accel/delay_cnt[17]_i_1/O
                         net (fo=1, routed)           0.000    10.458    u_accel_monitor/u_accel/delay_cnt[17]_i_1_n_0
    SLICE_X1Y4           FDCE                                         r  u_accel_monitor/u_accel/delay_cnt_reg[17]/D
  -------------------------------------------------------------------    -------------------

                         (clock sys_clk_pin rise edge)
                                                     10.000    10.000 r  
    W5                                                0.000    10.000 r  clk_100MHz (IN)
                         net (fo=0)                   0.000    10.000    clk_100MHz
    W5                   IBUF (Prop_ibuf_I_O)         1.388    11.388 r  clk_100MHz_IBUF_inst/O
                         net (fo=1, routed)           1.862    13.250    clk_100MHz_IBUF
    BUFGCTRL_X0Y0        BUFG (Prop_bufg_I_O)         0.091    13.341 r  clk_100MHz_IBUF_BUFG_inst/O
                         net (fo=424, routed)         1.519    14.860    u_accel_monitor/u_accel/clk_100MHz
    SLICE_X1Y4           FDCE                                         r  u_accel_monitor/u_accel/delay_cnt_reg[17]/C
                         clock pessimism              0.274    15.134    
                         clock uncertainty           -0.035    15.099    
    SLICE_X1Y4           FDCE (Setup_fdce_C_D)        0.075    15.174    u_accel_monitor/u_accel/delay_cnt_reg[17]
  -------------------------------------------------------------------
                         required time                         15.174    
                         arrival time                         -10.458    
  -------------------------------------------------------------------
                         slack                                  4.716    

Slack (MET) :             4.861ns  (required time - arrival time)
  Source:                 u_accel_monitor/u_accel/delay_cnt_reg[16]/C
                            (rising edge-triggered cell FDCE clocked by sys_clk_pin  {rise@0.000ns fall@5.000ns period=10.000ns})
  Destination:            u_accel_monitor/u_accel/delay_cnt_reg[2]/D
                            (rising edge-triggered cell FDCE clocked by sys_clk_pin  {rise@0.000ns fall@5.000ns period=10.000ns})
  Path Group:             sys_clk_pin
  Path Type:              Setup (Max at Slow Process Corner)
  Requirement:            10.000ns  (sys_clk_pin rise@10.000ns - sys_clk_pin rise@0.000ns)
  Data Path Delay:        5.109ns  (logic 1.211ns (23.704%)  route 3.898ns (76.296%))
  Logic Levels:           5  (LUT2=1 LUT4=1 LUT6=3)
  Clock Path Skew:        -0.024ns (DCD - SCD + CPR)
    Destination Clock Delay (DCD):    4.861ns = ( 14.861 - 10.000 ) 
    Source Clock Delay      (SCD):    5.159ns
    Clock Pessimism Removal (CPR):    0.274ns
  Clock Uncertainty:      0.035ns  ((TSJ^2 + TIJ^2)^1/2 + DJ) / 2 + PE
    Total System Jitter     (TSJ):    0.071ns
    Total Input Jitter      (TIJ):    0.000ns
    Discrete Jitter          (DJ):    0.000ns
    Phase Error              (PE):    0.000ns

    Location             Delay type                Incr(ns)  Path(ns)    Netlist Resource(s)
  -------------------------------------------------------------------    -------------------
                         (clock sys_clk_pin rise edge)
                                                      0.000     0.000 r  
    W5                                                0.000     0.000 r  clk_100MHz (IN)
                         net (fo=0)                   0.000     0.000    clk_100MHz
    W5                   IBUF (Prop_ibuf_I_O)         1.458     1.458 r  clk_100MHz_IBUF_inst/O
                         net (fo=1, routed)           1.967     3.425    clk_100MHz_IBUF
    BUFGCTRL_X0Y0        BUFG (Prop_bufg_I_O)         0.096     3.521 r  clk_100MHz_IBUF_BUFG_inst/O
                         net (fo=424, routed)         1.638     5.159    u_accel_monitor/u_accel/clk_100MHz
    SLICE_X1Y3           FDCE                                         r  u_accel_monitor/u_accel/delay_cnt_reg[16]/C
  -------------------------------------------------------------------    -------------------
    SLICE_X1Y3           FDCE (Prop_fdce_C_Q)         0.419     5.578 f  u_accel_monitor/u_accel/delay_cnt_reg[16]/Q
                         net (fo=4, routed)           1.170     6.748    u_accel_monitor/u_accel/delay_cnt_reg_n_0_[16]
    SLICE_X1Y3           LUT4 (Prop_lut4_I0_O)        0.296     7.044 r  u_accel_monitor/u_accel/FSM_sequential_state[4]_i_16/O
                         net (fo=4, routed)           0.618     7.662    u_accel_monitor/u_accel/FSM_sequential_state[4]_i_16_n_0
    SLICE_X2Y3           LUT6 (Prop_lut6_I0_O)        0.124     7.786 r  u_accel_monitor/u_accel/delay_cnt[23]_i_14/O
                         net (fo=1, routed)           0.423     8.209    u_accel_monitor/u_accel/delay_cnt[23]_i_14_n_0
    SLICE_X2Y1           LUT6 (Prop_lut6_I0_O)        0.124     8.333 r  u_accel_monitor/u_accel/delay_cnt[23]_i_8/O
                         net (fo=1, routed)           0.706     9.039    u_accel_monitor/u_accel/delay_cnt[23]_i_8_n_0
    SLICE_X3Y1           LUT6 (Prop_lut6_I4_O)        0.124     9.163 r  u_accel_monitor/u_accel/delay_cnt[23]_i_3/O
                         net (fo=23, routed)          0.981    10.144    u_accel_monitor/u_accel/delay_cnt[23]_i_3_n_0
    SLICE_X1Y0           LUT2 (Prop_lut2_I0_O)        0.124    10.268 r  u_accel_monitor/u_accel/delay_cnt[2]_i_1/O
                         net (fo=1, routed)           0.000    10.268    u_accel_monitor/u_accel/delay_cnt[2]_i_1_n_0
    SLICE_X1Y0           FDCE                                         r  u_accel_monitor/u_accel/delay_cnt_reg[2]/D
  -------------------------------------------------------------------    -------------------

                         (clock sys_clk_pin rise edge)
                                                     10.000    10.000 r  
    W5                                                0.000    10.000 r  clk_100MHz (IN)
                         net (fo=0)                   0.000    10.000    clk_100MHz
    W5                   IBUF (Prop_ibuf_I_O)         1.388    11.388 r  clk_100MHz_IBUF_inst/O
                         net (fo=1, routed)           1.862    13.250    clk_100MHz_IBUF
    BUFGCTRL_X0Y0        BUFG (Prop_bufg_I_O)         0.091    13.341 r  clk_100MHz_IBUF_BUFG_inst/O
                         net (fo=424, routed)         1.520    14.861    u_accel_monitor/u_accel/clk_100MHz
    SLICE_X1Y0           FDCE                                         r  u_accel_monitor/u_accel/delay_cnt_reg[2]/C
                         clock pessimism              0.274    15.135    
                         clock uncertainty           -0.035    15.100    
    SLICE_X1Y0           FDCE (Setup_fdce_C_D)        0.029    15.129    u_accel_monitor/u_accel/delay_cnt_reg[2]
  -------------------------------------------------------------------
                         required time                         15.129    
                         arrival time                         -10.268    
  -------------------------------------------------------------------
                         slack                                  4.861    

Slack (MET) :             4.879ns  (required time - arrival time)
  Source:                 u_accel_monitor/u_accel/delay_cnt_reg[16]/C
                            (rising edge-triggered cell FDCE clocked by sys_clk_pin  {rise@0.000ns fall@5.000ns period=10.000ns})
  Destination:            u_accel_monitor/u_accel/delay_cnt_reg[3]/D
                            (rising edge-triggered cell FDCE clocked by sys_clk_pin  {rise@0.000ns fall@5.000ns period=10.000ns})
  Path Group:             sys_clk_pin
  Path Type:              Setup (Max at Slow Process Corner)
  Requirement:            10.000ns  (sys_clk_pin rise@10.000ns - sys_clk_pin rise@0.000ns)
  Data Path Delay:        5.137ns  (logic 1.239ns (24.120%)  route 3.898ns (75.880%))
  Logic Levels:           5  (LUT2=1 LUT4=1 LUT6=3)
  Clock Path Skew:        -0.024ns (DCD - SCD + CPR)
    Destination Clock Delay (DCD):    4.861ns = ( 14.861 - 10.000 ) 
    Source Clock Delay      (SCD):    5.159ns
    Clock Pessimism Removal (CPR):    0.274ns
  Clock Uncertainty:      0.035ns  ((TSJ^2 + TIJ^2)^1/2 + DJ) / 2 + PE
    Total System Jitter     (TSJ):    0.071ns
    Total Input Jitter      (TIJ):    0.000ns
    Discrete Jitter          (DJ):    0.000ns
    Phase Error              (PE):    0.000ns

    Location             Delay type                Incr(ns)  Path(ns)    Netlist Resource(s)
  -------------------------------------------------------------------    -------------------
                         (clock sys_clk_pin rise edge)
                                                      0.000     0.000 r  
    W5                                                0.000     0.000 r  clk_100MHz (IN)
                         net (fo=0)                   0.000     0.000    clk_100MHz
    W5                   IBUF (Prop_ibuf_I_O)         1.458     1.458 r  clk_100MHz_IBUF_inst/O
                         net (fo=1, routed)           1.967     3.425    clk_100MHz_IBUF
    BUFGCTRL_X0Y0        BUFG (Prop_bufg_I_O)         0.096     3.521 r  clk_100MHz_IBUF_BUFG_inst/O
                         net (fo=424, routed)         1.638     5.159    u_accel_monitor/u_accel/clk_100MHz
    SLICE_X1Y3           FDCE                                         r  u_accel_monitor/u_accel/delay_cnt_reg[16]/C
  -------------------------------------------------------------------    -------------------
    SLICE_X1Y3           FDCE (Prop_fdce_C_Q)         0.419     5.578 f  u_accel_monitor/u_accel/delay_cnt_reg[16]/Q
                         net (fo=4, routed)           1.170     6.748    u_accel_monitor/u_accel/delay_cnt_reg_n_0_[16]
    SLICE_X1Y3           LUT4 (Prop_lut4_I0_O)        0.296     7.044 r  u_accel_monitor/u_accel/FSM_sequential_state[4]_i_16/O
                         net (fo=4, routed)           0.618     7.662    u_accel_monitor/u_accel/FSM_sequential_state[4]_i_16_n_0
    SLICE_X2Y3           LUT6 (Prop_lut6_I0_O)        0.124     7.786 r  u_accel_monitor/u_accel/delay_cnt[23]_i_14/O
                         net (fo=1, routed)           0.423     8.209    u_accel_monitor/u_accel/delay_cnt[23]_i_14_n_0
    SLICE_X2Y1           LUT6 (Prop_lut6_I0_O)        0.124     8.333 r  u_accel_monitor/u_accel/delay_cnt[23]_i_8/O
                         net (fo=1, routed)           0.706     9.039    u_accel_monitor/u_accel/delay_cnt[23]_i_8_n_0
    SLICE_X3Y1           LUT6 (Prop_lut6_I4_O)        0.124     9.163 r  u_accel_monitor/u_accel/delay_cnt[23]_i_3/O
                         net (fo=23, routed)          0.981    10.144    u_accel_monitor/u_accel/delay_cnt[23]_i_3_n_0
    SLICE_X1Y0           LUT2 (Prop_lut2_I0_O)        0.152    10.296 r  u_accel_monitor/u_accel/delay_cnt[3]_i_1/O
                         net (fo=1, routed)           0.000    10.296    u_accel_monitor/u_accel/delay_cnt[3]_i_1_n_0
    SLICE_X1Y0           FDCE                                         r  u_accel_monitor/u_accel/delay_cnt_reg[3]/D
  -------------------------------------------------------------------    -------------------

                         (clock sys_clk_pin rise edge)
                                                     10.000    10.000 r  
    W5                                                0.000    10.000 r  clk_100MHz (IN)
                         net (fo=0)                   0.000    10.000    clk_100MHz
    W5                   IBUF (Prop_ibuf_I_O)         1.388    11.388 r  clk_100MHz_IBUF_inst/O
                         net (fo=1, routed)           1.862    13.250    clk_100MHz_IBUF
    BUFGCTRL_X0Y0        BUFG (Prop_bufg_I_O)         0.091    13.341 r  clk_100MHz_IBUF_BUFG_inst/O
                         net (fo=424, routed)         1.520    14.861    u_accel_monitor/u_accel/clk_100MHz
    SLICE_X1Y0           FDCE                                         r  u_accel_monitor/u_accel/delay_cnt_reg[3]/C
                         clock pessimism              0.274    15.135    
                         clock uncertainty           -0.035    15.100    
    SLICE_X1Y0           FDCE (Setup_fdce_C_D)        0.075    15.175    u_accel_monitor/u_accel/delay_cnt_reg[3]
  -------------------------------------------------------------------
                         required time                         15.175    
                         arrival time                         -10.296    
  -------------------------------------------------------------------
                         slack                                  4.879    





Min Delay Paths
--------------------------------------------------------------------------------------
Slack (MET) :             0.118ns  (arrival time - required time)
  Source:                 u_accel_monitor/u_bcd/bcd_digits_reg[1]/C
                            (rising edge-triggered cell FDCE clocked by sys_clk_pin  {rise@0.000ns fall@5.000ns period=10.000ns})
  Destination:            u_accel_monitor/bcd_z_reg[1]/D
                            (rising edge-triggered cell FDCE clocked by sys_clk_pin  {rise@0.000ns fall@5.000ns period=10.000ns})
  Path Group:             sys_clk_pin
  Path Type:              Hold (Min at Fast Process Corner)
  Requirement:            0.000ns  (sys_clk_pin rise@0.000ns - sys_clk_pin rise@0.000ns)
  Data Path Delay:        0.207ns  (logic 0.141ns (68.037%)  route 0.066ns (31.963%))
  Logic Levels:           0  
  Clock Path Skew:        0.013ns (DCD - SCD - CPR)
    Destination Clock Delay (DCD):    1.962ns
    Source Clock Delay      (SCD):    1.448ns
    Clock Pessimism Removal (CPR):    0.501ns

    Location             Delay type                Incr(ns)  Path(ns)    Netlist Resource(s)
  -------------------------------------------------------------------    -------------------
                         (clock sys_clk_pin rise edge)
                                                      0.000     0.000 r  
    W5                                                0.000     0.000 r  clk_100MHz (IN)
                         net (fo=0)                   0.000     0.000    clk_100MHz
    W5                   IBUF (Prop_ibuf_I_O)         0.226     0.226 r  clk_100MHz_IBUF_inst/O
                         net (fo=1, routed)           0.631     0.858    clk_100MHz_IBUF
    BUFGCTRL_X0Y0        BUFG (Prop_bufg_I_O)         0.026     0.884 r  clk_100MHz_IBUF_BUFG_inst/O
                         net (fo=424, routed)         0.565     1.448    u_accel_monitor/u_bcd/clk_100MHz
    SLICE_X13Y9          FDCE                                         r  u_accel_monitor/u_bcd/bcd_digits_reg[1]/C
  -------------------------------------------------------------------    -------------------
    SLICE_X13Y9          FDCE (Prop_fdce_C_Q)         0.141     1.589 r  u_accel_monitor/u_bcd/bcd_digits_reg[1]/Q
                         net (fo=3, routed)           0.066     1.655    u_accel_monitor/bcd_digits[1]
    SLICE_X12Y9          FDCE                                         r  u_accel_monitor/bcd_z_reg[1]/D
  -------------------------------------------------------------------    -------------------

                         (clock sys_clk_pin rise edge)
                                                      0.000     0.000 r  
    W5                                                0.000     0.000 r  clk_100MHz (IN)
                         net (fo=0)                   0.000     0.000    clk_100MHz
    W5                   IBUF (Prop_ibuf_I_O)         0.414     0.414 r  clk_100MHz_IBUF_inst/O
                         net (fo=1, routed)           0.685     1.099    clk_100MHz_IBUF
    BUFGCTRL_X0Y0        BUFG (Prop_bufg_I_O)         0.029     1.128 r  clk_100MHz_IBUF_BUFG_inst/O
                         net (fo=424, routed)         0.835     1.962    u_accel_monitor/clk_100MHz
    SLICE_X12Y9          FDCE                                         r  u_accel_monitor/bcd_z_reg[1]/C
                         clock pessimism             -0.501     1.461    
    SLICE_X12Y9          FDCE (Hold_fdce_C_D)         0.076     1.537    u_accel_monitor/bcd_z_reg[1]
  -------------------------------------------------------------------
                         required time                         -1.537    
                         arrival time                           1.655    
  -------------------------------------------------------------------
                         slack                                  0.118    

Slack (MET) :             0.140ns  (arrival time - required time)
  Source:                 u_accel_monitor/u_accel/u_spi/tx_shiftreg_reg[2]/C
                            (rising edge-triggered cell FDCE clocked by sys_clk_pin  {rise@0.000ns fall@5.000ns period=10.000ns})
  Destination:            u_accel_monitor/u_accel/u_spi/tx_shiftreg_reg[3]/D
                            (rising edge-triggered cell FDCE clocked by sys_clk_pin  {rise@0.000ns fall@5.000ns period=10.000ns})
  Path Group:             sys_clk_pin
  Path Type:              Hold (Min at Fast Process Corner)
  Requirement:            0.000ns  (sys_clk_pin rise@0.000ns - sys_clk_pin rise@0.000ns)
  Data Path Delay:        0.273ns  (logic 0.186ns (68.106%)  route 0.087ns (31.894%))
  Logic Levels:           1  (LUT5=1)
  Clock Path Skew:        0.013ns (DCD - SCD - CPR)
    Destination Clock Delay (DCD):    1.964ns
    Source Clock Delay      (SCD):    1.450ns
    Clock Pessimism Removal (CPR):    0.501ns

    Location             Delay type                Incr(ns)  Path(ns)    Netlist Resource(s)
  -------------------------------------------------------------------    -------------------
                         (clock sys_clk_pin rise edge)
                                                      0.000     0.000 r  
    W5                                                0.000     0.000 r  clk_100MHz (IN)
                         net (fo=0)                   0.000     0.000    clk_100MHz
    W5                   IBUF (Prop_ibuf_I_O)         0.226     0.226 r  clk_100MHz_IBUF_inst/O
                         net (fo=1, routed)           0.631     0.858    clk_100MHz_IBUF
    BUFGCTRL_X0Y0        BUFG (Prop_bufg_I_O)         0.026     0.884 r  clk_100MHz_IBUF_BUFG_inst/O
                         net (fo=424, routed)         0.567     1.450    u_accel_monitor/u_accel/u_spi/clk_100MHz
    SLICE_X13Y1          FDCE                                         r  u_accel_monitor/u_accel/u_spi/tx_shiftreg_reg[2]/C
  -------------------------------------------------------------------    -------------------
    SLICE_X13Y1          FDCE (Prop_fdce_C_Q)         0.141     1.591 r  u_accel_monitor/u_accel/u_spi/tx_shiftreg_reg[2]/Q
                         net (fo=1, routed)           0.087     1.678    u_accel_monitor/u_accel/u_spi/in11[3]
    SLICE_X12Y1          LUT5 (Prop_lut5_I3_O)        0.045     1.723 r  u_accel_monitor/u_accel/u_spi/tx_shiftreg[3]_i_1/O
                         net (fo=1, routed)           0.000     1.723    u_accel_monitor/u_accel/u_spi/tx_shiftreg[3]
    SLICE_X12Y1          FDCE                                         r  u_accel_monitor/u_accel/u_spi/tx_shiftreg_reg[3]/D
  -------------------------------------------------------------------    -------------------

                         (clock sys_clk_pin rise edge)
                                                      0.000     0.000 r  
    W5                                                0.000     0.000 r  clk_100MHz (IN)
                         net (fo=0)                   0.000     0.000    clk_100MHz
    W5                   IBUF (Prop_ibuf_I_O)         0.414     0.414 r  clk_100MHz_IBUF_inst/O
                         net (fo=1, routed)           0.685     1.099    clk_100MHz_IBUF
    BUFGCTRL_X0Y0        BUFG (Prop_bufg_I_O)         0.029     1.128 r  clk_100MHz_IBUF_BUFG_inst/O
                         net (fo=424, routed)         0.837     1.964    u_accel_monitor/u_accel/u_spi/clk_100MHz
    SLICE_X12Y1          FDCE                                         r  u_accel_monitor/u_accel/u_spi/tx_shiftreg_reg[3]/C
                         clock pessimism             -0.501     1.463    
    SLICE_X12Y1          FDCE (Hold_fdce_C_D)         0.120     1.583    u_accel_monitor/u_accel/u_spi/tx_shiftreg_reg[3]
  -------------------------------------------------------------------
                         required time                         -1.583    
                         arrival time                           1.723    
  -------------------------------------------------------------------
                         slack                                  0.140    

Slack (MET) :             0.155ns  (arrival time - required time)
  Source:                 u_accel_monitor/u_accel/u_spi/bits_remaining_reg[0]/C
                            (rising edge-triggered cell FDCE clocked by sys_clk_pin  {rise@0.000ns fall@5.000ns period=10.000ns})
  Destination:            u_accel_monitor/u_accel/u_spi/FSM_onehot_state_reg[3]/D
                            (rising edge-triggered cell FDCE clocked by sys_clk_pin  {rise@0.000ns fall@5.000ns period=10.000ns})
  Path Group:             sys_clk_pin
  Path Type:              Hold (Min at Fast Process Corner)
  Requirement:            0.000ns  (sys_clk_pin rise@0.000ns - sys_clk_pin rise@0.000ns)
  Data Path Delay:        0.299ns  (logic 0.189ns (63.138%)  route 0.110ns (36.862%))
  Logic Levels:           1  (LUT4=1)
  Clock Path Skew:        0.013ns (DCD - SCD - CPR)
    Destination Clock Delay (DCD):    1.964ns
    Source Clock Delay      (SCD):    1.450ns
    Clock Pessimism Removal (CPR):    0.501ns

    Location             Delay type                Incr(ns)  Path(ns)    Netlist Resource(s)
  -------------------------------------------------------------------    -------------------
                         (clock sys_clk_pin rise edge)
                                                      0.000     0.000 r  
    W5                                                0.000     0.000 r  clk_100MHz (IN)
                         net (fo=0)                   0.000     0.000    clk_100MHz
    W5                   IBUF (Prop_ibuf_I_O)         0.226     0.226 r  clk_100MHz_IBUF_inst/O
                         net (fo=1, routed)           0.631     0.858    clk_100MHz_IBUF
    BUFGCTRL_X0Y0        BUFG (Prop_bufg_I_O)         0.026     0.884 r  clk_100MHz_IBUF_BUFG_inst/O
                         net (fo=424, routed)         0.567     1.450    u_accel_monitor/u_accel/u_spi/clk_100MHz
    SLICE_X13Y0          FDCE                                         r  u_accel_monitor/u_accel/u_spi/bits_remaining_reg[0]/C
  -------------------------------------------------------------------    -------------------
    SLICE_X13Y0          FDCE (Prop_fdce_C_Q)         0.141     1.591 f  u_accel_monitor/u_accel/u_spi/bits_remaining_reg[0]/Q
                         net (fo=6, routed)           0.110     1.701    u_accel_monitor/u_accel/u_spi/bits_remaining_reg_n_0_[0]
    SLICE_X12Y0          LUT4 (Prop_lut4_I2_O)        0.048     1.749 r  u_accel_monitor/u_accel/u_spi/FSM_onehot_state[3]_i_2/O
                         net (fo=1, routed)           0.000     1.749    u_accel_monitor/u_accel/u_spi/FSM_onehot_state[3]_i_2_n_0
    SLICE_X12Y0          FDCE                                         r  u_accel_monitor/u_accel/u_spi/FSM_onehot_state_reg[3]/D
  -------------------------------------------------------------------    -------------------

                         (clock sys_clk_pin rise edge)
                                                      0.000     0.000 r  
    W5                                                0.000     0.000 r  clk_100MHz (IN)
                         net (fo=0)                   0.000     0.000    clk_100MHz
    W5                   IBUF (Prop_ibuf_I_O)         0.414     0.414 r  clk_100MHz_IBUF_inst/O
                         net (fo=1, routed)           0.685     1.099    clk_100MHz_IBUF
    BUFGCTRL_X0Y0        BUFG (Prop_bufg_I_O)         0.029     1.128 r  clk_100MHz_IBUF_BUFG_inst/O
                         net (fo=424, routed)         0.837     1.964    u_accel_monitor/u_accel/u_spi/clk_100MHz
    SLICE_X12Y0          FDCE                                         r  u_accel_monitor/u_accel/u_spi/FSM_onehot_state_reg[3]/C
                         clock pessimism             -0.501     1.463    
    SLICE_X12Y0          FDCE (Hold_fdce_C_D)         0.131     1.594    u_accel_monitor/u_accel/u_spi/FSM_onehot_state_reg[3]
  -------------------------------------------------------------------
                         required time                         -1.594    
                         arrival time                           1.749    
  -------------------------------------------------------------------
                         slack                                  0.155    

Slack (MET) :             0.160ns  (arrival time - required time)
  Source:                 u_accel_monitor/u_accel/y_high_byte_reg[5]/C
                            (rising edge-triggered cell FDRE clocked by sys_clk_pin  {rise@0.000ns fall@5.000ns period=10.000ns})
  Destination:            u_accel_monitor/u_accel/accel_y_reg[13]/D
                            (rising edge-triggered cell FDCE clocked by sys_clk_pin  {rise@0.000ns fall@5.000ns period=10.000ns})
  Path Group:             sys_clk_pin
  Path Type:              Hold (Min at Fast Process Corner)
  Requirement:            0.000ns  (sys_clk_pin rise@0.000ns - sys_clk_pin rise@0.000ns)
  Data Path Delay:        0.246ns  (logic 0.141ns (57.356%)  route 0.105ns (42.644%))
  Logic Levels:           0  
  Clock Path Skew:        0.016ns (DCD - SCD - CPR)
    Destination Clock Delay (DCD):    1.991ns
    Source Clock Delay      (SCD):    1.476ns
    Clock Pessimism Removal (CPR):    0.499ns

    Location             Delay type                Incr(ns)  Path(ns)    Netlist Resource(s)
  -------------------------------------------------------------------    -------------------
                         (clock sys_clk_pin rise edge)
                                                      0.000     0.000 r  
    W5                                                0.000     0.000 r  clk_100MHz (IN)
                         net (fo=0)                   0.000     0.000    clk_100MHz
    W5                   IBUF (Prop_ibuf_I_O)         0.226     0.226 r  clk_100MHz_IBUF_inst/O
                         net (fo=1, routed)           0.631     0.858    clk_100MHz_IBUF
    BUFGCTRL_X0Y0        BUFG (Prop_bufg_I_O)         0.026     0.884 r  clk_100MHz_IBUF_BUFG_inst/O
                         net (fo=424, routed)         0.593     1.476    u_accel_monitor/u_accel/clk_100MHz
    SLICE_X4Y4           FDRE                                         r  u_accel_monitor/u_accel/y_high_byte_reg[5]/C
  -------------------------------------------------------------------    -------------------
    SLICE_X4Y4           FDRE (Prop_fdre_C_Q)         0.141     1.617 r  u_accel_monitor/u_accel/y_high_byte_reg[5]/Q
                         net (fo=1, routed)           0.105     1.722    u_accel_monitor/u_accel/y_high_byte__0[5]
    SLICE_X7Y5           FDCE                                         r  u_accel_monitor/u_accel/accel_y_reg[13]/D
  -------------------------------------------------------------------    -------------------

                         (clock sys_clk_pin rise edge)
                                                      0.000     0.000 r  
    W5                                                0.000     0.000 r  clk_100MHz (IN)
                         net (fo=0)                   0.000     0.000    clk_100MHz
    W5                   IBUF (Prop_ibuf_I_O)         0.414     0.414 r  clk_100MHz_IBUF_inst/O
                         net (fo=1, routed)           0.685     1.099    clk_100MHz_IBUF
    BUFGCTRL_X0Y0        BUFG (Prop_bufg_I_O)         0.029     1.128 r  clk_100MHz_IBUF_BUFG_inst/O
                         net (fo=424, routed)         0.864     1.991    u_accel_monitor/u_accel/clk_100MHz
    SLICE_X7Y5           FDCE                                         r  u_accel_monitor/u_accel/accel_y_reg[13]/C
                         clock pessimism             -0.499     1.492    
    SLICE_X7Y5           FDCE (Hold_fdce_C_D)         0.070     1.562    u_accel_monitor/u_accel/accel_y_reg[13]
  -------------------------------------------------------------------
                         required time                         -1.562    
                         arrival time                           1.722    
  -------------------------------------------------------------------
                         slack                                  0.160    

Slack (MET) :             0.163ns  (arrival time - required time)
  Source:                 u_accel_monitor/u_accel/u_spi/bits_remaining_reg[0]/C
                            (rising edge-triggered cell FDCE clocked by sys_clk_pin  {rise@0.000ns fall@5.000ns period=10.000ns})
  Destination:            u_accel_monitor/u_accel/u_spi/FSM_onehot_state_reg[1]/D
                            (rising edge-triggered cell FDCE clocked by sys_clk_pin  {rise@0.000ns fall@5.000ns period=10.000ns})
  Path Group:             sys_clk_pin
  Path Type:              Hold (Min at Fast Process Corner)
  Requirement:            0.000ns  (sys_clk_pin rise@0.000ns - sys_clk_pin rise@0.000ns)
  Data Path Delay:        0.296ns  (logic 0.186ns (62.765%)  route 0.110ns (37.235%))
  Logic Levels:           1  (LUT5=1)
  Clock Path Skew:        0.013ns (DCD - SCD - CPR)
    Destination Clock Delay (DCD):    1.964ns
    Source Clock Delay      (SCD):    1.450ns
    Clock Pessimism Removal (CPR):    0.501ns

    Location             Delay type                Incr(ns)  Path(ns)    Netlist Resource(s)
  -------------------------------------------------------------------    -------------------
                         (clock sys_clk_pin rise edge)
                                                      0.000     0.000 r  
    W5                                                0.000     0.000 r  clk_100MHz (IN)
                         net (fo=0)                   0.000     0.000    clk_100MHz
    W5                   IBUF (Prop_ibuf_I_O)         0.226     0.226 r  clk_100MHz_IBUF_inst/O
                         net (fo=1, routed)           0.631     0.858    clk_100MHz_IBUF
    BUFGCTRL_X0Y0        BUFG (Prop_bufg_I_O)         0.026     0.884 r  clk_100MHz_IBUF_BUFG_inst/O
                         net (fo=424, routed)         0.567     1.450    u_accel_monitor/u_accel/u_spi/clk_100MHz
    SLICE_X13Y0          FDCE                                         r  u_accel_monitor/u_accel/u_spi/bits_remaining_reg[0]/C
  -------------------------------------------------------------------    -------------------
    SLICE_X13Y0          FDCE (Prop_fdce_C_Q)         0.141     1.591 r  u_accel_monitor/u_accel/u_spi/bits_remaining_reg[0]/Q
                         net (fo=6, routed)           0.110     1.701    u_accel_monitor/u_accel/u_spi/bits_remaining_reg_n_0_[0]
    SLICE_X12Y0          LUT5 (Prop_lut5_I1_O)        0.045     1.746 r  u_accel_monitor/u_accel/u_spi/FSM_onehot_state[1]_i_1/O
                         net (fo=1, routed)           0.000     1.746    u_accel_monitor/u_accel/u_spi/FSM_onehot_state[1]_i_1_n_0
    SLICE_X12Y0          FDCE                                         r  u_accel_monitor/u_accel/u_spi/FSM_onehot_state_reg[1]/D
  -------------------------------------------------------------------    -------------------

                         (clock sys_clk_pin rise edge)
                                                      0.000     0.000 r  
    W5                                                0.000     0.000 r  clk_100MHz (IN)
                         net (fo=0)                   0.000     0.000    clk_100MHz
    W5                   IBUF (Prop_ibuf_I_O)         0.414     0.414 r  clk_100MHz_IBUF_inst/O
                         net (fo=1, routed)           0.685     1.099    clk_100MHz_IBUF
    BUFGCTRL_X0Y0        BUFG (Prop_bufg_I_O)         0.029     1.128 r  clk_100MHz_IBUF_BUFG_inst/O
                         net (fo=424, routed)         0.837     1.964    u_accel_monitor/u_accel/u_spi/clk_100MHz
    SLICE_X12Y0          FDCE                                         r  u_accel_monitor/u_accel/u_spi/FSM_onehot_state_reg[1]/C
                         clock pessimism             -0.501     1.463    
    SLICE_X12Y0          FDCE (Hold_fdce_C_D)         0.120     1.583    u_accel_monitor/u_accel/u_spi/FSM_onehot_state_reg[1]
  -------------------------------------------------------------------
                         required time                         -1.583    
                         arrival time                           1.746    
  -------------------------------------------------------------------
                         slack                                  0.163    

Slack (MET) :             0.165ns  (arrival time - required time)
  Source:                 u_accel_monitor/bcd_y_reg[4]/C
                            (rising edge-triggered cell FDCE clocked by sys_clk_pin  {rise@0.000ns fall@5.000ns period=10.000ns})
  Destination:            u_accel_monitor/message_buffer_reg[13][0]/D
                            (rising edge-triggered cell FDRE clocked by sys_clk_pin  {rise@0.000ns fall@5.000ns period=10.000ns})
  Path Group:             sys_clk_pin
  Path Type:              Hold (Min at Fast Process Corner)
  Requirement:            0.000ns  (sys_clk_pin rise@0.000ns - sys_clk_pin rise@0.000ns)
  Data Path Delay:        0.251ns  (logic 0.141ns (56.174%)  route 0.110ns (43.826%))
  Logic Levels:           0  
  Clock Path Skew:        0.016ns (DCD - SCD - CPR)
    Destination Clock Delay (DCD):    1.962ns
    Source Clock Delay      (SCD):    1.448ns
    Clock Pessimism Removal (CPR):    0.498ns

    Location             Delay type                Incr(ns)  Path(ns)    Netlist Resource(s)
  -------------------------------------------------------------------    -------------------
                         (clock sys_clk_pin rise edge)
                                                      0.000     0.000 r  
    W5                                                0.000     0.000 r  clk_100MHz (IN)
                         net (fo=0)                   0.000     0.000    clk_100MHz
    W5                   IBUF (Prop_ibuf_I_O)         0.226     0.226 r  clk_100MHz_IBUF_inst/O
                         net (fo=1, routed)           0.631     0.858    clk_100MHz_IBUF
    BUFGCTRL_X0Y0        BUFG (Prop_bufg_I_O)         0.026     0.884 r  clk_100MHz_IBUF_BUFG_inst/O
                         net (fo=424, routed)         0.565     1.448    u_accel_monitor/clk_100MHz
    SLICE_X9Y7           FDCE                                         r  u_accel_monitor/bcd_y_reg[4]/C
  -------------------------------------------------------------------    -------------------
    SLICE_X9Y7           FDCE (Prop_fdce_C_Q)         0.141     1.589 r  u_accel_monitor/bcd_y_reg[4]/Q
                         net (fo=1, routed)           0.110     1.699    u_accel_monitor/p_17_in[0]
    SLICE_X9Y8           FDRE                                         r  u_accel_monitor/message_buffer_reg[13][0]/D
  -------------------------------------------------------------------    -------------------

                         (clock sys_clk_pin rise edge)
                                                      0.000     0.000 r  
    W5                                                0.000     0.000 r  clk_100MHz (IN)
                         net (fo=0)                   0.000     0.000    clk_100MHz
    W5                   IBUF (Prop_ibuf_I_O)         0.414     0.414 r  clk_100MHz_IBUF_inst/O
                         net (fo=1, routed)           0.685     1.099    clk_100MHz_IBUF
    BUFGCTRL_X0Y0        BUFG (Prop_bufg_I_O)         0.029     1.128 r  clk_100MHz_IBUF_BUFG_inst/O
                         net (fo=424, routed)         0.835     1.962    u_accel_monitor/clk_100MHz
    SLICE_X9Y8           FDRE                                         r  u_accel_monitor/message_buffer_reg[13][0]/C
                         clock pessimism             -0.498     1.464    
    SLICE_X9Y8           FDRE (Hold_fdre_C_D)         0.070     1.534    u_accel_monitor/message_buffer_reg[13][0]
  -------------------------------------------------------------------
                         required time                         -1.534    
                         arrival time                           1.699    
  -------------------------------------------------------------------
                         slack                                  0.165    

Slack (MET) :             0.171ns  (arrival time - required time)
  Source:                 u_accel_monitor/FSM_onehot_state_reg[0]/C
                            (rising edge-triggered cell FDPE clocked by sys_clk_pin  {rise@0.000ns fall@5.000ns period=10.000ns})
  Destination:            u_accel_monitor/FSM_onehot_state_reg[1]/D
                            (rising edge-triggered cell FDCE clocked by sys_clk_pin  {rise@0.000ns fall@5.000ns period=10.000ns})
  Path Group:             sys_clk_pin
  Path Type:              Hold (Min at Fast Process Corner)
  Requirement:            0.000ns  (sys_clk_pin rise@0.000ns - sys_clk_pin rise@0.000ns)
  Data Path Delay:        0.231ns  (logic 0.164ns (70.995%)  route 0.067ns (29.005%))
  Logic Levels:           0  
  Clock Path Skew:        0.000ns (DCD - SCD - CPR)
    Destination Clock Delay (DCD):    1.963ns
    Source Clock Delay      (SCD):    1.449ns
    Clock Pessimism Removal (CPR):    0.514ns

    Location             Delay type                Incr(ns)  Path(ns)    Netlist Resource(s)
  -------------------------------------------------------------------    -------------------
                         (clock sys_clk_pin rise edge)
                                                      0.000     0.000 r  
    W5                                                0.000     0.000 r  clk_100MHz (IN)
                         net (fo=0)                   0.000     0.000    clk_100MHz
    W5                   IBUF (Prop_ibuf_I_O)         0.226     0.226 r  clk_100MHz_IBUF_inst/O
                         net (fo=1, routed)           0.631     0.858    clk_100MHz_IBUF
    BUFGCTRL_X0Y0        BUFG (Prop_bufg_I_O)         0.026     0.884 r  clk_100MHz_IBUF_BUFG_inst/O
                         net (fo=424, routed)         0.566     1.449    u_accel_monitor/clk_100MHz
    SLICE_X12Y4          FDPE                                         r  u_accel_monitor/FSM_onehot_state_reg[0]/C
  -------------------------------------------------------------------    -------------------
    SLICE_X12Y4          FDPE (Prop_fdpe_C_Q)         0.164     1.613 r  u_accel_monitor/FSM_onehot_state_reg[0]/Q
                         net (fo=2, routed)           0.067     1.680    u_accel_monitor/FSM_onehot_state_reg_n_0_[0]
    SLICE_X12Y4          FDCE                                         r  u_accel_monitor/FSM_onehot_state_reg[1]/D
  -------------------------------------------------------------------    -------------------

                         (clock sys_clk_pin rise edge)
                                                      0.000     0.000 r  
    W5                                                0.000     0.000 r  clk_100MHz (IN)
                         net (fo=0)                   0.000     0.000    clk_100MHz
    W5                   IBUF (Prop_ibuf_I_O)         0.414     0.414 r  clk_100MHz_IBUF_inst/O
                         net (fo=1, routed)           0.685     1.099    clk_100MHz_IBUF
    BUFGCTRL_X0Y0        BUFG (Prop_bufg_I_O)         0.029     1.128 r  clk_100MHz_IBUF_BUFG_inst/O
                         net (fo=424, routed)         0.836     1.963    u_accel_monitor/clk_100MHz
    SLICE_X12Y4          FDCE                                         r  u_accel_monitor/FSM_onehot_state_reg[1]/C
                         clock pessimism             -0.514     1.449    
    SLICE_X12Y4          FDCE (Hold_fdce_C_D)         0.060     1.509    u_accel_monitor/FSM_onehot_state_reg[1]
  -------------------------------------------------------------------
                         required time                         -1.509    
                         arrival time                           1.680    
  -------------------------------------------------------------------
                         slack                                  0.171    

Slack (MET) :             0.177ns  (arrival time - required time)
  Source:                 u_accel_monitor/u_bcd/bcd_work_reg[7]/C
                            (rising edge-triggered cell FDCE clocked by sys_clk_pin  {rise@0.000ns fall@5.000ns period=10.000ns})
  Destination:            u_accel_monitor/u_bcd/bcd_work_reg[8]/D
                            (rising edge-triggered cell FDCE clocked by sys_clk_pin  {rise@0.000ns fall@5.000ns period=10.000ns})
  Path Group:             sys_clk_pin
  Path Type:              Hold (Min at Fast Process Corner)
  Requirement:            0.000ns  (sys_clk_pin rise@0.000ns - sys_clk_pin rise@0.000ns)
  Data Path Delay:        0.282ns  (logic 0.209ns (74.015%)  route 0.073ns (25.985%))
  Logic Levels:           1  (LUT4=1)
  Clock Path Skew:        0.013ns (DCD - SCD - CPR)
    Destination Clock Delay (DCD):    1.961ns
    Source Clock Delay      (SCD):    1.447ns
    Clock Pessimism Removal (CPR):    0.501ns

    Location             Delay type                Incr(ns)  Path(ns)    Netlist Resource(s)
  -------------------------------------------------------------------    -------------------
                         (clock sys_clk_pin rise edge)
                                                      0.000     0.000 r  
    W5                                                0.000     0.000 r  clk_100MHz (IN)
                         net (fo=0)                   0.000     0.000    clk_100MHz
    W5                   IBUF (Prop_ibuf_I_O)         0.226     0.226 r  clk_100MHz_IBUF_inst/O
                         net (fo=1, routed)           0.631     0.858    clk_100MHz_IBUF
    BUFGCTRL_X0Y0        BUFG (Prop_bufg_I_O)         0.026     0.884 r  clk_100MHz_IBUF_BUFG_inst/O
                         net (fo=424, routed)         0.564     1.447    u_accel_monitor/u_bcd/clk_100MHz
    SLICE_X14Y11         FDCE                                         r  u_accel_monitor/u_bcd/bcd_work_reg[7]/C
  -------------------------------------------------------------------    -------------------
    SLICE_X14Y11         FDCE (Prop_fdce_C_Q)         0.164     1.611 r  u_accel_monitor/u_bcd/bcd_work_reg[7]/Q
                         net (fo=4, routed)           0.073     1.685    u_accel_monitor/u_bcd/p_0_in[3]
    SLICE_X15Y11         LUT4 (Prop_lut4_I3_O)        0.045     1.730 r  u_accel_monitor/u_bcd/bcd_work[8]_i_1/O
                         net (fo=1, routed)           0.000     1.730    u_accel_monitor/u_bcd/bcd_work[8]
    SLICE_X15Y11         FDCE                                         r  u_accel_monitor/u_bcd/bcd_work_reg[8]/D
  -------------------------------------------------------------------    -------------------

                         (clock sys_clk_pin rise edge)
                                                      0.000     0.000 r  
    W5                                                0.000     0.000 r  clk_100MHz (IN)
                         net (fo=0)                   0.000     0.000    clk_100MHz
    W5                   IBUF (Prop_ibuf_I_O)         0.414     0.414 r  clk_100MHz_IBUF_inst/O
                         net (fo=1, routed)           0.685     1.099    clk_100MHz_IBUF
    BUFGCTRL_X0Y0        BUFG (Prop_bufg_I_O)         0.029     1.128 r  clk_100MHz_IBUF_BUFG_inst/O
                         net (fo=424, routed)         0.834     1.961    u_accel_monitor/u_bcd/clk_100MHz
    SLICE_X15Y11         FDCE                                         r  u_accel_monitor/u_bcd/bcd_work_reg[8]/C
                         clock pessimism             -0.501     1.460    
    SLICE_X15Y11         FDCE (Hold_fdce_C_D)         0.092     1.552    u_accel_monitor/u_bcd/bcd_work_reg[8]
  -------------------------------------------------------------------
                         required time                         -1.552    
                         arrival time                           1.730    
  -------------------------------------------------------------------
                         slack                                  0.177    

Slack (MET) :             0.179ns  (arrival time - required time)
  Source:                 u_accel_monitor/u_accel/y_low_byte_reg[0]/C
                            (rising edge-triggered cell FDRE clocked by sys_clk_pin  {rise@0.000ns fall@5.000ns period=10.000ns})
  Destination:            u_accel_monitor/u_accel/accel_y_reg[0]/D
                            (rising edge-triggered cell FDCE clocked by sys_clk_pin  {rise@0.000ns fall@5.000ns period=10.000ns})
  Path Group:             sys_clk_pin
  Path Type:              Hold (Min at Fast Process Corner)
  Requirement:            0.000ns  (sys_clk_pin rise@0.000ns - sys_clk_pin rise@0.000ns)
  Data Path Delay:        0.253ns  (logic 0.141ns (55.730%)  route 0.112ns (44.270%))
  Logic Levels:           0  
  Clock Path Skew:        0.015ns (DCD - SCD - CPR)
    Destination Clock Delay (DCD):    1.993ns
    Source Clock Delay      (SCD):    1.479ns
    Clock Pessimism Removal (CPR):    0.499ns

    Location             Delay type                Incr(ns)  Path(ns)    Netlist Resource(s)
  -------------------------------------------------------------------    -------------------
                         (clock sys_clk_pin rise edge)
                                                      0.000     0.000 r  
    W5                                                0.000     0.000 r  clk_100MHz (IN)
                         net (fo=0)                   0.000     0.000    clk_100MHz
    W5                   IBUF (Prop_ibuf_I_O)         0.226     0.226 r  clk_100MHz_IBUF_inst/O
                         net (fo=1, routed)           0.631     0.858    clk_100MHz_IBUF
    BUFGCTRL_X0Y0        BUFG (Prop_bufg_I_O)         0.026     0.884 r  clk_100MHz_IBUF_BUFG_inst/O
                         net (fo=424, routed)         0.596     1.479    u_accel_monitor/u_accel/clk_100MHz
    SLICE_X3Y2           FDRE                                         r  u_accel_monitor/u_accel/y_low_byte_reg[0]/C
  -------------------------------------------------------------------    -------------------
    SLICE_X3Y2           FDRE (Prop_fdre_C_Q)         0.141     1.620 r  u_accel_monitor/u_accel/y_low_byte_reg[0]/Q
                         net (fo=1, routed)           0.112     1.732    u_accel_monitor/u_accel/y_low_byte__0[0]
    SLICE_X2Y3           FDCE                                         r  u_accel_monitor/u_accel/accel_y_reg[0]/D
  -------------------------------------------------------------------    -------------------

                         (clock sys_clk_pin rise edge)
                                                      0.000     0.000 r  
    W5                                                0.000     0.000 r  clk_100MHz (IN)
                         net (fo=0)                   0.000     0.000    clk_100MHz
    W5                   IBUF (Prop_ibuf_I_O)         0.414     0.414 r  clk_100MHz_IBUF_inst/O
                         net (fo=1, routed)           0.685     1.099    clk_100MHz_IBUF
    BUFGCTRL_X0Y0        BUFG (Prop_bufg_I_O)         0.029     1.128 r  clk_100MHz_IBUF_BUFG_inst/O
                         net (fo=424, routed)         0.866     1.993    u_accel_monitor/u_accel/clk_100MHz
    SLICE_X2Y3           FDCE                                         r  u_accel_monitor/u_accel/accel_y_reg[0]/C
                         clock pessimism             -0.499     1.494    
    SLICE_X2Y3           FDCE (Hold_fdce_C_D)         0.059     1.553    u_accel_monitor/u_accel/accel_y_reg[0]
  -------------------------------------------------------------------
                         required time                         -1.553    
                         arrival time                           1.732    
  -------------------------------------------------------------------
                         slack                                  0.179    

Slack (MET) :             0.179ns  (arrival time - required time)
  Source:                 u_accel_monitor/u_uart/bit_timer_reg[5]/C
                            (rising edge-triggered cell FDCE clocked by sys_clk_pin  {rise@0.000ns fall@5.000ns period=10.000ns})
  Destination:            u_accel_monitor/u_uart/bit_timer_reg[6]/D
                            (rising edge-triggered cell FDCE clocked by sys_clk_pin  {rise@0.000ns fall@5.000ns period=10.000ns})
  Path Group:             sys_clk_pin
  Path Type:              Hold (Min at Fast Process Corner)
  Requirement:            0.000ns  (sys_clk_pin rise@0.000ns - sys_clk_pin rise@0.000ns)
  Data Path Delay:        0.316ns  (logic 0.186ns (58.834%)  route 0.130ns (41.166%))
  Logic Levels:           1  (LUT6=1)
  Clock Path Skew:        0.016ns (DCD - SCD - CPR)
    Destination Clock Delay (DCD):    1.964ns
    Source Clock Delay      (SCD):    1.450ns
    Clock Pessimism Removal (CPR):    0.498ns

    Location             Delay type                Incr(ns)  Path(ns)    Netlist Resource(s)
  -------------------------------------------------------------------    -------------------
                         (clock sys_clk_pin rise edge)
                                                      0.000     0.000 r  
    W5                                                0.000     0.000 r  clk_100MHz (IN)
                         net (fo=0)                   0.000     0.000    clk_100MHz
    W5                   IBUF (Prop_ibuf_I_O)         0.226     0.226 r  clk_100MHz_IBUF_inst/O
                         net (fo=1, routed)           0.631     0.858    clk_100MHz_IBUF
    BUFGCTRL_X0Y0        BUFG (Prop_bufg_I_O)         0.026     0.884 r  clk_100MHz_IBUF_BUFG_inst/O
                         net (fo=424, routed)         0.567     1.450    u_accel_monitor/u_uart/clk_100MHz
    SLICE_X15Y1          FDCE                                         r  u_accel_monitor/u_uart/bit_timer_reg[5]/C
  -------------------------------------------------------------------    -------------------
    SLICE_X15Y1          FDCE (Prop_fdce_C_Q)         0.141     1.591 r  u_accel_monitor/u_uart/bit_timer_reg[5]/Q
                         net (fo=4, routed)           0.130     1.721    u_accel_monitor/u_uart/bit_timer_reg_n_0_[5]
    SLICE_X14Y2          LUT6 (Prop_lut6_I3_O)        0.045     1.766 r  u_accel_monitor/u_uart/bit_timer[6]_i_1/O
                         net (fo=1, routed)           0.000     1.766    u_accel_monitor/u_uart/bit_timer[6]
    SLICE_X14Y2          FDCE                                         r  u_accel_monitor/u_uart/bit_timer_reg[6]/D
  -------------------------------------------------------------------    -------------------

                         (clock sys_clk_pin rise edge)
                                                      0.000     0.000 r  
    W5                                                0.000     0.000 r  clk_100MHz (IN)
                         net (fo=0)                   0.000     0.000    clk_100MHz
    W5                   IBUF (Prop_ibuf_I_O)         0.414     0.414 r  clk_100MHz_IBUF_inst/O
                         net (fo=1, routed)           0.685     1.099    clk_100MHz_IBUF
    BUFGCTRL_X0Y0        BUFG (Prop_bufg_I_O)         0.029     1.128 r  clk_100MHz_IBUF_BUFG_inst/O
                         net (fo=424, routed)         0.837     1.964    u_accel_monitor/u_uart/clk_100MHz
    SLICE_X14Y2          FDCE                                         r  u_accel_monitor/u_uart/bit_timer_reg[6]/C
                         clock pessimism             -0.498     1.466    
    SLICE_X14Y2          FDCE (Hold_fdce_C_D)         0.121     1.587    u_accel_monitor/u_uart/bit_timer_reg[6]
  -------------------------------------------------------------------
                         required time                         -1.587    
                         arrival time                           1.766    
  -------------------------------------------------------------------
                         slack                                  0.179    





Pulse Width Checks
--------------------------------------------------------------------------------------
Clock Name:         sys_clk_pin
Waveform(ns):       { 0.000 5.000 }
Period(ns):         10.000
Sources:            { clk_100MHz }

Check Type        Corner  Lib Pin  Reference Pin  Required(ns)  Actual(ns)  Slack(ns)  Location       Pin
Min Period        n/a     BUFG/I   n/a            2.155         10.000      7.845      BUFGCTRL_X0Y0  clk_100MHz_IBUF_BUFG_inst/I
Min Period        n/a     FDPE/C   n/a            1.000         10.000      9.000      SLICE_X12Y4    u_accel_monitor/FSM_onehot_state_reg[0]/C
Min Period        n/a     FDCE/C   n/a            1.000         10.000      9.000      SLICE_X13Y4    u_accel_monitor/FSM_onehot_state_reg[10]/C
Min Period        n/a     FDCE/C   n/a            1.000         10.000      9.000      SLICE_X12Y4    u_accel_monitor/FSM_onehot_state_reg[1]/C
Min Period        n/a     FDCE/C   n/a            1.000         10.000      9.000      SLICE_X12Y4    u_accel_monitor/FSM_onehot_state_reg[2]/C
Min Period        n/a     FDCE/C   n/a            1.000         10.000      9.000      SLICE_X12Y4    u_accel_monitor/FSM_onehot_state_reg[3]/C
Min Period        n/a     FDCE/C   n/a            1.000         10.000      9.000      SLICE_X12Y4    u_accel_monitor/FSM_onehot_state_reg[4]/C
Min Period        n/a     FDCE/C   n/a            1.000         10.000      9.000      SLICE_X12Y4    u_accel_monitor/FSM_onehot_state_reg[5]/C
Min Period        n/a     FDCE/C   n/a            1.000         10.000      9.000      SLICE_X13Y4    u_accel_monitor/FSM_onehot_state_reg[6]/C
Min Period        n/a     FDCE/C   n/a            1.000         10.000      9.000      SLICE_X13Y4    u_accel_monitor/FSM_onehot_state_reg[7]/C
Low Pulse Width   Slow    FDPE/C   n/a            0.500         5.000       4.500      SLICE_X12Y4    u_accel_monitor/FSM_onehot_state_reg[0]/C
Low Pulse Width   Fast    FDPE/C   n/a            0.500         5.000       4.500      SLICE_X12Y4    u_accel_monitor/FSM_onehot_state_reg[0]/C
Low Pulse Width   Slow    FDCE/C   n/a            0.500         5.000       4.500      SLICE_X13Y4    u_accel_monitor/FSM_onehot_state_reg[10]/C
Low Pulse Width   Fast    FDCE/C   n/a            0.500         5.000       4.500      SLICE_X13Y4    u_accel_monitor/FSM_onehot_state_reg[10]/C
Low Pulse Width   Slow    FDCE/C   n/a            0.500         5.000       4.500      SLICE_X12Y4    u_accel_monitor/FSM_onehot_state_reg[1]/C
Low Pulse Width   Fast    FDCE/C   n/a            0.500         5.000       4.500      SLICE_X12Y4    u_accel_monitor/FSM_onehot_state_reg[1]/C
Low Pulse Width   Slow    FDCE/C   n/a            0.500         5.000       4.500      SLICE_X12Y4    u_accel_monitor/FSM_onehot_state_reg[2]/C
Low Pulse Width   Fast    FDCE/C   n/a            0.500         5.000       4.500      SLICE_X12Y4    u_accel_monitor/FSM_onehot_state_reg[2]/C
Low Pulse Width   Slow    FDCE/C   n/a            0.500         5.000       4.500      SLICE_X12Y4    u_accel_monitor/FSM_onehot_state_reg[3]/C
Low Pulse Width   Fast    FDCE/C   n/a            0.500         5.000       4.500      SLICE_X12Y4    u_accel_monitor/FSM_onehot_state_reg[3]/C
High Pulse Width  Slow    FDPE/C   n/a            0.500         5.000       4.500      SLICE_X12Y4    u_accel_monitor/FSM_onehot_state_reg[0]/C
High Pulse Width  Fast    FDPE/C   n/a            0.500         5.000       4.500      SLICE_X12Y4    u_accel_monitor/FSM_onehot_state_reg[0]/C
High Pulse Width  Slow    FDCE/C   n/a            0.500         5.000       4.500      SLICE_X13Y4    u_accel_monitor/FSM_onehot_state_reg[10]/C
High Pulse Width  Fast    FDCE/C   n/a            0.500         5.000       4.500      SLICE_X13Y4    u_accel_monitor/FSM_onehot_state_reg[10]/C
High Pulse Width  Slow    FDCE/C   n/a            0.500         5.000       4.500      SLICE_X12Y4    u_accel_monitor/FSM_onehot_state_reg[1]/C
High Pulse Width  Fast    FDCE/C   n/a            0.500         5.000       4.500      SLICE_X12Y4    u_accel_monitor/FSM_onehot_state_reg[1]/C
High Pulse Width  Slow    FDCE/C   n/a            0.500         5.000       4.500      SLICE_X12Y4    u_accel_monitor/FSM_onehot_state_reg[2]/C
High Pulse Width  Fast    FDCE/C   n/a            0.500         5.000       4.500      SLICE_X12Y4    u_accel_monitor/FSM_onehot_state_reg[2]/C
High Pulse Width  Slow    FDCE/C   n/a            0.500         5.000       4.500      SLICE_X12Y4    u_accel_monitor/FSM_onehot_state_reg[3]/C
High Pulse Width  Fast    FDCE/C   n/a            0.500         5.000       4.500      SLICE_X12Y4    u_accel_monitor/FSM_onehot_state_reg[3]/C



---------------------------------------------------------------------------------------------------
From Clock:  sys_clk_pin
  To Clock:  clk_out1_clocking_wizard_clk_wiz_0_0

Setup :           36  Failing Endpoints,  Worst Slack      -11.249ns,  Total Violation     -324.839ns
Hold  :            0  Failing Endpoints,  Worst Slack        1.098ns,  Total Violation        0.000ns
---------------------------------------------------------------------------------------------------


Max Delay Paths
--------------------------------------------------------------------------------------
Slack (VIOLATED) :        -11.249ns  (required time - arrival time)
  Source:                 u_accel_monitor/u_accel/accel_x_reg[9]/C
                            (rising edge-triggered cell FDCE clocked by sys_clk_pin  {rise@0.000ns fall@5.000ns period=10.000ns})
  Destination:            square_inst/sq_y_reg[7]/D
                            (rising edge-triggered cell FDPE clocked by clk_out1_clocking_wizard_clk_wiz_0_0  {rise@0.000ns fall@19.863ns period=39.725ns})
  Path Group:             clk_out1_clocking_wizard_clk_wiz_0_0
  Path Type:              Setup (Max at Slow Process Corner)
  Requirement:            0.034ns  (clk_out1_clocking_wizard_clk_wiz_0_0 rise@4330.034ns - sys_clk_pin rise@4330.000ns)
  Data Path Delay:        7.332ns  (logic 3.398ns (46.348%)  route 3.934ns (53.652%))
  Logic Levels:           10  (CARRY4=5 LUT2=2 LUT5=2 LUT6=1)
  Clock Path Skew:        -3.574ns (DCD - SCD + CPR)
    Destination Clock Delay (DCD):    1.515ns = ( 4331.550 - 4330.034 ) 
    Source Clock Delay      (SCD):    5.089ns = ( 4335.089 - 4330.000 ) 
    Clock Pessimism Removal (CPR):    0.000ns
  Clock Uncertainty:      0.410ns  ((TSJ^2 + DJ^2)^1/2) / 2 + PE
    Total System Jitter     (TSJ):    0.071ns
    Discrete Jitter          (DJ):    0.320ns
    Phase Error              (PE):    0.247ns
  Clock Domain Crossing:  Inter clock paths are considered valid unless explicitly excluded by timing constraints such as set_clock_groups or set_false_path.

    Location             Delay type                Incr(ns)  Path(ns)    Netlist Resource(s)
  -------------------------------------------------------------------    -------------------
                         (clock sys_clk_pin rise edge)
                                                   4330.000  4330.000 r  
    W5                                                0.000  4330.000 r  clk_100MHz (IN)
                         net (fo=0)                   0.000  4330.000    clk_100MHz
    W5                   IBUF (Prop_ibuf_I_O)         1.458  4331.458 r  clk_100MHz_IBUF_inst/O
                         net (fo=1, routed)           1.967  4333.425    clk_100MHz_IBUF
    BUFGCTRL_X0Y0        BUFG (Prop_bufg_I_O)         0.096  4333.521 r  clk_100MHz_IBUF_BUFG_inst/O
                         net (fo=424, routed)         1.568  4335.089    u_accel_monitor/u_accel/clk_100MHz
    SLICE_X8Y7           FDCE                                         r  u_accel_monitor/u_accel/accel_x_reg[9]/C
  -------------------------------------------------------------------    -------------------
    SLICE_X8Y7           FDCE (Prop_fdce_C_Q)         0.518  4335.607 r  u_accel_monitor/u_accel/accel_x_reg[9]/Q
                         net (fo=9, routed)           0.947  4336.554    u_accel_monitor/u_accel/accel_x[9]
    SLICE_X8Y4           LUT2 (Prop_lut2_I0_O)        0.124  4336.678 r  u_accel_monitor/u_accel/sq_y[9]_i_62/O
                         net (fo=1, routed)           0.000  4336.678    u_accel_monitor/u_accel/sq_y[9]_i_62_n_0
    SLICE_X8Y4           CARRY4 (Prop_carry4_S[0]_CO[3])
                                                      0.513  4337.191 r  u_accel_monitor/u_accel/sq_y_reg[9]_i_50/CO[3]
                         net (fo=6, routed)           1.479  4338.669    u_accel_monitor/u_accel/u_accel_motion/sel
    SLICE_X7Y8           LUT5 (Prop_lut5_I3_O)        0.124  4338.793 r  u_accel_monitor/u_accel/sq_y[1]_i_4/O
                         net (fo=1, routed)           0.000  4338.793    square_inst/sq_y_reg[1]_0[1]
    SLICE_X7Y8           CARRY4 (Prop_carry4_S[1]_CO[3])
                                                      0.550  4339.343 r  square_inst/sq_y_reg[1]_i_2/CO[3]
                         net (fo=1, routed)           0.000  4339.343    square_inst/sq_y_reg[1]_i_2_n_0
    SLICE_X7Y9           CARRY4 (Prop_carry4_CI_CO[3])
                                                      0.114  4339.457 r  square_inst/sq_y_reg[9]_i_52/CO[3]
                         net (fo=1, routed)           0.000  4339.457    square_inst/sq_y_reg[9]_i_52_n_0
    SLICE_X7Y10          CARRY4 (Prop_carry4_CI_CO[1])
                                                      0.157  4339.614 f  square_inst/sq_y_reg[9]_i_53/CO[1]
                         net (fo=2, routed)           0.450  4340.064    square_inst/sq_y3[10]
    SLICE_X5Y10          LUT2 (Prop_lut2_I1_O)        0.329  4340.393 r  square_inst/sq_y[9]_i_49_comp/O
                         net (fo=1, routed)           0.564  4340.958    square_inst/sq_y[9]_i_49_n_0_repN
    SLICE_X6Y8           LUT6 (Prop_lut6_I5_O)        0.124  4341.082 r  square_inst/sq_y[8]_i_5_comp/O
                         net (fo=1, routed)           0.000  4341.082    square_inst/sq_y[8]_i_5_n_0
    SLICE_X6Y8           CARRY4 (Prop_carry4_S[0]_O[2])
                                                      0.544  4341.625 r  square_inst/sq_y_reg[8]_i_2/O[2]
                         net (fo=1, routed)           0.494  4342.120    square_inst/sq_y0__0[7]
    SLICE_X5Y9           LUT5 (Prop_lut5_I0_O)        0.301  4342.420 r  square_inst/sq_y[7]_i_1/O
                         net (fo=1, routed)           0.000  4342.420    square_inst/sq_y[7]_i_1_n_0
    SLICE_X5Y9           FDPE                                         r  square_inst/sq_y_reg[7]/D
  -------------------------------------------------------------------    -------------------

                         (clock clk_out1_clocking_wizard_clk_wiz_0_0 rise edge)
                                                   4330.034  4330.034 r  
    BUFGCTRL_X0Y0        BUFG                         0.000  4330.034 r  clk_100MHz_IBUF_BUFG_inst/O
                         net (fo=424, routed)         1.457  4331.492    clk_wiz_inst/clocking_wizard_i/clk_wiz_0/inst/clk_in1
    MMCME2_ADV_X1Y0      MMCME2_ADV (Prop_mmcme2_adv_CLKIN1_CLKOUT0)
                                                     -3.129  4328.362 r  clk_wiz_inst/clocking_wizard_i/clk_wiz_0/inst/mmcm_adv_inst/CLKOUT0
                         net (fo=1, routed)           1.581  4329.943    clk_wiz_inst/clocking_wizard_i/clk_wiz_0/inst/clk_out1_clocking_wizard_clk_wiz_0_0
    BUFGCTRL_X0Y1        BUFG (Prop_bufg_I_O)         0.091  4330.034 r  clk_wiz_inst/clocking_wizard_i/clk_wiz_0/inst/clkout1_buf/O
                         net (fo=139, routed)         1.515  4331.550    square_inst/CLK
    SLICE_X5Y9           FDPE                                         r  square_inst/sq_y_reg[7]/C
                         clock pessimism              0.000  4331.550    
                         clock uncertainty           -0.410  4331.139    
    SLICE_X5Y9           FDPE (Setup_fdpe_C_D)        0.032  4331.171    square_inst/sq_y_reg[7]
  -------------------------------------------------------------------
                         required time                       4331.171    
                         arrival time                       -4342.421    
  -------------------------------------------------------------------
                         slack                                -11.249    

Slack (VIOLATED) :        -11.224ns  (required time - arrival time)
  Source:                 u_accel_monitor/u_accel/accel_x_reg[9]/C
                            (rising edge-triggered cell FDCE clocked by sys_clk_pin  {rise@0.000ns fall@5.000ns period=10.000ns})
  Destination:            square_inst/sq_y_reg[9]/D
                            (rising edge-triggered cell FDCE clocked by clk_out1_clocking_wizard_clk_wiz_0_0  {rise@0.000ns fall@19.863ns period=39.725ns})
  Path Group:             clk_out1_clocking_wizard_clk_wiz_0_0
  Path Type:              Setup (Max at Slow Process Corner)
  Requirement:            0.034ns  (clk_out1_clocking_wizard_clk_wiz_0_0 rise@4330.034ns - sys_clk_pin rise@4330.000ns)
  Data Path Delay:        7.305ns  (logic 3.580ns (49.008%)  route 3.725ns (50.992%))
  Logic Levels:           11  (CARRY4=6 LUT2=2 LUT5=2 LUT6=1)
  Clock Path Skew:        -3.574ns (DCD - SCD + CPR)
    Destination Clock Delay (DCD):    1.515ns = ( 4331.550 - 4330.034 ) 
    Source Clock Delay      (SCD):    5.089ns = ( 4335.089 - 4330.000 ) 
    Clock Pessimism Removal (CPR):    0.000ns
  Clock Uncertainty:      0.410ns  ((TSJ^2 + DJ^2)^1/2) / 2 + PE
    Total System Jitter     (TSJ):    0.071ns
    Discrete Jitter          (DJ):    0.320ns
    Phase Error              (PE):    0.247ns
  Clock Domain Crossing:  Inter clock paths are considered valid unless explicitly excluded by timing constraints such as set_clock_groups or set_false_path.

    Location             Delay type                Incr(ns)  Path(ns)    Netlist Resource(s)
  -------------------------------------------------------------------    -------------------
                         (clock sys_clk_pin rise edge)
                                                   4330.000  4330.000 r  
    W5                                                0.000  4330.000 r  clk_100MHz (IN)
                         net (fo=0)                   0.000  4330.000    clk_100MHz
    W5                   IBUF (Prop_ibuf_I_O)         1.458  4331.458 r  clk_100MHz_IBUF_inst/O
                         net (fo=1, routed)           1.967  4333.425    clk_100MHz_IBUF
    BUFGCTRL_X0Y0        BUFG (Prop_bufg_I_O)         0.096  4333.521 r  clk_100MHz_IBUF_BUFG_inst/O
                         net (fo=424, routed)         1.568  4335.089    u_accel_monitor/u_accel/clk_100MHz
    SLICE_X8Y7           FDCE                                         r  u_accel_monitor/u_accel/accel_x_reg[9]/C
  -------------------------------------------------------------------    -------------------
    SLICE_X8Y7           FDCE (Prop_fdce_C_Q)         0.518  4335.607 r  u_accel_monitor/u_accel/accel_x_reg[9]/Q
                         net (fo=9, routed)           0.947  4336.554    u_accel_monitor/u_accel/accel_x[9]
    SLICE_X8Y4           LUT2 (Prop_lut2_I0_O)        0.124  4336.678 r  u_accel_monitor/u_accel/sq_y[9]_i_62/O
                         net (fo=1, routed)           0.000  4336.678    u_accel_monitor/u_accel/sq_y[9]_i_62_n_0
    SLICE_X8Y4           CARRY4 (Prop_carry4_S[0]_CO[3])
                                                      0.513  4337.191 r  u_accel_monitor/u_accel/sq_y_reg[9]_i_50/CO[3]
                         net (fo=6, routed)           1.479  4338.669    u_accel_monitor/u_accel/u_accel_motion/sel
    SLICE_X7Y8           LUT5 (Prop_lut5_I3_O)        0.124  4338.793 r  u_accel_monitor/u_accel/sq_y[1]_i_4/O
                         net (fo=1, routed)           0.000  4338.793    square_inst/sq_y_reg[1]_0[1]
    SLICE_X7Y8           CARRY4 (Prop_carry4_S[1]_CO[3])
                                                      0.550  4339.343 r  square_inst/sq_y_reg[1]_i_2/CO[3]
                         net (fo=1, routed)           0.000  4339.343    square_inst/sq_y_reg[1]_i_2_n_0
    SLICE_X7Y9           CARRY4 (Prop_carry4_CI_CO[3])
                                                      0.114  4339.457 r  square_inst/sq_y_reg[9]_i_52/CO[3]
                         net (fo=1, routed)           0.000  4339.457    square_inst/sq_y_reg[9]_i_52_n_0
    SLICE_X7Y10          CARRY4 (Prop_carry4_CI_CO[1])
                                                      0.157  4339.614 f  square_inst/sq_y_reg[9]_i_53/CO[1]
                         net (fo=2, routed)           0.450  4340.064    square_inst/sq_y3[10]
    SLICE_X5Y10          LUT2 (Prop_lut2_I1_O)        0.329  4340.393 r  square_inst/sq_y[9]_i_49_comp/O
                         net (fo=1, routed)           0.564  4340.958    square_inst/sq_y[9]_i_49_n_0_repN
    SLICE_X6Y8           LUT6 (Prop_lut6_I5_O)        0.124  4341.082 r  square_inst/sq_y[8]_i_5_comp/O
                         net (fo=1, routed)           0.000  4341.082    square_inst/sq_y[8]_i_5_n_0
    SLICE_X6Y8           CARRY4 (Prop_carry4_S[0]_CO[3])
                                                      0.513  4341.595 r  square_inst/sq_y_reg[8]_i_2/CO[3]
                         net (fo=1, routed)           0.000  4341.595    square_inst/sq_y_reg[8]_i_2_n_0
    SLICE_X6Y9           CARRY4 (Prop_carry4_CI_O[0])
                                                      0.219  4341.814 r  square_inst/sq_y_reg[9]_i_6/O[0]
                         net (fo=1, routed)           0.286  4342.100    square_inst/sq_y0__0[9]
    SLICE_X5Y9           LUT5 (Prop_lut5_I0_O)        0.295  4342.395 r  square_inst/sq_y[9]_i_2/O
                         net (fo=1, routed)           0.000  4342.395    square_inst/sq_y[9]_i_2_n_0
    SLICE_X5Y9           FDCE                                         r  square_inst/sq_y_reg[9]/D
  -------------------------------------------------------------------    -------------------

                         (clock clk_out1_clocking_wizard_clk_wiz_0_0 rise edge)
                                                   4330.034  4330.034 r  
    BUFGCTRL_X0Y0        BUFG                         0.000  4330.034 r  clk_100MHz_IBUF_BUFG_inst/O
                         net (fo=424, routed)         1.457  4331.492    clk_wiz_inst/clocking_wizard_i/clk_wiz_0/inst/clk_in1
    MMCME2_ADV_X1Y0      MMCME2_ADV (Prop_mmcme2_adv_CLKIN1_CLKOUT0)
                                                     -3.129  4328.362 r  clk_wiz_inst/clocking_wizard_i/clk_wiz_0/inst/mmcm_adv_inst/CLKOUT0
                         net (fo=1, routed)           1.581  4329.943    clk_wiz_inst/clocking_wizard_i/clk_wiz_0/inst/clk_out1_clocking_wizard_clk_wiz_0_0
    BUFGCTRL_X0Y1        BUFG (Prop_bufg_I_O)         0.091  4330.034 r  clk_wiz_inst/clocking_wizard_i/clk_wiz_0/inst/clkout1_buf/O
                         net (fo=139, routed)         1.515  4331.550    square_inst/CLK
    SLICE_X5Y9           FDCE                                         r  square_inst/sq_y_reg[9]/C
                         clock pessimism              0.000  4331.550    
                         clock uncertainty           -0.410  4331.139    
    SLICE_X5Y9           FDCE (Setup_fdce_C_D)        0.031  4331.170    square_inst/sq_y_reg[9]
  -------------------------------------------------------------------
                         required time                       4331.171    
                         arrival time                       -4342.394    
  -------------------------------------------------------------------
                         slack                                -11.224    

Slack (VIOLATED) :        -11.119ns  (required time - arrival time)
  Source:                 u_accel_monitor/u_accel/accel_x_reg[9]/C
                            (rising edge-triggered cell FDCE clocked by sys_clk_pin  {rise@0.000ns fall@5.000ns period=10.000ns})
  Destination:            square_inst/sq_y_reg[8]/D
                            (rising edge-triggered cell FDCE clocked by clk_out1_clocking_wizard_clk_wiz_0_0  {rise@0.000ns fall@19.863ns period=39.725ns})
  Path Group:             clk_out1_clocking_wizard_clk_wiz_0_0
  Path Type:              Setup (Max at Slow Process Corner)
  Requirement:            0.034ns  (clk_out1_clocking_wizard_clk_wiz_0_0 rise@4330.034ns - sys_clk_pin rise@4330.000ns)
  Data Path Delay:        7.201ns  (logic 3.468ns (48.159%)  route 3.733ns (51.841%))
  Logic Levels:           10  (CARRY4=5 LUT2=2 LUT5=2 LUT6=1)
  Clock Path Skew:        -3.573ns (DCD - SCD + CPR)
    Destination Clock Delay (DCD):    1.516ns = ( 4331.551 - 4330.034 ) 
    Source Clock Delay      (SCD):    5.089ns = ( 4335.089 - 4330.000 ) 
    Clock Pessimism Removal (CPR):    0.000ns
  Clock Uncertainty:      0.410ns  ((TSJ^2 + DJ^2)^1/2) / 2 + PE
    Total System Jitter     (TSJ):    0.071ns
    Discrete Jitter          (DJ):    0.320ns
    Phase Error              (PE):    0.247ns
  Clock Domain Crossing:  Inter clock paths are considered valid unless explicitly excluded by timing constraints such as set_clock_groups or set_false_path.

    Location             Delay type                Incr(ns)  Path(ns)    Netlist Resource(s)
  -------------------------------------------------------------------    -------------------
                         (clock sys_clk_pin rise edge)
                                                   4330.000  4330.000 r  
    W5                                                0.000  4330.000 r  clk_100MHz (IN)
                         net (fo=0)                   0.000  4330.000    clk_100MHz
    W5                   IBUF (Prop_ibuf_I_O)         1.458  4331.458 r  clk_100MHz_IBUF_inst/O
                         net (fo=1, routed)           1.967  4333.425    clk_100MHz_IBUF
    BUFGCTRL_X0Y0        BUFG (Prop_bufg_I_O)         0.096  4333.521 r  clk_100MHz_IBUF_BUFG_inst/O
                         net (fo=424, routed)         1.568  4335.089    u_accel_monitor/u_accel/clk_100MHz
    SLICE_X8Y7           FDCE                                         r  u_accel_monitor/u_accel/accel_x_reg[9]/C
  -------------------------------------------------------------------    -------------------
    SLICE_X8Y7           FDCE (Prop_fdce_C_Q)         0.518  4335.607 r  u_accel_monitor/u_accel/accel_x_reg[9]/Q
                         net (fo=9, routed)           0.947  4336.554    u_accel_monitor/u_accel/accel_x[9]
    SLICE_X8Y4           LUT2 (Prop_lut2_I0_O)        0.124  4336.678 r  u_accel_monitor/u_accel/sq_y[9]_i_62/O
                         net (fo=1, routed)           0.000  4336.678    u_accel_monitor/u_accel/sq_y[9]_i_62_n_0
    SLICE_X8Y4           CARRY4 (Prop_carry4_S[0]_CO[3])
                                                      0.513  4337.191 r  u_accel_monitor/u_accel/sq_y_reg[9]_i_50/CO[3]
                         net (fo=6, routed)           1.479  4338.669    u_accel_monitor/u_accel/u_accel_motion/sel
    SLICE_X7Y8           LUT5 (Prop_lut5_I3_O)        0.124  4338.793 r  u_accel_monitor/u_accel/sq_y[1]_i_4/O
                         net (fo=1, routed)           0.000  4338.793    square_inst/sq_y_reg[1]_0[1]
    SLICE_X7Y8           CARRY4 (Prop_carry4_S[1]_CO[3])
                                                      0.550  4339.343 r  square_inst/sq_y_reg[1]_i_2/CO[3]
                         net (fo=1, routed)           0.000  4339.343    square_inst/sq_y_reg[1]_i_2_n_0
    SLICE_X7Y9           CARRY4 (Prop_carry4_CI_CO[3])
                                                      0.114  4339.457 r  square_inst/sq_y_reg[9]_i_52/CO[3]
                         net (fo=1, routed)           0.000  4339.457    square_inst/sq_y_reg[9]_i_52_n_0
    SLICE_X7Y10          CARRY4 (Prop_carry4_CI_CO[1])
                                                      0.157  4339.614 f  square_inst/sq_y_reg[9]_i_53/CO[1]
                         net (fo=2, routed)           0.450  4340.064    square_inst/sq_y3[10]
    SLICE_X5Y10          LUT2 (Prop_lut2_I1_O)        0.329  4340.393 r  square_inst/sq_y[9]_i_49_comp/O
                         net (fo=1, routed)           0.564  4340.958    square_inst/sq_y[9]_i_49_n_0_repN
    SLICE_X6Y8           LUT6 (Prop_lut6_I5_O)        0.124  4341.082 r  square_inst/sq_y[8]_i_5_comp/O
                         net (fo=1, routed)           0.000  4341.082    square_inst/sq_y[8]_i_5_n_0
    SLICE_X6Y8           CARRY4 (Prop_carry4_S[0]_O[3])
                                                      0.608  4341.689 r  square_inst/sq_y_reg[8]_i_2/O[3]
                         net (fo=1, routed)           0.294  4341.983    square_inst/sq_y0__0[8]
    SLICE_X7Y7           LUT5 (Prop_lut5_I0_O)        0.307  4342.291 r  square_inst/sq_y[8]_i_1/O
                         net (fo=1, routed)           0.000  4342.291    square_inst/sq_y[8]_i_1_n_0
    SLICE_X7Y7           FDCE                                         r  square_inst/sq_y_reg[8]/D
  -------------------------------------------------------------------    -------------------

                         (clock clk_out1_clocking_wizard_clk_wiz_0_0 rise edge)
                                                   4330.034  4330.034 r  
    BUFGCTRL_X0Y0        BUFG                         0.000  4330.034 r  clk_100MHz_IBUF_BUFG_inst/O
                         net (fo=424, routed)         1.457  4331.492    clk_wiz_inst/clocking_wizard_i/clk_wiz_0/inst/clk_in1
    MMCME2_ADV_X1Y0      MMCME2_ADV (Prop_mmcme2_adv_CLKIN1_CLKOUT0)
                                                     -3.129  4328.362 r  clk_wiz_inst/clocking_wizard_i/clk_wiz_0/inst/mmcm_adv_inst/CLKOUT0
                         net (fo=1, routed)           1.581  4329.943    clk_wiz_inst/clocking_wizard_i/clk_wiz_0/inst/clk_out1_clocking_wizard_clk_wiz_0_0
    BUFGCTRL_X0Y1        BUFG (Prop_bufg_I_O)         0.091  4330.034 r  clk_wiz_inst/clocking_wizard_i/clk_wiz_0/inst/clkout1_buf/O
                         net (fo=139, routed)         1.516  4331.551    square_inst/CLK
    SLICE_X7Y7           FDCE                                         r  square_inst/sq_y_reg[8]/C
                         clock pessimism              0.000  4331.551    
                         clock uncertainty           -0.410  4331.140    
    SLICE_X7Y7           FDCE (Setup_fdce_C_D)        0.031  4331.171    square_inst/sq_y_reg[8]
  -------------------------------------------------------------------
                         required time                       4331.171    
                         arrival time                       -4342.291    
  -------------------------------------------------------------------
                         slack                                -11.119    

Slack (VIOLATED) :        -10.950ns  (required time - arrival time)
  Source:                 u_accel_monitor/u_accel/accel_x_reg[9]/C
                            (rising edge-triggered cell FDCE clocked by sys_clk_pin  {rise@0.000ns fall@5.000ns period=10.000ns})
  Destination:            square_inst/sq_y_reg[6]/D
                            (rising edge-triggered cell FDPE clocked by clk_out1_clocking_wizard_clk_wiz_0_0  {rise@0.000ns fall@19.863ns period=39.725ns})
  Path Group:             clk_out1_clocking_wizard_clk_wiz_0_0
  Path Type:              Setup (Max at Slow Process Corner)
  Requirement:            0.034ns  (clk_out1_clocking_wizard_clk_wiz_0_0 rise@4330.034ns - sys_clk_pin rise@4330.000ns)
  Data Path Delay:        7.031ns  (logic 3.286ns (46.738%)  route 3.745ns (53.262%))
  Logic Levels:           10  (CARRY4=5 LUT2=2 LUT5=2 LUT6=1)
  Clock Path Skew:        -3.574ns (DCD - SCD + CPR)
    Destination Clock Delay (DCD):    1.515ns = ( 4331.550 - 4330.034 ) 
    Source Clock Delay      (SCD):    5.089ns = ( 4335.089 - 4330.000 ) 
    Clock Pessimism Removal (CPR):    0.000ns
  Clock Uncertainty:      0.410ns  ((TSJ^2 + DJ^2)^1/2) / 2 + PE
    Total System Jitter     (TSJ):    0.071ns
    Discrete Jitter          (DJ):    0.320ns
    Phase Error              (PE):    0.247ns
  Clock Domain Crossing:  Inter clock paths are considered valid unless explicitly excluded by timing constraints such as set_clock_groups or set_false_path.

    Location             Delay type                Incr(ns)  Path(ns)    Netlist Resource(s)
  -------------------------------------------------------------------    -------------------
                         (clock sys_clk_pin rise edge)
                                                   4330.000  4330.000 r  
    W5                                                0.000  4330.000 r  clk_100MHz (IN)
                         net (fo=0)                   0.000  4330.000    clk_100MHz
    W5                   IBUF (Prop_ibuf_I_O)         1.458  4331.458 r  clk_100MHz_IBUF_inst/O
                         net (fo=1, routed)           1.967  4333.425    clk_100MHz_IBUF
    BUFGCTRL_X0Y0        BUFG (Prop_bufg_I_O)         0.096  4333.521 r  clk_100MHz_IBUF_BUFG_inst/O
                         net (fo=424, routed)         1.568  4335.089    u_accel_monitor/u_accel/clk_100MHz
    SLICE_X8Y7           FDCE                                         r  u_accel_monitor/u_accel/accel_x_reg[9]/C
  -------------------------------------------------------------------    -------------------
    SLICE_X8Y7           FDCE (Prop_fdce_C_Q)         0.518  4335.607 r  u_accel_monitor/u_accel/accel_x_reg[9]/Q
                         net (fo=9, routed)           0.947  4336.554    u_accel_monitor/u_accel/accel_x[9]
    SLICE_X8Y4           LUT2 (Prop_lut2_I0_O)        0.124  4336.678 r  u_accel_monitor/u_accel/sq_y[9]_i_62/O
                         net (fo=1, routed)           0.000  4336.678    u_accel_monitor/u_accel/sq_y[9]_i_62_n_0
    SLICE_X8Y4           CARRY4 (Prop_carry4_S[0]_CO[3])
                                                      0.513  4337.191 r  u_accel_monitor/u_accel/sq_y_reg[9]_i_50/CO[3]
                         net (fo=6, routed)           1.479  4338.669    u_accel_monitor/u_accel/u_accel_motion/sel
    SLICE_X7Y8           LUT5 (Prop_lut5_I3_O)        0.124  4338.793 r  u_accel_monitor/u_accel/sq_y[1]_i_4/O
                         net (fo=1, routed)           0.000  4338.793    square_inst/sq_y_reg[1]_0[1]
    SLICE_X7Y8           CARRY4 (Prop_carry4_S[1]_CO[3])
                                                      0.550  4339.343 r  square_inst/sq_y_reg[1]_i_2/CO[3]
                         net (fo=1, routed)           0.000  4339.343    square_inst/sq_y_reg[1]_i_2_n_0
    SLICE_X7Y9           CARRY4 (Prop_carry4_CI_CO[3])
                                                      0.114  4339.457 r  square_inst/sq_y_reg[9]_i_52/CO[3]
                         net (fo=1, routed)           0.000  4339.457    square_inst/sq_y_reg[9]_i_52_n_0
    SLICE_X7Y10          CARRY4 (Prop_carry4_CI_CO[1])
                                                      0.157  4339.614 f  square_inst/sq_y_reg[9]_i_53/CO[1]
                         net (fo=2, routed)           0.450  4340.064    square_inst/sq_y3[10]
    SLICE_X5Y10          LUT2 (Prop_lut2_I1_O)        0.329  4340.393 r  square_inst/sq_y[9]_i_49_comp/O
                         net (fo=1, routed)           0.564  4340.958    square_inst/sq_y[9]_i_49_n_0_repN
    SLICE_X6Y8           LUT6 (Prop_lut6_I5_O)        0.124  4341.082 r  square_inst/sq_y[8]_i_5_comp/O
                         net (fo=1, routed)           0.000  4341.082    square_inst/sq_y[8]_i_5_n_0
    SLICE_X6Y8           CARRY4 (Prop_carry4_S[0]_O[1])
                                                      0.427  4341.508 r  square_inst/sq_y_reg[8]_i_2/O[1]
                         net (fo=1, routed)           0.305  4341.814    square_inst/sq_y0__0[6]
    SLICE_X5Y9           LUT5 (Prop_lut5_I0_O)        0.306  4342.120 r  square_inst/sq_y[6]_i_1/O
                         net (fo=1, routed)           0.000  4342.120    square_inst/sq_y[6]_i_1_n_0
    SLICE_X5Y9           FDPE                                         r  square_inst/sq_y_reg[6]/D
  -------------------------------------------------------------------    -------------------

                         (clock clk_out1_clocking_wizard_clk_wiz_0_0 rise edge)
                                                   4330.034  4330.034 r  
    BUFGCTRL_X0Y0        BUFG                         0.000  4330.034 r  clk_100MHz_IBUF_BUFG_inst/O
                         net (fo=424, routed)         1.457  4331.492    clk_wiz_inst/clocking_wizard_i/clk_wiz_0/inst/clk_in1
    MMCME2_ADV_X1Y0      MMCME2_ADV (Prop_mmcme2_adv_CLKIN1_CLKOUT0)
                                                     -3.129  4328.362 r  clk_wiz_inst/clocking_wizard_i/clk_wiz_0/inst/mmcm_adv_inst/CLKOUT0
                         net (fo=1, routed)           1.581  4329.943    clk_wiz_inst/clocking_wizard_i/clk_wiz_0/inst/clk_out1_clocking_wizard_clk_wiz_0_0
    BUFGCTRL_X0Y1        BUFG (Prop_bufg_I_O)         0.091  4330.034 r  clk_wiz_inst/clocking_wizard_i/clk_wiz_0/inst/clkout1_buf/O
                         net (fo=139, routed)         1.515  4331.550    square_inst/CLK
    SLICE_X5Y9           FDPE                                         r  square_inst/sq_y_reg[6]/C
                         clock pessimism              0.000  4331.550    
                         clock uncertainty           -0.410  4331.139    
    SLICE_X5Y9           FDPE (Setup_fdpe_C_D)        0.031  4331.170    square_inst/sq_y_reg[6]
  -------------------------------------------------------------------
                         required time                       4331.171    
                         arrival time                       -4342.120    
  -------------------------------------------------------------------
                         slack                                -10.950    

Slack (VIOLATED) :        -10.752ns  (required time - arrival time)
  Source:                 u_accel_monitor/u_accel/accel_x_reg[9]/C
                            (rising edge-triggered cell FDCE clocked by sys_clk_pin  {rise@0.000ns fall@5.000ns period=10.000ns})
  Destination:            square_inst/sq_y_reg[5]/D
                            (rising edge-triggered cell FDPE clocked by clk_out1_clocking_wizard_clk_wiz_0_0  {rise@0.000ns fall@19.863ns period=39.725ns})
  Path Group:             clk_out1_clocking_wizard_clk_wiz_0_0
  Path Type:              Setup (Max at Slow Process Corner)
  Requirement:            0.034ns  (clk_out1_clocking_wizard_clk_wiz_0_0 rise@4330.034ns - sys_clk_pin rise@4330.000ns)
  Data Path Delay:        6.835ns  (logic 3.100ns (45.354%)  route 3.735ns (54.646%))
  Logic Levels:           10  (CARRY4=5 LUT2=2 LUT5=2 LUT6=1)
  Clock Path Skew:        -3.572ns (DCD - SCD + CPR)
    Destination Clock Delay (DCD):    1.517ns = ( 4331.552 - 4330.034 ) 
    Source Clock Delay      (SCD):    5.089ns = ( 4335.089 - 4330.000 ) 
    Clock Pessimism Removal (CPR):    0.000ns
  Clock Uncertainty:      0.410ns  ((TSJ^2 + DJ^2)^1/2) / 2 + PE
    Total System Jitter     (TSJ):    0.071ns
    Discrete Jitter          (DJ):    0.320ns
    Phase Error              (PE):    0.247ns
  Clock Domain Crossing:  Inter clock paths are considered valid unless explicitly excluded by timing constraints such as set_clock_groups or set_false_path.

    Location             Delay type                Incr(ns)  Path(ns)    Netlist Resource(s)
  -------------------------------------------------------------------    -------------------
                         (clock sys_clk_pin rise edge)
                                                   4330.000  4330.000 r  
    W5                                                0.000  4330.000 r  clk_100MHz (IN)
                         net (fo=0)                   0.000  4330.000    clk_100MHz
    W5                   IBUF (Prop_ibuf_I_O)         1.458  4331.458 r  clk_100MHz_IBUF_inst/O
                         net (fo=1, routed)           1.967  4333.425    clk_100MHz_IBUF
    BUFGCTRL_X0Y0        BUFG (Prop_bufg_I_O)         0.096  4333.521 r  clk_100MHz_IBUF_BUFG_inst/O
                         net (fo=424, routed)         1.568  4335.089    u_accel_monitor/u_accel/clk_100MHz
    SLICE_X8Y7           FDCE                                         r  u_accel_monitor/u_accel/accel_x_reg[9]/C
  -------------------------------------------------------------------    -------------------
    SLICE_X8Y7           FDCE (Prop_fdce_C_Q)         0.518  4335.607 r  u_accel_monitor/u_accel/accel_x_reg[9]/Q
                         net (fo=9, routed)           0.947  4336.554    u_accel_monitor/u_accel/accel_x[9]
    SLICE_X8Y4           LUT2 (Prop_lut2_I0_O)        0.124  4336.678 r  u_accel_monitor/u_accel/sq_y[9]_i_62/O
                         net (fo=1, routed)           0.000  4336.678    u_accel_monitor/u_accel/sq_y[9]_i_62_n_0
    SLICE_X8Y4           CARRY4 (Prop_carry4_S[0]_CO[3])
                                                      0.513  4337.191 r  u_accel_monitor/u_accel/sq_y_reg[9]_i_50/CO[3]
                         net (fo=6, routed)           1.479  4338.669    u_accel_monitor/u_accel/u_accel_motion/sel
    SLICE_X7Y8           LUT5 (Prop_lut5_I3_O)        0.124  4338.793 r  u_accel_monitor/u_accel/sq_y[1]_i_4/O
                         net (fo=1, routed)           0.000  4338.793    square_inst/sq_y_reg[1]_0[1]
    SLICE_X7Y8           CARRY4 (Prop_carry4_S[1]_CO[3])
                                                      0.550  4339.343 r  square_inst/sq_y_reg[1]_i_2/CO[3]
                         net (fo=1, routed)           0.000  4339.343    square_inst/sq_y_reg[1]_i_2_n_0
    SLICE_X7Y9           CARRY4 (Prop_carry4_CI_CO[3])
                                                      0.114  4339.457 r  square_inst/sq_y_reg[9]_i_52/CO[3]
                         net (fo=1, routed)           0.000  4339.457    square_inst/sq_y_reg[9]_i_52_n_0
    SLICE_X7Y10          CARRY4 (Prop_carry4_CI_CO[1])
                                                      0.157  4339.614 f  square_inst/sq_y_reg[9]_i_53/CO[1]
                         net (fo=2, routed)           0.450  4340.064    square_inst/sq_y3[10]
    SLICE_X5Y10          LUT2 (Prop_lut2_I1_O)        0.329  4340.393 r  square_inst/sq_y[9]_i_49_comp/O
                         net (fo=1, routed)           0.564  4340.958    square_inst/sq_y[9]_i_49_n_0_repN
    SLICE_X6Y8           LUT6 (Prop_lut6_I5_O)        0.124  4341.082 r  square_inst/sq_y[8]_i_5_comp/O
                         net (fo=1, routed)           0.000  4341.082    square_inst/sq_y[8]_i_5_n_0
    SLICE_X6Y8           CARRY4 (Prop_carry4_S[0]_O[0])
                                                      0.252  4341.333 r  square_inst/sq_y_reg[8]_i_2/O[0]
                         net (fo=1, routed)           0.296  4341.629    square_inst/sq_y0__0[5]
    SLICE_X7Y6           LUT5 (Prop_lut5_I0_O)        0.295  4341.924 r  square_inst/sq_y[5]_i_1/O
                         net (fo=1, routed)           0.000  4341.924    square_inst/sq_y[5]_i_1_n_0
    SLICE_X7Y6           FDPE                                         r  square_inst/sq_y_reg[5]/D
  -------------------------------------------------------------------    -------------------

                         (clock clk_out1_clocking_wizard_clk_wiz_0_0 rise edge)
                                                   4330.034  4330.034 r  
    BUFGCTRL_X0Y0        BUFG                         0.000  4330.034 r  clk_100MHz_IBUF_BUFG_inst/O
                         net (fo=424, routed)         1.457  4331.492    clk_wiz_inst/clocking_wizard_i/clk_wiz_0/inst/clk_in1
    MMCME2_ADV_X1Y0      MMCME2_ADV (Prop_mmcme2_adv_CLKIN1_CLKOUT0)
                                                     -3.129  4328.362 r  clk_wiz_inst/clocking_wizard_i/clk_wiz_0/inst/mmcm_adv_inst/CLKOUT0
                         net (fo=1, routed)           1.581  4329.943    clk_wiz_inst/clocking_wizard_i/clk_wiz_0/inst/clk_out1_clocking_wizard_clk_wiz_0_0
    BUFGCTRL_X0Y1        BUFG (Prop_bufg_I_O)         0.091  4330.034 r  clk_wiz_inst/clocking_wizard_i/clk_wiz_0/inst/clkout1_buf/O
                         net (fo=139, routed)         1.517  4331.552    square_inst/CLK
    SLICE_X7Y6           FDPE                                         r  square_inst/sq_y_reg[5]/C
                         clock pessimism              0.000  4331.552    
                         clock uncertainty           -0.410  4331.141    
    SLICE_X7Y6           FDPE (Setup_fdpe_C_D)        0.031  4331.172    square_inst/sq_y_reg[5]
  -------------------------------------------------------------------
                         required time                       4331.172    
                         arrival time                       -4341.924    
  -------------------------------------------------------------------
                         slack                                -10.752    

Slack (VIOLATED) :        -10.439ns  (required time - arrival time)
  Source:                 u_accel_monitor/u_accel/accel_y_reg[2]/C
                            (rising edge-triggered cell FDCE clocked by sys_clk_pin  {rise@0.000ns fall@5.000ns period=10.000ns})
  Destination:            square_inst/sq_x_reg[9]/D
                            (rising edge-triggered cell FDCE clocked by clk_out1_clocking_wizard_clk_wiz_0_0  {rise@0.000ns fall@19.863ns period=39.725ns})
  Path Group:             clk_out1_clocking_wizard_clk_wiz_0_0
  Path Type:              Setup (Max at Slow Process Corner)
  Requirement:            0.034ns  (clk_out1_clocking_wizard_clk_wiz_0_0 rise@4330.034ns - sys_clk_pin rise@4330.000ns)
  Data Path Delay:        6.457ns  (logic 3.363ns (52.087%)  route 3.094ns (47.913%))
  Logic Levels:           10  (CARRY4=6 LUT2=1 LUT5=3)
  Clock Path Skew:        -3.639ns (DCD - SCD + CPR)
    Destination Clock Delay (DCD):    1.517ns = ( 4331.552 - 4330.034 ) 
    Source Clock Delay      (SCD):    5.156ns = ( 4335.156 - 4330.000 ) 
    Clock Pessimism Removal (CPR):    0.000ns
  Clock Uncertainty:      0.410ns  ((TSJ^2 + DJ^2)^1/2) / 2 + PE
    Total System Jitter     (TSJ):    0.071ns
    Discrete Jitter          (DJ):    0.320ns
    Phase Error              (PE):    0.247ns
  Clock Domain Crossing:  Inter clock paths are considered valid unless explicitly excluded by timing constraints such as set_clock_groups or set_false_path.

    Location             Delay type                Incr(ns)  Path(ns)    Netlist Resource(s)
  -------------------------------------------------------------------    -------------------
                         (clock sys_clk_pin rise edge)
                                                   4330.000  4330.000 r  
    W5                                                0.000  4330.000 r  clk_100MHz (IN)
                         net (fo=0)                   0.000  4330.000    clk_100MHz
    W5                   IBUF (Prop_ibuf_I_O)         1.458  4331.458 r  clk_100MHz_IBUF_inst/O
                         net (fo=1, routed)           1.967  4333.425    clk_100MHz_IBUF
    BUFGCTRL_X0Y0        BUFG (Prop_bufg_I_O)         0.096  4333.521 r  clk_100MHz_IBUF_BUFG_inst/O
                         net (fo=424, routed)         1.635  4335.156    u_accel_monitor/u_accel/clk_100MHz
    SLICE_X4Y3           FDCE                                         r  u_accel_monitor/u_accel/accel_y_reg[2]/C
  -------------------------------------------------------------------    -------------------
    SLICE_X4Y3           FDCE (Prop_fdce_C_Q)         0.456  4335.612 f  u_accel_monitor/u_accel/accel_y_reg[2]/Q
                         net (fo=7, routed)           0.697  4336.310    u_accel_monitor/u_accel/accel_y[2]
    SLICE_X4Y3           LUT2 (Prop_lut2_I0_O)        0.124  4336.434 r  u_accel_monitor/u_accel/sq_x[9]_i_47/O
                         net (fo=1, routed)           0.000  4336.434    u_accel_monitor/u_accel/sq_x[9]_i_47_n_0
    SLICE_X4Y3           CARRY4 (Prop_carry4_S[1]_CO[3])
                                                      0.550  4336.983 r  u_accel_monitor/u_accel/sq_x_reg[9]_i_17/CO[3]
                         net (fo=1, routed)           0.000  4336.983    u_accel_monitor/u_accel/sq_x_reg[9]_i_17_n_0
    SLICE_X4Y4           CARRY4 (Prop_carry4_CI_CO[3])
                                                      0.114  4337.097 r  u_accel_monitor/u_accel/sq_x_reg[9]_i_4/CO[3]
                         net (fo=14, routed)          1.123  4338.220    u_accel_monitor/u_accel/u_accel_motion/btn_right0
    SLICE_X2Y5           LUT5 (Prop_lut5_I1_O)        0.124  4338.344 r  u_accel_monitor/u_accel/sq_x[1]_i_4/O
                         net (fo=1, routed)           0.000  4338.344    square_inst/sq_x_reg[1]_2[1]
    SLICE_X2Y5           CARRY4 (Prop_carry4_S[1]_CO[3])
                                                      0.533  4338.877 r  square_inst/sq_x_reg[1]_i_2/CO[3]
                         net (fo=1, routed)           0.000  4338.877    square_inst/sq_x_reg[1]_i_2_n_0
    SLICE_X2Y6           CARRY4 (Prop_carry4_CI_O[2])
                                                      0.239  4339.116 r  square_inst/sq_x_reg[9]_i_50/O[2]
                         net (fo=4, routed)           0.976  4340.092    square_inst/sq_x3[7]
    SLICE_X1Y7           LUT5 (Prop_lut5_I1_O)        0.301  4340.393 r  square_inst/sq_x[8]_i_6/O
                         net (fo=1, routed)           0.000  4340.393    square_inst/sq_x[8]_i_6_n_0
    SLICE_X1Y7           CARRY4 (Prop_carry4_S[3]_CO[3])
                                                      0.401  4340.793 r  square_inst/sq_x_reg[8]_i_2/CO[3]
                         net (fo=1, routed)           0.000  4340.793    square_inst/sq_x_reg[8]_i_2_n_0
    SLICE_X1Y8           CARRY4 (Prop_carry4_CI_O[0])
                                                      0.222  4341.016 r  square_inst/sq_x_reg[9]_i_5/O[0]
                         net (fo=1, routed)           0.298  4341.313    square_inst/sq_x0__0[9]
    SLICE_X1Y9           LUT5 (Prop_lut5_I0_O)        0.299  4341.612 r  square_inst/sq_x[9]_i_2/O
                         net (fo=1, routed)           0.000  4341.612    square_inst/sq_x[9]_i_2_n_0
    SLICE_X1Y9           FDCE                                         r  square_inst/sq_x_reg[9]/D
  -------------------------------------------------------------------    -------------------

                         (clock clk_out1_clocking_wizard_clk_wiz_0_0 rise edge)
                                                   4330.034  4330.034 r  
    BUFGCTRL_X0Y0        BUFG                         0.000  4330.034 r  clk_100MHz_IBUF_BUFG_inst/O
                         net (fo=424, routed)         1.457  4331.492    clk_wiz_inst/clocking_wizard_i/clk_wiz_0/inst/clk_in1
    MMCME2_ADV_X1Y0      MMCME2_ADV (Prop_mmcme2_adv_CLKIN1_CLKOUT0)
                                                     -3.129  4328.362 r  clk_wiz_inst/clocking_wizard_i/clk_wiz_0/inst/mmcm_adv_inst/CLKOUT0
                         net (fo=1, routed)           1.581  4329.943    clk_wiz_inst/clocking_wizard_i/clk_wiz_0/inst/clk_out1_clocking_wizard_clk_wiz_0_0
    BUFGCTRL_X0Y1        BUFG (Prop_bufg_I_O)         0.091  4330.034 r  clk_wiz_inst/clocking_wizard_i/clk_wiz_0/inst/clkout1_buf/O
                         net (fo=139, routed)         1.517  4331.552    square_inst/CLK
    SLICE_X1Y9           FDCE                                         r  square_inst/sq_x_reg[9]/C
                         clock pessimism              0.000  4331.552    
                         clock uncertainty           -0.410  4331.141    
    SLICE_X1Y9           FDCE (Setup_fdce_C_D)        0.032  4331.173    square_inst/sq_x_reg[9]
  -------------------------------------------------------------------
                         required time                       4331.173    
                         arrival time                       -4341.613    
  -------------------------------------------------------------------
                         slack                                -10.439    

Slack (VIOLATED) :        -10.078ns  (required time - arrival time)
  Source:                 u_accel_monitor/u_accel/accel_y_reg[2]/C
                            (rising edge-triggered cell FDCE clocked by sys_clk_pin  {rise@0.000ns fall@5.000ns period=10.000ns})
  Destination:            square_inst/sq_x_reg[8]/D
                            (rising edge-triggered cell FDPE clocked by clk_out1_clocking_wizard_clk_wiz_0_0  {rise@0.000ns fall@19.863ns period=39.725ns})
  Path Group:             clk_out1_clocking_wizard_clk_wiz_0_0
  Path Type:              Setup (Max at Slow Process Corner)
  Requirement:            0.034ns  (clk_out1_clocking_wizard_clk_wiz_0_0 rise@4330.034ns - sys_clk_pin rise@4330.000ns)
  Data Path Delay:        6.097ns  (logic 2.995ns (49.125%)  route 3.102ns (50.875%))
  Logic Levels:           9  (CARRY4=5 LUT2=1 LUT5=3)
  Clock Path Skew:        -3.637ns (DCD - SCD + CPR)
    Destination Clock Delay (DCD):    1.519ns = ( 4331.554 - 4330.034 ) 
    Source Clock Delay      (SCD):    5.156ns = ( 4335.156 - 4330.000 ) 
    Clock Pessimism Removal (CPR):    0.000ns
  Clock Uncertainty:      0.410ns  ((TSJ^2 + DJ^2)^1/2) / 2 + PE
    Total System Jitter     (TSJ):    0.071ns
    Discrete Jitter          (DJ):    0.320ns
    Phase Error              (PE):    0.247ns
  Clock Domain Crossing:  Inter clock paths are considered valid unless explicitly excluded by timing constraints such as set_clock_groups or set_false_path.

    Location             Delay type                Incr(ns)  Path(ns)    Netlist Resource(s)
  -------------------------------------------------------------------    -------------------
                         (clock sys_clk_pin rise edge)
                                                   4330.000  4330.000 r  
    W5                                                0.000  4330.000 r  clk_100MHz (IN)
                         net (fo=0)                   0.000  4330.000    clk_100MHz
    W5                   IBUF (Prop_ibuf_I_O)         1.458  4331.458 r  clk_100MHz_IBUF_inst/O
                         net (fo=1, routed)           1.967  4333.425    clk_100MHz_IBUF
    BUFGCTRL_X0Y0        BUFG (Prop_bufg_I_O)         0.096  4333.521 r  clk_100MHz_IBUF_BUFG_inst/O
                         net (fo=424, routed)         1.635  4335.156    u_accel_monitor/u_accel/clk_100MHz
    SLICE_X4Y3           FDCE                                         r  u_accel_monitor/u_accel/accel_y_reg[2]/C
  -------------------------------------------------------------------    -------------------
    SLICE_X4Y3           FDCE (Prop_fdce_C_Q)         0.456  4335.612 f  u_accel_monitor/u_accel/accel_y_reg[2]/Q
                         net (fo=7, routed)           0.697  4336.310    u_accel_monitor/u_accel/accel_y[2]
    SLICE_X4Y3           LUT2 (Prop_lut2_I0_O)        0.124  4336.434 r  u_accel_monitor/u_accel/sq_x[9]_i_47/O
                         net (fo=1, routed)           0.000  4336.434    u_accel_monitor/u_accel/sq_x[9]_i_47_n_0
    SLICE_X4Y3           CARRY4 (Prop_carry4_S[1]_CO[3])
                                                      0.550  4336.983 r  u_accel_monitor/u_accel/sq_x_reg[9]_i_17/CO[3]
                         net (fo=1, routed)           0.000  4336.983    u_accel_monitor/u_accel/sq_x_reg[9]_i_17_n_0
    SLICE_X4Y4           CARRY4 (Prop_carry4_CI_CO[3])
                                                      0.114  4337.097 r  u_accel_monitor/u_accel/sq_x_reg[9]_i_4/CO[3]
                         net (fo=14, routed)          1.123  4338.220    u_accel_monitor/u_accel/u_accel_motion/btn_right0
    SLICE_X2Y5           LUT5 (Prop_lut5_I1_O)        0.124  4338.344 r  u_accel_monitor/u_accel/sq_x[1]_i_4/O
                         net (fo=1, routed)           0.000  4338.344    square_inst/sq_x_reg[1]_2[1]
    SLICE_X2Y5           CARRY4 (Prop_carry4_S[1]_CO[3])
                                                      0.533  4338.877 r  square_inst/sq_x_reg[1]_i_2/CO[3]
                         net (fo=1, routed)           0.000  4338.877    square_inst/sq_x_reg[1]_i_2_n_0
    SLICE_X2Y6           CARRY4 (Prop_carry4_CI_O[2])
                                                      0.239  4339.116 r  square_inst/sq_x_reg[9]_i_50/O[2]
                         net (fo=4, routed)           0.976  4340.092    square_inst/sq_x3[7]
    SLICE_X1Y7           LUT5 (Prop_lut5_I1_O)        0.301  4340.393 r  square_inst/sq_x[8]_i_6/O
                         net (fo=1, routed)           0.000  4340.393    square_inst/sq_x[8]_i_6_n_0
    SLICE_X1Y7           CARRY4 (Prop_carry4_S[3]_O[3])
                                                      0.248  4340.641 r  square_inst/sq_x_reg[8]_i_2/O[3]
                         net (fo=1, routed)           0.306  4340.947    square_inst/sq_x0__0[8]
    SLICE_X0Y6           LUT5 (Prop_lut5_I0_O)        0.306  4341.253 r  square_inst/sq_x[8]_i_1/O
                         net (fo=1, routed)           0.000  4341.253    square_inst/sq_x[8]_i_1_n_0
    SLICE_X0Y6           FDPE                                         r  square_inst/sq_x_reg[8]/D
  -------------------------------------------------------------------    -------------------

                         (clock clk_out1_clocking_wizard_clk_wiz_0_0 rise edge)
                                                   4330.034  4330.034 r  
    BUFGCTRL_X0Y0        BUFG                         0.000  4330.034 r  clk_100MHz_IBUF_BUFG_inst/O
                         net (fo=424, routed)         1.457  4331.492    clk_wiz_inst/clocking_wizard_i/clk_wiz_0/inst/clk_in1
    MMCME2_ADV_X1Y0      MMCME2_ADV (Prop_mmcme2_adv_CLKIN1_CLKOUT0)
                                                     -3.129  4328.362 r  clk_wiz_inst/clocking_wizard_i/clk_wiz_0/inst/mmcm_adv_inst/CLKOUT0
                         net (fo=1, routed)           1.581  4329.943    clk_wiz_inst/clocking_wizard_i/clk_wiz_0/inst/clk_out1_clocking_wizard_clk_wiz_0_0
    BUFGCTRL_X0Y1        BUFG (Prop_bufg_I_O)         0.091  4330.034 r  clk_wiz_inst/clocking_wizard_i/clk_wiz_0/inst/clkout1_buf/O
                         net (fo=139, routed)         1.519  4331.554    square_inst/CLK
    SLICE_X0Y6           FDPE                                         r  square_inst/sq_x_reg[8]/C
                         clock pessimism              0.000  4331.554    
                         clock uncertainty           -0.410  4331.143    
    SLICE_X0Y6           FDPE (Setup_fdpe_C_D)        0.032  4331.175    square_inst/sq_x_reg[8]
  -------------------------------------------------------------------
                         required time                       4331.176    
                         arrival time                       -4341.253    
  -------------------------------------------------------------------
                         slack                                -10.078    

Slack (VIOLATED) :        -9.915ns  (required time - arrival time)
  Source:                 u_accel_monitor/u_accel/accel_y_reg[2]/C
                            (rising edge-triggered cell FDCE clocked by sys_clk_pin  {rise@0.000ns fall@5.000ns period=10.000ns})
  Destination:            square_inst/sq_x_reg[7]/D
                            (rising edge-triggered cell FDCE clocked by clk_out1_clocking_wizard_clk_wiz_0_0  {rise@0.000ns fall@19.863ns period=39.725ns})
  Path Group:             clk_out1_clocking_wizard_clk_wiz_0_0
  Path Type:              Setup (Max at Slow Process Corner)
  Requirement:            0.034ns  (clk_out1_clocking_wizard_clk_wiz_0_0 rise@4330.034ns - sys_clk_pin rise@4330.000ns)
  Data Path Delay:        5.933ns  (logic 2.991ns (50.414%)  route 2.942ns (49.586%))
  Logic Levels:           9  (CARRY4=5 LUT2=1 LUT5=3)
  Clock Path Skew:        -3.637ns (DCD - SCD + CPR)
    Destination Clock Delay (DCD):    1.519ns = ( 4331.554 - 4330.034 ) 
    Source Clock Delay      (SCD):    5.156ns = ( 4335.156 - 4330.000 ) 
    Clock Pessimism Removal (CPR):    0.000ns
  Clock Uncertainty:      0.410ns  ((TSJ^2 + DJ^2)^1/2) / 2 + PE
    Total System Jitter     (TSJ):    0.071ns
    Discrete Jitter          (DJ):    0.320ns
    Phase Error              (PE):    0.247ns
  Clock Domain Crossing:  Inter clock paths are considered valid unless explicitly excluded by timing constraints such as set_clock_groups or set_false_path.

    Location             Delay type                Incr(ns)  Path(ns)    Netlist Resource(s)
  -------------------------------------------------------------------    -------------------
                         (clock sys_clk_pin rise edge)
                                                   4330.000  4330.000 r  
    W5                                                0.000  4330.000 r  clk_100MHz (IN)
                         net (fo=0)                   0.000  4330.000    clk_100MHz
    W5                   IBUF (Prop_ibuf_I_O)         1.458  4331.458 r  clk_100MHz_IBUF_inst/O
                         net (fo=1, routed)           1.967  4333.425    clk_100MHz_IBUF
    BUFGCTRL_X0Y0        BUFG (Prop_bufg_I_O)         0.096  4333.521 r  clk_100MHz_IBUF_BUFG_inst/O
                         net (fo=424, routed)         1.635  4335.156    u_accel_monitor/u_accel/clk_100MHz
    SLICE_X4Y3           FDCE                                         r  u_accel_monitor/u_accel/accel_y_reg[2]/C
  -------------------------------------------------------------------    -------------------
    SLICE_X4Y3           FDCE (Prop_fdce_C_Q)         0.456  4335.612 f  u_accel_monitor/u_accel/accel_y_reg[2]/Q
                         net (fo=7, routed)           0.697  4336.310    u_accel_monitor/u_accel/accel_y[2]
    SLICE_X4Y3           LUT2 (Prop_lut2_I0_O)        0.124  4336.434 r  u_accel_monitor/u_accel/sq_x[9]_i_47/O
                         net (fo=1, routed)           0.000  4336.434    u_accel_monitor/u_accel/sq_x[9]_i_47_n_0
    SLICE_X4Y3           CARRY4 (Prop_carry4_S[1]_CO[3])
                                                      0.550  4336.983 r  u_accel_monitor/u_accel/sq_x_reg[9]_i_17/CO[3]
                         net (fo=1, routed)           0.000  4336.983    u_accel_monitor/u_accel/sq_x_reg[9]_i_17_n_0
    SLICE_X4Y4           CARRY4 (Prop_carry4_CI_CO[3])
                                                      0.114  4337.097 r  u_accel_monitor/u_accel/sq_x_reg[9]_i_4/CO[3]
                         net (fo=14, routed)          1.123  4338.220    u_accel_monitor/u_accel/u_accel_motion/btn_right0
    SLICE_X2Y5           LUT5 (Prop_lut5_I1_O)        0.124  4338.344 r  u_accel_monitor/u_accel/sq_x[1]_i_4/O
                         net (fo=1, routed)           0.000  4338.344    square_inst/sq_x_reg[1]_2[1]
    SLICE_X2Y5           CARRY4 (Prop_carry4_S[1]_CO[3])
                                                      0.533  4338.877 r  square_inst/sq_x_reg[1]_i_2/CO[3]
                         net (fo=1, routed)           0.000  4338.877    square_inst/sq_x_reg[1]_i_2_n_0
    SLICE_X2Y6           CARRY4 (Prop_carry4_CI_O[2])
                                                      0.239  4339.116 r  square_inst/sq_x_reg[9]_i_50/O[2]
                         net (fo=4, routed)           0.818  4339.934    square_inst/sq_x3[7]
    SLICE_X1Y7           LUT5 (Prop_lut5_I1_O)        0.301  4340.235 r  square_inst/sq_x[8]_i_7/O
                         net (fo=1, routed)           0.000  4340.235    square_inst/sq_x[8]_i_7_n_0
    SLICE_X1Y7           CARRY4 (Prop_carry4_S[2]_O[2])
                                                      0.248  4340.483 r  square_inst/sq_x_reg[8]_i_2/O[2]
                         net (fo=1, routed)           0.304  4340.787    square_inst/sq_x0__0[7]
    SLICE_X0Y6           LUT5 (Prop_lut5_I0_O)        0.302  4341.088 r  square_inst/sq_x[7]_i_1/O
                         net (fo=1, routed)           0.000  4341.088    square_inst/sq_x[7]_i_1_n_0
    SLICE_X0Y6           FDCE                                         r  square_inst/sq_x_reg[7]/D
  -------------------------------------------------------------------    -------------------

                         (clock clk_out1_clocking_wizard_clk_wiz_0_0 rise edge)
                                                   4330.034  4330.034 r  
    BUFGCTRL_X0Y0        BUFG                         0.000  4330.034 r  clk_100MHz_IBUF_BUFG_inst/O
                         net (fo=424, routed)         1.457  4331.492    clk_wiz_inst/clocking_wizard_i/clk_wiz_0/inst/clk_in1
    MMCME2_ADV_X1Y0      MMCME2_ADV (Prop_mmcme2_adv_CLKIN1_CLKOUT0)
                                                     -3.129  4328.362 r  clk_wiz_inst/clocking_wizard_i/clk_wiz_0/inst/mmcm_adv_inst/CLKOUT0
                         net (fo=1, routed)           1.581  4329.943    clk_wiz_inst/clocking_wizard_i/clk_wiz_0/inst/clk_out1_clocking_wizard_clk_wiz_0_0
    BUFGCTRL_X0Y1        BUFG (Prop_bufg_I_O)         0.091  4330.034 r  clk_wiz_inst/clocking_wizard_i/clk_wiz_0/inst/clkout1_buf/O
                         net (fo=139, routed)         1.519  4331.554    square_inst/CLK
    SLICE_X0Y6           FDCE                                         r  square_inst/sq_x_reg[7]/C
                         clock pessimism              0.000  4331.554    
                         clock uncertainty           -0.410  4331.143    
    SLICE_X0Y6           FDCE (Setup_fdce_C_D)        0.031  4331.174    square_inst/sq_x_reg[7]
  -------------------------------------------------------------------
                         required time                       4331.174    
                         arrival time                       -4341.089    
  -------------------------------------------------------------------
                         slack                                 -9.915    

Slack (VIOLATED) :        -9.640ns  (required time - arrival time)
  Source:                 u_accel_monitor/u_accel/accel_x_reg[0]/C
                            (rising edge-triggered cell FDCE clocked by sys_clk_pin  {rise@0.000ns fall@5.000ns period=10.000ns})
  Destination:            square_inst/sq_y_reg[3]/D
                            (rising edge-triggered cell FDCE clocked by clk_out1_clocking_wizard_clk_wiz_0_0  {rise@0.000ns fall@19.863ns period=39.725ns})
  Path Group:             clk_out1_clocking_wizard_clk_wiz_0_0
  Path Type:              Setup (Max at Slow Process Corner)
  Requirement:            0.034ns  (clk_out1_clocking_wizard_clk_wiz_0_0 rise@4330.034ns - sys_clk_pin rise@4330.000ns)
  Data Path Delay:        5.652ns  (logic 2.521ns (44.601%)  route 3.131ns (55.399%))
  Logic Levels:           6  (CARRY4=3 LUT2=1 LUT5=1 LUT6=1)
  Clock Path Skew:        -3.643ns (DCD - SCD + CPR)
    Destination Clock Delay (DCD):    1.447ns = ( 4331.481 - 4330.034 ) 
    Source Clock Delay      (SCD):    5.090ns = ( 4335.090 - 4330.000 ) 
    Clock Pessimism Removal (CPR):    0.000ns
  Clock Uncertainty:      0.410ns  ((TSJ^2 + DJ^2)^1/2) / 2 + PE
    Total System Jitter     (TSJ):    0.071ns
    Discrete Jitter          (DJ):    0.320ns
    Phase Error              (PE):    0.247ns
  Clock Domain Crossing:  Inter clock paths are considered valid unless explicitly excluded by timing constraints such as set_clock_groups or set_false_path.

    Location             Delay type                Incr(ns)  Path(ns)    Netlist Resource(s)
  -------------------------------------------------------------------    -------------------
                         (clock sys_clk_pin rise edge)
                                                   4330.000  4330.000 r  
    W5                                                0.000  4330.000 r  clk_100MHz (IN)
                         net (fo=0)                   0.000  4330.000    clk_100MHz
    W5                   IBUF (Prop_ibuf_I_O)         1.458  4331.458 r  clk_100MHz_IBUF_inst/O
                         net (fo=1, routed)           1.967  4333.425    clk_100MHz_IBUF
    BUFGCTRL_X0Y0        BUFG (Prop_bufg_I_O)         0.096  4333.521 r  clk_100MHz_IBUF_BUFG_inst/O
                         net (fo=424, routed)         1.569  4335.090    u_accel_monitor/u_accel/clk_100MHz
    SLICE_X8Y3           FDCE                                         r  u_accel_monitor/u_accel/accel_x_reg[0]/C
  -------------------------------------------------------------------    -------------------
    SLICE_X8Y3           FDCE (Prop_fdce_C_Q)         0.518  4335.608 f  u_accel_monitor/u_accel/accel_x_reg[0]/Q
                         net (fo=6, routed)           0.299  4335.907    u_accel_monitor/u_accel/accel_x[0]
    SLICE_X9Y3           LUT2 (Prop_lut2_I0_O)        0.124  4336.031 r  u_accel_monitor/u_accel/sq_y[9]_i_34/O
                         net (fo=2, routed)           0.483  4336.514    u_accel_monitor/u_accel/sq_y[9]_i_34_n_0
    SLICE_X8Y5           CARRY4 (Prop_carry4_CYINIT_CO[3])
                                                      0.595  4337.109 r  u_accel_monitor/u_accel/sq_y_reg[9]_i_63/CO[3]
                         net (fo=1, routed)           0.000  4337.109    u_accel_monitor/u_accel/sq_y_reg[9]_i_63_n_0
    SLICE_X8Y6           CARRY4 (Prop_carry4_CI_CO[2])
                                                      0.229  4337.338 r  u_accel_monitor/u_accel/sq_y_reg[9]_i_51/CO[2]
                         net (fo=6, routed)           0.817  4338.154    u_accel_monitor/u_accel/sq_y_reg[9]_i_51_n_1
    SLICE_X10Y6          LUT6 (Prop_lut6_I2_O)        0.310  4338.464 r  u_accel_monitor/u_accel/sq_y[9]_i_28/O
                         net (fo=1, routed)           0.594  4339.059    u_accel_monitor/u_accel/sq_y[9]_i_28_n_0
    SLICE_X10Y8          CARRY4 (Prop_carry4_DI[0]_CO[3])
                                                      0.621  4339.680 r  u_accel_monitor/u_accel/sq_y_reg[9]_i_9/CO[3]
                         net (fo=9, routed)           0.939  4340.619    square_inst/CO[0]
    SLICE_X9Y11          LUT5 (Prop_lut5_I3_O)        0.124  4340.743 r  square_inst/sq_y[3]_i_1/O
                         net (fo=1, routed)           0.000  4340.743    square_inst/sq_y[3]_i_1_n_0
    SLICE_X9Y11          FDCE                                         r  square_inst/sq_y_reg[3]/D
  -------------------------------------------------------------------    -------------------

                         (clock clk_out1_clocking_wizard_clk_wiz_0_0 rise edge)
                                                   4330.034  4330.034 r  
    BUFGCTRL_X0Y0        BUFG                         0.000  4330.034 r  clk_100MHz_IBUF_BUFG_inst/O
                         net (fo=424, routed)         1.457  4331.492    clk_wiz_inst/clocking_wizard_i/clk_wiz_0/inst/clk_in1
    MMCME2_ADV_X1Y0      MMCME2_ADV (Prop_mmcme2_adv_CLKIN1_CLKOUT0)
                                                     -3.129  4328.362 r  clk_wiz_inst/clocking_wizard_i/clk_wiz_0/inst/mmcm_adv_inst/CLKOUT0
                         net (fo=1, routed)           1.581  4329.943    clk_wiz_inst/clocking_wizard_i/clk_wiz_0/inst/clk_out1_clocking_wizard_clk_wiz_0_0
    BUFGCTRL_X0Y1        BUFG (Prop_bufg_I_O)         0.091  4330.034 r  clk_wiz_inst/clocking_wizard_i/clk_wiz_0/inst/clkout1_buf/O
                         net (fo=139, routed)         1.447  4331.481    square_inst/CLK
    SLICE_X9Y11          FDCE                                         r  square_inst/sq_y_reg[3]/C
                         clock pessimism              0.000  4331.481    
                         clock uncertainty           -0.410  4331.071    
    SLICE_X9Y11          FDCE (Setup_fdce_C_D)        0.031  4331.102    square_inst/sq_y_reg[3]
  -------------------------------------------------------------------
                         required time                       4331.103    
                         arrival time                       -4340.743    
  -------------------------------------------------------------------
                         slack                                 -9.640    

Slack (VIOLATED) :        -9.632ns  (required time - arrival time)
  Source:                 u_accel_monitor/u_accel/accel_x_reg[0]/C
                            (rising edge-triggered cell FDCE clocked by sys_clk_pin  {rise@0.000ns fall@5.000ns period=10.000ns})
  Destination:            square_inst/sq_y_reg[2]/D
                            (rising edge-triggered cell FDCE clocked by clk_out1_clocking_wizard_clk_wiz_0_0  {rise@0.000ns fall@19.863ns period=39.725ns})
  Path Group:             clk_out1_clocking_wizard_clk_wiz_0_0
  Path Type:              Setup (Max at Slow Process Corner)
  Requirement:            0.034ns  (clk_out1_clocking_wizard_clk_wiz_0_0 rise@4330.034ns - sys_clk_pin rise@4330.000ns)
  Data Path Delay:        5.693ns  (logic 2.521ns (44.282%)  route 3.172ns (55.718%))
  Logic Levels:           6  (CARRY4=3 LUT2=1 LUT5=1 LUT6=1)
  Clock Path Skew:        -3.640ns (DCD - SCD + CPR)
    Destination Clock Delay (DCD):    1.450ns = ( 4331.484 - 4330.034 ) 
    Source Clock Delay      (SCD):    5.090ns = ( 4335.090 - 4330.000 ) 
    Clock Pessimism Removal (CPR):    0.000ns
  Clock Uncertainty:      0.410ns  ((TSJ^2 + DJ^2)^1/2) / 2 + PE
    Total System Jitter     (TSJ):    0.071ns
    Discrete Jitter          (DJ):    0.320ns
    Phase Error              (PE):    0.247ns
  Clock Domain Crossing:  Inter clock paths are considered valid unless explicitly excluded by timing constraints such as set_clock_groups or set_false_path.

    Location             Delay type                Incr(ns)  Path(ns)    Netlist Resource(s)
  -------------------------------------------------------------------    -------------------
                         (clock sys_clk_pin rise edge)
                                                   4330.000  4330.000 r  
    W5                                                0.000  4330.000 r  clk_100MHz (IN)
                         net (fo=0)                   0.000  4330.000    clk_100MHz
    W5                   IBUF (Prop_ibuf_I_O)         1.458  4331.458 r  clk_100MHz_IBUF_inst/O
                         net (fo=1, routed)           1.967  4333.425    clk_100MHz_IBUF
    BUFGCTRL_X0Y0        BUFG (Prop_bufg_I_O)         0.096  4333.521 r  clk_100MHz_IBUF_BUFG_inst/O
                         net (fo=424, routed)         1.569  4335.090    u_accel_monitor/u_accel/clk_100MHz
    SLICE_X8Y3           FDCE                                         r  u_accel_monitor/u_accel/accel_x_reg[0]/C
  -------------------------------------------------------------------    -------------------
    SLICE_X8Y3           FDCE (Prop_fdce_C_Q)         0.518  4335.608 f  u_accel_monitor/u_accel/accel_x_reg[0]/Q
                         net (fo=6, routed)           0.299  4335.907    u_accel_monitor/u_accel/accel_x[0]
    SLICE_X9Y3           LUT2 (Prop_lut2_I0_O)        0.124  4336.031 r  u_accel_monitor/u_accel/sq_y[9]_i_34/O
                         net (fo=2, routed)           0.483  4336.514    u_accel_monitor/u_accel/sq_y[9]_i_34_n_0
    SLICE_X8Y5           CARRY4 (Prop_carry4_CYINIT_CO[3])
                                                      0.595  4337.109 r  u_accel_monitor/u_accel/sq_y_reg[9]_i_63/CO[3]
                         net (fo=1, routed)           0.000  4337.109    u_accel_monitor/u_accel/sq_y_reg[9]_i_63_n_0
    SLICE_X8Y6           CARRY4 (Prop_carry4_CI_CO[2])
                                                      0.229  4337.338 r  u_accel_monitor/u_accel/sq_y_reg[9]_i_51/CO[2]
                         net (fo=6, routed)           0.817  4338.154    u_accel_monitor/u_accel/sq_y_reg[9]_i_51_n_1
    SLICE_X10Y6          LUT6 (Prop_lut6_I2_O)        0.310  4338.464 r  u_accel_monitor/u_accel/sq_y[9]_i_28/O
                         net (fo=1, routed)           0.594  4339.059    u_accel_monitor/u_accel/sq_y[9]_i_28_n_0
    SLICE_X10Y8          CARRY4 (Prop_carry4_DI[0]_CO[3])
                                                      0.621  4339.680 r  u_accel_monitor/u_accel/sq_y_reg[9]_i_9/CO[3]
                         net (fo=9, routed)           0.980  4340.660    square_inst/CO[0]
    SLICE_X10Y7          LUT5 (Prop_lut5_I3_O)        0.124  4340.784 r  square_inst/sq_y[2]_i_1/O
                         net (fo=1, routed)           0.000  4340.784    square_inst/sq_y[2]_i_1_n_0
    SLICE_X10Y7          FDCE                                         r  square_inst/sq_y_reg[2]/D
  -------------------------------------------------------------------    -------------------

                         (clock clk_out1_clocking_wizard_clk_wiz_0_0 rise edge)
                                                   4330.034  4330.034 r  
    BUFGCTRL_X0Y0        BUFG                         0.000  4330.034 r  clk_100MHz_IBUF_BUFG_inst/O
                         net (fo=424, routed)         1.457  4331.492    clk_wiz_inst/clocking_wizard_i/clk_wiz_0/inst/clk_in1
    MMCME2_ADV_X1Y0      MMCME2_ADV (Prop_mmcme2_adv_CLKIN1_CLKOUT0)
                                                     -3.129  4328.362 r  clk_wiz_inst/clocking_wizard_i/clk_wiz_0/inst/mmcm_adv_inst/CLKOUT0
                         net (fo=1, routed)           1.581  4329.943    clk_wiz_inst/clocking_wizard_i/clk_wiz_0/inst/clk_out1_clocking_wizard_clk_wiz_0_0
    BUFGCTRL_X0Y1        BUFG (Prop_bufg_I_O)         0.091  4330.034 r  clk_wiz_inst/clocking_wizard_i/clk_wiz_0/inst/clkout1_buf/O
                         net (fo=139, routed)         1.450  4331.484    square_inst/CLK
    SLICE_X10Y7          FDCE                                         r  square_inst/sq_y_reg[2]/C
                         clock pessimism              0.000  4331.484    
                         clock uncertainty           -0.410  4331.074    
    SLICE_X10Y7          FDCE (Setup_fdce_C_D)        0.077  4331.151    square_inst/sq_y_reg[2]
  -------------------------------------------------------------------
                         required time                       4331.151    
                         arrival time                       -4340.784    
  -------------------------------------------------------------------
                         slack                                 -9.632    





Min Delay Paths
--------------------------------------------------------------------------------------
Slack (MET) :             1.098ns  (arrival time - required time)
  Source:                 u_accel_monitor/u_accel/accel_x_reg[15]/C
                            (rising edge-triggered cell FDCE clocked by sys_clk_pin  {rise@0.000ns fall@5.000ns period=10.000ns})
  Destination:            square_inst/sq_y_reg[2]/D
                            (rising edge-triggered cell FDCE clocked by clk_out1_clocking_wizard_clk_wiz_0_0  {rise@0.000ns fall@19.863ns period=39.725ns})
  Path Group:             clk_out1_clocking_wizard_clk_wiz_0_0
  Path Type:              Hold (Min at Fast Process Corner)
  Requirement:            0.000ns  (clk_out1_clocking_wizard_clk_wiz_0_0 rise@0.000ns - sys_clk_pin rise@0.000ns)
  Data Path Delay:        1.015ns  (logic 0.574ns (56.540%)  route 0.441ns (43.460%))
  Logic Levels:           5  (CARRY4=2 LUT2=1 LUT5=2)
  Clock Path Skew:        -0.614ns (DCD - SCD - CPR)
    Destination Clock Delay (DCD):    0.835ns
    Source Clock Delay      (SCD):    1.448ns
    Clock Pessimism Removal (CPR):    -0.000ns
  Clock Uncertainty:      0.410ns  ((TSJ^2 + DJ^2)^1/2) / 2 + PE
    Total System Jitter     (TSJ):    0.071ns
    Discrete Jitter          (DJ):    0.320ns
    Phase Error              (PE):    0.247ns
  Clock Domain Crossing:  Inter clock paths are considered valid unless explicitly excluded by timing constraints such as set_clock_groups or set_false_path.

    Location             Delay type                Incr(ns)  Path(ns)    Netlist Resource(s)
  -------------------------------------------------------------------    -------------------
                         (clock sys_clk_pin rise edge)
                                                      0.000     0.000 r  
    W5                                                0.000     0.000 r  clk_100MHz (IN)
                         net (fo=0)                   0.000     0.000    clk_100MHz
    W5                   IBUF (Prop_ibuf_I_O)         0.226     0.226 r  clk_100MHz_IBUF_inst/O
                         net (fo=1, routed)           0.631     0.858    clk_100MHz_IBUF
    BUFGCTRL_X0Y0        BUFG (Prop_bufg_I_O)         0.026     0.884 r  clk_100MHz_IBUF_BUFG_inst/O
                         net (fo=424, routed)         0.565     1.448    u_accel_monitor/u_accel/clk_100MHz
    SLICE_X8Y9           FDCE                                         r  u_accel_monitor/u_accel/accel_x_reg[15]/C
  -------------------------------------------------------------------    -------------------
    SLICE_X8Y9           FDCE (Prop_fdce_C_Q)         0.164     1.612 r  u_accel_monitor/u_accel/accel_x_reg[15]/Q
                         net (fo=21, routed)          0.160     1.773    u_accel_monitor/u_accel/accel_x_reg[15]_0[0]
    SLICE_X9Y8           LUT2 (Prop_lut2_I1_O)        0.045     1.818 r  u_accel_monitor/u_accel/sq_y[9]_i_15/O
                         net (fo=1, routed)           0.000     1.818    u_accel_monitor/u_accel/sq_y[9]_i_15_n_0
    SLICE_X9Y8           CARRY4 (Prop_carry4_S[2]_CO[2])
                                                      0.081     1.899 r  u_accel_monitor/u_accel/sq_y_reg[9]_i_4/CO[2]
                         net (fo=14, routed)          0.164     2.062    u_accel_monitor/u_accel/accel_btn_up
    SLICE_X8Y7           LUT5 (Prop_lut5_I4_O)        0.110     2.172 r  u_accel_monitor/u_accel/sq_y[4]_i_13/O
                         net (fo=1, routed)           0.000     2.172    square_inst/S[1]
    SLICE_X8Y7           CARRY4 (Prop_carry4_S[1]_O[1])
                                                      0.066     2.238 r  square_inst/sq_y_reg[4]_i_4/O[1]
                         net (fo=1, routed)           0.117     2.355    square_inst/sq_y1[2]
    SLICE_X10Y7          LUT5 (Prop_lut5_I4_O)        0.108     2.463 r  square_inst/sq_y[2]_i_1/O
                         net (fo=1, routed)           0.000     2.463    square_inst/sq_y[2]_i_1_n_0
    SLICE_X10Y7          FDCE                                         r  square_inst/sq_y_reg[2]/D
  -------------------------------------------------------------------    -------------------

                         (clock clk_out1_clocking_wizard_clk_wiz_0_0 rise edge)
                                                      0.000     0.000 r  
    BUFGCTRL_X0Y0        BUFG                         0.000     0.000 r  clk_100MHz_IBUF_BUFG_inst/O
                         net (fo=424, routed)         0.817     0.817    clk_wiz_inst/clocking_wizard_i/clk_wiz_0/inst/clk_in1
    MMCME2_ADV_X1Y0      MMCME2_ADV (Prop_mmcme2_adv_CLKIN1_CLKOUT0)
                                                     -1.375    -0.559 r  clk_wiz_inst/clocking_wizard_i/clk_wiz_0/inst/mmcm_adv_inst/CLKOUT0
                         net (fo=1, routed)           0.530    -0.029    clk_wiz_inst/clocking_wizard_i/clk_wiz_0/inst/clk_out1_clocking_wizard_clk_wiz_0_0
    BUFGCTRL_X0Y1        BUFG (Prop_bufg_I_O)         0.029     0.000 r  clk_wiz_inst/clocking_wizard_i/clk_wiz_0/inst/clkout1_buf/O
                         net (fo=139, routed)         0.835     0.835    square_inst/CLK
    SLICE_X10Y7          FDCE                                         r  square_inst/sq_y_reg[2]/C
                         clock pessimism              0.000     0.835    
                         clock uncertainty            0.410     1.245    
    SLICE_X10Y7          FDCE (Hold_fdce_C_D)         0.120     1.365    square_inst/sq_y_reg[2]
  -------------------------------------------------------------------
                         required time                         -1.365    
                         arrival time                           2.463    
  -------------------------------------------------------------------
                         slack                                  1.098    

Slack (MET) :             1.139ns  (arrival time - required time)
  Source:                 u_accel_monitor/u_accel/accel_x_reg[15]/C
                            (rising edge-triggered cell FDCE clocked by sys_clk_pin  {rise@0.000ns fall@5.000ns period=10.000ns})
  Destination:            square_inst/sq_y_reg[3]/CE
                            (rising edge-triggered cell FDCE clocked by clk_out1_clocking_wizard_clk_wiz_0_0  {rise@0.000ns fall@19.863ns period=39.725ns})
  Path Group:             clk_out1_clocking_wizard_clk_wiz_0_0
  Path Type:              Hold (Min at Fast Process Corner)
  Requirement:            0.000ns  (clk_out1_clocking_wizard_clk_wiz_0_0 rise@0.000ns - sys_clk_pin rise@0.000ns)
  Data Path Delay:        0.896ns  (logic 0.400ns (44.645%)  route 0.496ns (55.355%))
  Logic Levels:           3  (CARRY4=1 LUT2=1 LUT5=1)
  Clock Path Skew:        -0.615ns (DCD - SCD - CPR)
    Destination Clock Delay (DCD):    0.834ns
    Source Clock Delay      (SCD):    1.448ns
    Clock Pessimism Removal (CPR):    -0.000ns
  Clock Uncertainty:      0.410ns  ((TSJ^2 + DJ^2)^1/2) / 2 + PE
    Total System Jitter     (TSJ):    0.071ns
    Discrete Jitter          (DJ):    0.320ns
    Phase Error              (PE):    0.247ns
  Clock Domain Crossing:  Inter clock paths are considered valid unless explicitly excluded by timing constraints such as set_clock_groups or set_false_path.

    Location             Delay type                Incr(ns)  Path(ns)    Netlist Resource(s)
  -------------------------------------------------------------------    -------------------
                         (clock sys_clk_pin rise edge)
                                                      0.000     0.000 r  
    W5                                                0.000     0.000 r  clk_100MHz (IN)
                         net (fo=0)                   0.000     0.000    clk_100MHz
    W5                   IBUF (Prop_ibuf_I_O)         0.226     0.226 r  clk_100MHz_IBUF_inst/O
                         net (fo=1, routed)           0.631     0.858    clk_100MHz_IBUF
    BUFGCTRL_X0Y0        BUFG (Prop_bufg_I_O)         0.026     0.884 r  clk_100MHz_IBUF_BUFG_inst/O
                         net (fo=424, routed)         0.565     1.448    u_accel_monitor/u_accel/clk_100MHz
    SLICE_X8Y9           FDCE                                         r  u_accel_monitor/u_accel/accel_x_reg[15]/C
  -------------------------------------------------------------------    -------------------
    SLICE_X8Y9           FDCE (Prop_fdce_C_Q)         0.164     1.612 r  u_accel_monitor/u_accel/accel_x_reg[15]/Q
                         net (fo=21, routed)          0.160     1.773    u_accel_monitor/u_accel/accel_x_reg[15]_0[0]
    SLICE_X9Y8           LUT2 (Prop_lut2_I1_O)        0.045     1.818 r  u_accel_monitor/u_accel/sq_y[9]_i_15/O
                         net (fo=1, routed)           0.000     1.818    u_accel_monitor/u_accel/sq_y[9]_i_15_n_0
    SLICE_X9Y8           CARRY4 (Prop_carry4_S[2]_CO[2])
                                                      0.081     1.899 r  u_accel_monitor/u_accel/sq_y_reg[9]_i_4/CO[2]
                         net (fo=14, routed)          0.184     2.082    u_accel_monitor/u_accel/accel_btn_up
    SLICE_X9Y9           LUT5 (Prop_lut5_I2_O)        0.110     2.192 r  u_accel_monitor/u_accel/sq_y[9]_i_1/O
                         net (fo=9, routed)           0.152     2.344    square_inst/E[0]
    SLICE_X9Y11          FDCE                                         r  square_inst/sq_y_reg[3]/CE
  -------------------------------------------------------------------    -------------------

                         (clock clk_out1_clocking_wizard_clk_wiz_0_0 rise edge)
                                                      0.000     0.000 r  
    BUFGCTRL_X0Y0        BUFG                         0.000     0.000 r  clk_100MHz_IBUF_BUFG_inst/O
                         net (fo=424, routed)         0.817     0.817    clk_wiz_inst/clocking_wizard_i/clk_wiz_0/inst/clk_in1
    MMCME2_ADV_X1Y0      MMCME2_ADV (Prop_mmcme2_adv_CLKIN1_CLKOUT0)
                                                     -1.375    -0.559 r  clk_wiz_inst/clocking_wizard_i/clk_wiz_0/inst/mmcm_adv_inst/CLKOUT0
                         net (fo=1, routed)           0.530    -0.029    clk_wiz_inst/clocking_wizard_i/clk_wiz_0/inst/clk_out1_clocking_wizard_clk_wiz_0_0
    BUFGCTRL_X0Y1        BUFG (Prop_bufg_I_O)         0.029     0.000 r  clk_wiz_inst/clocking_wizard_i/clk_wiz_0/inst/clkout1_buf/O
                         net (fo=139, routed)         0.834     0.834    square_inst/CLK
    SLICE_X9Y11          FDCE                                         r  square_inst/sq_y_reg[3]/C
                         clock pessimism              0.000     0.834    
                         clock uncertainty            0.410     1.244    
    SLICE_X9Y11          FDCE (Hold_fdce_C_CE)       -0.039     1.205    square_inst/sq_y_reg[3]
  -------------------------------------------------------------------
                         required time                         -1.205    
                         arrival time                           2.344    
  -------------------------------------------------------------------
                         slack                                  1.139    

Slack (MET) :             1.154ns  (arrival time - required time)
  Source:                 u_accel_monitor/u_accel/accel_y_reg[15]/C
                            (rising edge-triggered cell FDCE clocked by sys_clk_pin  {rise@0.000ns fall@5.000ns period=10.000ns})
  Destination:            square_inst/sq_x_reg[2]/D
                            (rising edge-triggered cell FDCE clocked by clk_out1_clocking_wizard_clk_wiz_0_0  {rise@0.000ns fall@19.863ns period=39.725ns})
  Path Group:             clk_out1_clocking_wizard_clk_wiz_0_0
  Path Type:              Hold (Min at Fast Process Corner)
  Requirement:            0.000ns  (clk_out1_clocking_wizard_clk_wiz_0_0 rise@0.000ns - sys_clk_pin rise@0.000ns)
  Data Path Delay:        1.044ns  (logic 0.422ns (40.421%)  route 0.622ns (59.579%))
  Logic Levels:           4  (CARRY4=1 LUT2=1 LUT4=1 LUT5=1)
  Clock Path Skew:        -0.612ns (DCD - SCD - CPR)
    Destination Clock Delay (DCD):    0.865ns
    Source Clock Delay      (SCD):    1.476ns
    Clock Pessimism Removal (CPR):    -0.000ns
  Clock Uncertainty:      0.410ns  ((TSJ^2 + DJ^2)^1/2) / 2 + PE
    Total System Jitter     (TSJ):    0.071ns
    Discrete Jitter          (DJ):    0.320ns
    Phase Error              (PE):    0.247ns
  Clock Domain Crossing:  Inter clock paths are considered valid unless explicitly excluded by timing constraints such as set_clock_groups or set_false_path.

    Location             Delay type                Incr(ns)  Path(ns)    Netlist Resource(s)
  -------------------------------------------------------------------    -------------------
                         (clock sys_clk_pin rise edge)
                                                      0.000     0.000 r  
    W5                                                0.000     0.000 r  clk_100MHz (IN)
                         net (fo=0)                   0.000     0.000    clk_100MHz
    W5                   IBUF (Prop_ibuf_I_O)         0.226     0.226 r  clk_100MHz_IBUF_inst/O
                         net (fo=1, routed)           0.631     0.858    clk_100MHz_IBUF
    BUFGCTRL_X0Y0        BUFG (Prop_bufg_I_O)         0.026     0.884 r  clk_100MHz_IBUF_BUFG_inst/O
                         net (fo=424, routed)         0.593     1.476    u_accel_monitor/u_accel/clk_100MHz
    SLICE_X4Y5           FDCE                                         r  u_accel_monitor/u_accel/accel_y_reg[15]/C
  -------------------------------------------------------------------    -------------------
    SLICE_X4Y5           FDCE (Prop_fdce_C_Q)         0.141     1.617 r  u_accel_monitor/u_accel/accel_y_reg[15]/Q
                         net (fo=21, routed)          0.121     1.739    u_accel_monitor/u_accel/accel_y_reg[15]_0[0]
    SLICE_X5Y5           LUT2 (Prop_lut2_I1_O)        0.045     1.784 r  u_accel_monitor/u_accel/sq_x[9]_i_14/O
                         net (fo=1, routed)           0.000     1.784    u_accel_monitor/u_accel/sq_x[9]_i_14_n_0
    SLICE_X5Y5           CARRY4 (Prop_carry4_S[2]_CO[2])
                                                      0.081     1.865 f  u_accel_monitor/u_accel/sq_x_reg[9]_i_3/CO[2]
                         net (fo=14, routed)          0.244     2.108    u_accel_monitor/u_accel/accel_btn_left
    SLICE_X1Y5           LUT4 (Prop_lut4_I2_O)        0.110     2.218 r  u_accel_monitor/u_accel/sq_x[9]_i_6/O
                         net (fo=9, routed)           0.257     2.475    square_inst/sq_x_reg[2]_0
    SLICE_X0Y7           LUT5 (Prop_lut5_I1_O)        0.045     2.520 r  square_inst/sq_x[2]_i_1/O
                         net (fo=1, routed)           0.000     2.520    square_inst/sq_x[2]_i_1_n_0
    SLICE_X0Y7           FDCE                                         r  square_inst/sq_x_reg[2]/D
  -------------------------------------------------------------------    -------------------

                         (clock clk_out1_clocking_wizard_clk_wiz_0_0 rise edge)
                                                      0.000     0.000 r  
    BUFGCTRL_X0Y0        BUFG                         0.000     0.000 r  clk_100MHz_IBUF_BUFG_inst/O
                         net (fo=424, routed)         0.817     0.817    clk_wiz_inst/clocking_wizard_i/clk_wiz_0/inst/clk_in1
    MMCME2_ADV_X1Y0      MMCME2_ADV (Prop_mmcme2_adv_CLKIN1_CLKOUT0)
                                                     -1.375    -0.559 r  clk_wiz_inst/clocking_wizard_i/clk_wiz_0/inst/mmcm_adv_inst/CLKOUT0
                         net (fo=1, routed)           0.530    -0.029    clk_wiz_inst/clocking_wizard_i/clk_wiz_0/inst/clk_out1_clocking_wizard_clk_wiz_0_0
    BUFGCTRL_X0Y1        BUFG (Prop_bufg_I_O)         0.029     0.000 r  clk_wiz_inst/clocking_wizard_i/clk_wiz_0/inst/clkout1_buf/O
                         net (fo=139, routed)         0.865     0.865    square_inst/CLK
    SLICE_X0Y7           FDCE                                         r  square_inst/sq_x_reg[2]/C
                         clock pessimism              0.000     0.865    
                         clock uncertainty            0.410     1.275    
    SLICE_X0Y7           FDCE (Hold_fdce_C_D)         0.091     1.366    square_inst/sq_x_reg[2]
  -------------------------------------------------------------------
                         required time                         -1.366    
                         arrival time                           2.520    
  -------------------------------------------------------------------
                         slack                                  1.154    

Slack (MET) :             1.158ns  (arrival time - required time)
  Source:                 u_accel_monitor/u_accel/accel_y_reg[15]/C
                            (rising edge-triggered cell FDCE clocked by sys_clk_pin  {rise@0.000ns fall@5.000ns period=10.000ns})
  Destination:            square_inst/sq_x_reg[1]/D
                            (rising edge-triggered cell FDCE clocked by clk_out1_clocking_wizard_clk_wiz_0_0  {rise@0.000ns fall@19.863ns period=39.725ns})
  Path Group:             clk_out1_clocking_wizard_clk_wiz_0_0
  Path Type:              Hold (Min at Fast Process Corner)
  Requirement:            0.000ns  (clk_out1_clocking_wizard_clk_wiz_0_0 rise@0.000ns - sys_clk_pin rise@0.000ns)
  Data Path Delay:        1.077ns  (logic 0.554ns (51.431%)  route 0.523ns (48.569%))
  Logic Levels:           5  (CARRY4=2 LUT2=1 LUT3=1 LUT5=1)
  Clock Path Skew:        -0.613ns (DCD - SCD - CPR)
    Destination Clock Delay (DCD):    0.864ns
    Source Clock Delay      (SCD):    1.476ns
    Clock Pessimism Removal (CPR):    -0.000ns
  Clock Uncertainty:      0.410ns  ((TSJ^2 + DJ^2)^1/2) / 2 + PE
    Total System Jitter     (TSJ):    0.071ns
    Discrete Jitter          (DJ):    0.320ns
    Phase Error              (PE):    0.247ns
  Clock Domain Crossing:  Inter clock paths are considered valid unless explicitly excluded by timing constraints such as set_clock_groups or set_false_path.

    Location             Delay type                Incr(ns)  Path(ns)    Netlist Resource(s)
  -------------------------------------------------------------------    -------------------
                         (clock sys_clk_pin rise edge)
                                                      0.000     0.000 r  
    W5                                                0.000     0.000 r  clk_100MHz (IN)
                         net (fo=0)                   0.000     0.000    clk_100MHz
    W5                   IBUF (Prop_ibuf_I_O)         0.226     0.226 r  clk_100MHz_IBUF_inst/O
                         net (fo=1, routed)           0.631     0.858    clk_100MHz_IBUF
    BUFGCTRL_X0Y0        BUFG (Prop_bufg_I_O)         0.026     0.884 r  clk_100MHz_IBUF_BUFG_inst/O
                         net (fo=424, routed)         0.593     1.476    u_accel_monitor/u_accel/clk_100MHz
    SLICE_X4Y5           FDCE                                         r  u_accel_monitor/u_accel/accel_y_reg[15]/C
  -------------------------------------------------------------------    -------------------
    SLICE_X4Y5           FDCE (Prop_fdce_C_Q)         0.141     1.617 r  u_accel_monitor/u_accel/accel_y_reg[15]/Q
                         net (fo=21, routed)          0.121     1.739    u_accel_monitor/u_accel/accel_y_reg[15]_0[0]
    SLICE_X5Y5           LUT2 (Prop_lut2_I1_O)        0.045     1.784 r  u_accel_monitor/u_accel/sq_x[9]_i_14/O
                         net (fo=1, routed)           0.000     1.784    u_accel_monitor/u_accel/sq_x[9]_i_14_n_0
    SLICE_X5Y5           CARRY4 (Prop_carry4_S[2]_CO[2])
                                                      0.081     1.865 r  u_accel_monitor/u_accel/sq_x_reg[9]_i_3/CO[2]
                         net (fo=14, routed)          0.272     2.137    u_accel_monitor/u_accel/accel_btn_left
    SLICE_X4Y6           LUT3 (Prop_lut3_I1_O)        0.110     2.247 r  u_accel_monitor/u_accel/sq_x[4]_i_14/O
                         net (fo=1, routed)           0.000     2.247    square_inst/sq_x_reg[4]_3[0]
    SLICE_X4Y6           CARRY4 (Prop_carry4_S[0]_O[0])
                                                      0.070     2.317 r  square_inst/sq_x_reg[4]_i_4/O[0]
                         net (fo=1, routed)           0.130     2.446    u_accel_monitor/u_accel/sq_x_reg[1]_2[0]
    SLICE_X6Y6           LUT5 (Prop_lut5_I2_O)        0.107     2.553 r  u_accel_monitor/u_accel/sq_x[1]_i_1/O
                         net (fo=1, routed)           0.000     2.553    square_inst/sq_x_reg[1]_3[0]
    SLICE_X6Y6           FDCE                                         r  square_inst/sq_x_reg[1]/D
  -------------------------------------------------------------------    -------------------

                         (clock clk_out1_clocking_wizard_clk_wiz_0_0 rise edge)
                                                      0.000     0.000 r  
    BUFGCTRL_X0Y0        BUFG                         0.000     0.000 r  clk_100MHz_IBUF_BUFG_inst/O
                         net (fo=424, routed)         0.817     0.817    clk_wiz_inst/clocking_wizard_i/clk_wiz_0/inst/clk_in1
    MMCME2_ADV_X1Y0      MMCME2_ADV (Prop_mmcme2_adv_CLKIN1_CLKOUT0)
                                                     -1.375    -0.559 r  clk_wiz_inst/clocking_wizard_i/clk_wiz_0/inst/mmcm_adv_inst/CLKOUT0
                         net (fo=1, routed)           0.530    -0.029    clk_wiz_inst/clocking_wizard_i/clk_wiz_0/inst/clk_out1_clocking_wizard_clk_wiz_0_0
    BUFGCTRL_X0Y1        BUFG (Prop_bufg_I_O)         0.029     0.000 r  clk_wiz_inst/clocking_wizard_i/clk_wiz_0/inst/clkout1_buf/O
                         net (fo=139, routed)         0.864     0.864    square_inst/CLK
    SLICE_X6Y6           FDCE                                         r  square_inst/sq_x_reg[1]/C
                         clock pessimism              0.000     0.864    
                         clock uncertainty            0.410     1.274    
    SLICE_X6Y6           FDCE (Hold_fdce_C_D)         0.121     1.395    square_inst/sq_x_reg[1]
  -------------------------------------------------------------------
                         required time                         -1.395    
                         arrival time                           2.553    
  -------------------------------------------------------------------
                         slack                                  1.158    

Slack (MET) :             1.170ns  (arrival time - required time)
  Source:                 u_accel_monitor/u_accel/accel_x_reg[15]/C
                            (rising edge-triggered cell FDCE clocked by sys_clk_pin  {rise@0.000ns fall@5.000ns period=10.000ns})
  Destination:            square_inst/sq_y_reg[1]/CE
                            (rising edge-triggered cell FDCE clocked by clk_out1_clocking_wizard_clk_wiz_0_0  {rise@0.000ns fall@19.863ns period=39.725ns})
  Path Group:             clk_out1_clocking_wizard_clk_wiz_0_0
  Path Type:              Hold (Min at Fast Process Corner)
  Requirement:            0.000ns  (clk_out1_clocking_wizard_clk_wiz_0_0 rise@0.000ns - sys_clk_pin rise@0.000ns)
  Data Path Delay:        0.951ns  (logic 0.400ns (42.075%)  route 0.551ns (57.925%))
  Logic Levels:           3  (CARRY4=1 LUT2=1 LUT5=1)
  Clock Path Skew:        -0.614ns (DCD - SCD - CPR)
    Destination Clock Delay (DCD):    0.835ns
    Source Clock Delay      (SCD):    1.448ns
    Clock Pessimism Removal (CPR):    -0.000ns
  Clock Uncertainty:      0.410ns  ((TSJ^2 + DJ^2)^1/2) / 2 + PE
    Total System Jitter     (TSJ):    0.071ns
    Discrete Jitter          (DJ):    0.320ns
    Phase Error              (PE):    0.247ns
  Clock Domain Crossing:  Inter clock paths are considered valid unless explicitly excluded by timing constraints such as set_clock_groups or set_false_path.

    Location             Delay type                Incr(ns)  Path(ns)    Netlist Resource(s)
  -------------------------------------------------------------------    -------------------
                         (clock sys_clk_pin rise edge)
                                                      0.000     0.000 r  
    W5                                                0.000     0.000 r  clk_100MHz (IN)
                         net (fo=0)                   0.000     0.000    clk_100MHz
    W5                   IBUF (Prop_ibuf_I_O)         0.226     0.226 r  clk_100MHz_IBUF_inst/O
                         net (fo=1, routed)           0.631     0.858    clk_100MHz_IBUF
    BUFGCTRL_X0Y0        BUFG (Prop_bufg_I_O)         0.026     0.884 r  clk_100MHz_IBUF_BUFG_inst/O
                         net (fo=424, routed)         0.565     1.448    u_accel_monitor/u_accel/clk_100MHz
    SLICE_X8Y9           FDCE                                         r  u_accel_monitor/u_accel/accel_x_reg[15]/C
  -------------------------------------------------------------------    -------------------
    SLICE_X8Y9           FDCE (Prop_fdce_C_Q)         0.164     1.612 r  u_accel_monitor/u_accel/accel_x_reg[15]/Q
                         net (fo=21, routed)          0.160     1.773    u_accel_monitor/u_accel/accel_x_reg[15]_0[0]
    SLICE_X9Y8           LUT2 (Prop_lut2_I1_O)        0.045     1.818 r  u_accel_monitor/u_accel/sq_y[9]_i_15/O
                         net (fo=1, routed)           0.000     1.818    u_accel_monitor/u_accel/sq_y[9]_i_15_n_0
    SLICE_X9Y8           CARRY4 (Prop_carry4_S[2]_CO[2])
                                                      0.081     1.899 r  u_accel_monitor/u_accel/sq_y_reg[9]_i_4/CO[2]
                         net (fo=14, routed)          0.184     2.082    u_accel_monitor/u_accel/accel_btn_up
    SLICE_X9Y9           LUT5 (Prop_lut5_I2_O)        0.110     2.192 r  u_accel_monitor/u_accel/sq_y[9]_i_1/O
                         net (fo=9, routed)           0.207     2.399    square_inst/E[0]
    SLICE_X10Y7          FDCE                                         r  square_inst/sq_y_reg[1]/CE
  -------------------------------------------------------------------    -------------------

                         (clock clk_out1_clocking_wizard_clk_wiz_0_0 rise edge)
                                                      0.000     0.000 r  
    BUFGCTRL_X0Y0        BUFG                         0.000     0.000 r  clk_100MHz_IBUF_BUFG_inst/O
                         net (fo=424, routed)         0.817     0.817    clk_wiz_inst/clocking_wizard_i/clk_wiz_0/inst/clk_in1
    MMCME2_ADV_X1Y0      MMCME2_ADV (Prop_mmcme2_adv_CLKIN1_CLKOUT0)
                                                     -1.375    -0.559 r  clk_wiz_inst/clocking_wizard_i/clk_wiz_0/inst/mmcm_adv_inst/CLKOUT0
                         net (fo=1, routed)           0.530    -0.029    clk_wiz_inst/clocking_wizard_i/clk_wiz_0/inst/clk_out1_clocking_wizard_clk_wiz_0_0
    BUFGCTRL_X0Y1        BUFG (Prop_bufg_I_O)         0.029     0.000 r  clk_wiz_inst/clocking_wizard_i/clk_wiz_0/inst/clkout1_buf/O
                         net (fo=139, routed)         0.835     0.835    square_inst/CLK
    SLICE_X10Y7          FDCE                                         r  square_inst/sq_y_reg[1]/C
                         clock pessimism              0.000     0.835    
                         clock uncertainty            0.410     1.245    
    SLICE_X10Y7          FDCE (Hold_fdce_C_CE)       -0.016     1.229    square_inst/sq_y_reg[1]
  -------------------------------------------------------------------
                         required time                         -1.229    
                         arrival time                           2.399    
  -------------------------------------------------------------------
                         slack                                  1.170    

Slack (MET) :             1.170ns  (arrival time - required time)
  Source:                 u_accel_monitor/u_accel/accel_x_reg[15]/C
                            (rising edge-triggered cell FDCE clocked by sys_clk_pin  {rise@0.000ns fall@5.000ns period=10.000ns})
  Destination:            square_inst/sq_y_reg[2]/CE
                            (rising edge-triggered cell FDCE clocked by clk_out1_clocking_wizard_clk_wiz_0_0  {rise@0.000ns fall@19.863ns period=39.725ns})
  Path Group:             clk_out1_clocking_wizard_clk_wiz_0_0
  Path Type:              Hold (Min at Fast Process Corner)
  Requirement:            0.000ns  (clk_out1_clocking_wizard_clk_wiz_0_0 rise@0.000ns - sys_clk_pin rise@0.000ns)
  Data Path Delay:        0.951ns  (logic 0.400ns (42.075%)  route 0.551ns (57.925%))
  Logic Levels:           3  (CARRY4=1 LUT2=1 LUT5=1)
  Clock Path Skew:        -0.614ns (DCD - SCD - CPR)
    Destination Clock Delay (DCD):    0.835ns
    Source Clock Delay      (SCD):    1.448ns
    Clock Pessimism Removal (CPR):    -0.000ns
  Clock Uncertainty:      0.410ns  ((TSJ^2 + DJ^2)^1/2) / 2 + PE
    Total System Jitter     (TSJ):    0.071ns
    Discrete Jitter          (DJ):    0.320ns
    Phase Error              (PE):    0.247ns
  Clock Domain Crossing:  Inter clock paths are considered valid unless explicitly excluded by timing constraints such as set_clock_groups or set_false_path.

    Location             Delay type                Incr(ns)  Path(ns)    Netlist Resource(s)
  -------------------------------------------------------------------    -------------------
                         (clock sys_clk_pin rise edge)
                                                      0.000     0.000 r  
    W5                                                0.000     0.000 r  clk_100MHz (IN)
                         net (fo=0)                   0.000     0.000    clk_100MHz
    W5                   IBUF (Prop_ibuf_I_O)         0.226     0.226 r  clk_100MHz_IBUF_inst/O
                         net (fo=1, routed)           0.631     0.858    clk_100MHz_IBUF
    BUFGCTRL_X0Y0        BUFG (Prop_bufg_I_O)         0.026     0.884 r  clk_100MHz_IBUF_BUFG_inst/O
                         net (fo=424, routed)         0.565     1.448    u_accel_monitor/u_accel/clk_100MHz
    SLICE_X8Y9           FDCE                                         r  u_accel_monitor/u_accel/accel_x_reg[15]/C
  -------------------------------------------------------------------    -------------------
    SLICE_X8Y9           FDCE (Prop_fdce_C_Q)         0.164     1.612 r  u_accel_monitor/u_accel/accel_x_reg[15]/Q
                         net (fo=21, routed)          0.160     1.773    u_accel_monitor/u_accel/accel_x_reg[15]_0[0]
    SLICE_X9Y8           LUT2 (Prop_lut2_I1_O)        0.045     1.818 r  u_accel_monitor/u_accel/sq_y[9]_i_15/O
                         net (fo=1, routed)           0.000     1.818    u_accel_monitor/u_accel/sq_y[9]_i_15_n_0
    SLICE_X9Y8           CARRY4 (Prop_carry4_S[2]_CO[2])
                                                      0.081     1.899 r  u_accel_monitor/u_accel/sq_y_reg[9]_i_4/CO[2]
                         net (fo=14, routed)          0.184     2.082    u_accel_monitor/u_accel/accel_btn_up
    SLICE_X9Y9           LUT5 (Prop_lut5_I2_O)        0.110     2.192 r  u_accel_monitor/u_accel/sq_y[9]_i_1/O
                         net (fo=9, routed)           0.207     2.399    square_inst/E[0]
    SLICE_X10Y7          FDCE                                         r  square_inst/sq_y_reg[2]/CE
  -------------------------------------------------------------------    -------------------

                         (clock clk_out1_clocking_wizard_clk_wiz_0_0 rise edge)
                                                      0.000     0.000 r  
    BUFGCTRL_X0Y0        BUFG                         0.000     0.000 r  clk_100MHz_IBUF_BUFG_inst/O
                         net (fo=424, routed)         0.817     0.817    clk_wiz_inst/clocking_wizard_i/clk_wiz_0/inst/clk_in1
    MMCME2_ADV_X1Y0      MMCME2_ADV (Prop_mmcme2_adv_CLKIN1_CLKOUT0)
                                                     -1.375    -0.559 r  clk_wiz_inst/clocking_wizard_i/clk_wiz_0/inst/mmcm_adv_inst/CLKOUT0
                         net (fo=1, routed)           0.530    -0.029    clk_wiz_inst/clocking_wizard_i/clk_wiz_0/inst/clk_out1_clocking_wizard_clk_wiz_0_0
    BUFGCTRL_X0Y1        BUFG (Prop_bufg_I_O)         0.029     0.000 r  clk_wiz_inst/clocking_wizard_i/clk_wiz_0/inst/clkout1_buf/O
                         net (fo=139, routed)         0.835     0.835    square_inst/CLK
    SLICE_X10Y7          FDCE                                         r  square_inst/sq_y_reg[2]/C
                         clock pessimism              0.000     0.835    
                         clock uncertainty            0.410     1.245    
    SLICE_X10Y7          FDCE (Hold_fdce_C_CE)       -0.016     1.229    square_inst/sq_y_reg[2]
  -------------------------------------------------------------------
                         required time                         -1.229    
                         arrival time                           2.399    
  -------------------------------------------------------------------
                         slack                                  1.170    

Slack (MET) :             1.170ns  (arrival time - required time)
  Source:                 u_accel_monitor/u_accel/accel_x_reg[15]/C
                            (rising edge-triggered cell FDCE clocked by sys_clk_pin  {rise@0.000ns fall@5.000ns period=10.000ns})
  Destination:            square_inst/sq_y_reg[4]/CE
                            (rising edge-triggered cell FDCE clocked by clk_out1_clocking_wizard_clk_wiz_0_0  {rise@0.000ns fall@19.863ns period=39.725ns})
  Path Group:             clk_out1_clocking_wizard_clk_wiz_0_0
  Path Type:              Hold (Min at Fast Process Corner)
  Requirement:            0.000ns  (clk_out1_clocking_wizard_clk_wiz_0_0 rise@0.000ns - sys_clk_pin rise@0.000ns)
  Data Path Delay:        0.951ns  (logic 0.400ns (42.075%)  route 0.551ns (57.925%))
  Logic Levels:           3  (CARRY4=1 LUT2=1 LUT5=1)
  Clock Path Skew:        -0.614ns (DCD - SCD - CPR)
    Destination Clock Delay (DCD):    0.835ns
    Source Clock Delay      (SCD):    1.448ns
    Clock Pessimism Removal (CPR):    -0.000ns
  Clock Uncertainty:      0.410ns  ((TSJ^2 + DJ^2)^1/2) / 2 + PE
    Total System Jitter     (TSJ):    0.071ns
    Discrete Jitter          (DJ):    0.320ns
    Phase Error              (PE):    0.247ns
  Clock Domain Crossing:  Inter clock paths are considered valid unless explicitly excluded by timing constraints such as set_clock_groups or set_false_path.

    Location             Delay type                Incr(ns)  Path(ns)    Netlist Resource(s)
  -------------------------------------------------------------------    -------------------
                         (clock sys_clk_pin rise edge)
                                                      0.000     0.000 r  
    W5                                                0.000     0.000 r  clk_100MHz (IN)
                         net (fo=0)                   0.000     0.000    clk_100MHz
    W5                   IBUF (Prop_ibuf_I_O)         0.226     0.226 r  clk_100MHz_IBUF_inst/O
                         net (fo=1, routed)           0.631     0.858    clk_100MHz_IBUF
    BUFGCTRL_X0Y0        BUFG (Prop_bufg_I_O)         0.026     0.884 r  clk_100MHz_IBUF_BUFG_inst/O
                         net (fo=424, routed)         0.565     1.448    u_accel_monitor/u_accel/clk_100MHz
    SLICE_X8Y9           FDCE                                         r  u_accel_monitor/u_accel/accel_x_reg[15]/C
  -------------------------------------------------------------------    -------------------
    SLICE_X8Y9           FDCE (Prop_fdce_C_Q)         0.164     1.612 r  u_accel_monitor/u_accel/accel_x_reg[15]/Q
                         net (fo=21, routed)          0.160     1.773    u_accel_monitor/u_accel/accel_x_reg[15]_0[0]
    SLICE_X9Y8           LUT2 (Prop_lut2_I1_O)        0.045     1.818 r  u_accel_monitor/u_accel/sq_y[9]_i_15/O
                         net (fo=1, routed)           0.000     1.818    u_accel_monitor/u_accel/sq_y[9]_i_15_n_0
    SLICE_X9Y8           CARRY4 (Prop_carry4_S[2]_CO[2])
                                                      0.081     1.899 r  u_accel_monitor/u_accel/sq_y_reg[9]_i_4/CO[2]
                         net (fo=14, routed)          0.184     2.082    u_accel_monitor/u_accel/accel_btn_up
    SLICE_X9Y9           LUT5 (Prop_lut5_I2_O)        0.110     2.192 r  u_accel_monitor/u_accel/sq_y[9]_i_1/O
                         net (fo=9, routed)           0.207     2.399    square_inst/E[0]
    SLICE_X10Y7          FDCE                                         r  square_inst/sq_y_reg[4]/CE
  -------------------------------------------------------------------    -------------------

                         (clock clk_out1_clocking_wizard_clk_wiz_0_0 rise edge)
                                                      0.000     0.000 r  
    BUFGCTRL_X0Y0        BUFG                         0.000     0.000 r  clk_100MHz_IBUF_BUFG_inst/O
                         net (fo=424, routed)         0.817     0.817    clk_wiz_inst/clocking_wizard_i/clk_wiz_0/inst/clk_in1
    MMCME2_ADV_X1Y0      MMCME2_ADV (Prop_mmcme2_adv_CLKIN1_CLKOUT0)
                                                     -1.375    -0.559 r  clk_wiz_inst/clocking_wizard_i/clk_wiz_0/inst/mmcm_adv_inst/CLKOUT0
                         net (fo=1, routed)           0.530    -0.029    clk_wiz_inst/clocking_wizard_i/clk_wiz_0/inst/clk_out1_clocking_wizard_clk_wiz_0_0
    BUFGCTRL_X0Y1        BUFG (Prop_bufg_I_O)         0.029     0.000 r  clk_wiz_inst/clocking_wizard_i/clk_wiz_0/inst/clkout1_buf/O
                         net (fo=139, routed)         0.835     0.835    square_inst/CLK
    SLICE_X10Y7          FDCE                                         r  square_inst/sq_y_reg[4]/C
                         clock pessimism              0.000     0.835    
                         clock uncertainty            0.410     1.245    
    SLICE_X10Y7          FDCE (Hold_fdce_C_CE)       -0.016     1.229    square_inst/sq_y_reg[4]
  -------------------------------------------------------------------
                         required time                         -1.229    
                         arrival time                           2.399    
  -------------------------------------------------------------------
                         slack                                  1.170    

Slack (MET) :             1.205ns  (arrival time - required time)
  Source:                 u_accel_monitor/u_accel/accel_y_reg[15]/C
                            (rising edge-triggered cell FDCE clocked by sys_clk_pin  {rise@0.000ns fall@5.000ns period=10.000ns})
  Destination:            square_inst/sq_x_reg[7]/D
                            (rising edge-triggered cell FDCE clocked by clk_out1_clocking_wizard_clk_wiz_0_0  {rise@0.000ns fall@19.863ns period=39.725ns})
  Path Group:             clk_out1_clocking_wizard_clk_wiz_0_0
  Path Type:              Hold (Min at Fast Process Corner)
  Requirement:            0.000ns  (clk_out1_clocking_wizard_clk_wiz_0_0 rise@0.000ns - sys_clk_pin rise@0.000ns)
  Data Path Delay:        1.097ns  (logic 0.422ns (38.481%)  route 0.675ns (61.519%))
  Logic Levels:           4  (CARRY4=1 LUT2=1 LUT4=1 LUT5=1)
  Clock Path Skew:        -0.611ns (DCD - SCD - CPR)
    Destination Clock Delay (DCD):    0.866ns
    Source Clock Delay      (SCD):    1.476ns
    Clock Pessimism Removal (CPR):    -0.000ns
  Clock Uncertainty:      0.410ns  ((TSJ^2 + DJ^2)^1/2) / 2 + PE
    Total System Jitter     (TSJ):    0.071ns
    Discrete Jitter          (DJ):    0.320ns
    Phase Error              (PE):    0.247ns
  Clock Domain Crossing:  Inter clock paths are considered valid unless explicitly excluded by timing constraints such as set_clock_groups or set_false_path.

    Location             Delay type                Incr(ns)  Path(ns)    Netlist Resource(s)
  -------------------------------------------------------------------    -------------------
                         (clock sys_clk_pin rise edge)
                                                      0.000     0.000 r  
    W5                                                0.000     0.000 r  clk_100MHz (IN)
                         net (fo=0)                   0.000     0.000    clk_100MHz
    W5                   IBUF (Prop_ibuf_I_O)         0.226     0.226 r  clk_100MHz_IBUF_inst/O
                         net (fo=1, routed)           0.631     0.858    clk_100MHz_IBUF
    BUFGCTRL_X0Y0        BUFG (Prop_bufg_I_O)         0.026     0.884 r  clk_100MHz_IBUF_BUFG_inst/O
                         net (fo=424, routed)         0.593     1.476    u_accel_monitor/u_accel/clk_100MHz
    SLICE_X4Y5           FDCE                                         r  u_accel_monitor/u_accel/accel_y_reg[15]/C
  -------------------------------------------------------------------    -------------------
    SLICE_X4Y5           FDCE (Prop_fdce_C_Q)         0.141     1.617 r  u_accel_monitor/u_accel/accel_y_reg[15]/Q
                         net (fo=21, routed)          0.121     1.739    u_accel_monitor/u_accel/accel_y_reg[15]_0[0]
    SLICE_X5Y5           LUT2 (Prop_lut2_I1_O)        0.045     1.784 r  u_accel_monitor/u_accel/sq_x[9]_i_14/O
                         net (fo=1, routed)           0.000     1.784    u_accel_monitor/u_accel/sq_x[9]_i_14_n_0
    SLICE_X5Y5           CARRY4 (Prop_carry4_S[2]_CO[2])
                                                      0.081     1.865 f  u_accel_monitor/u_accel/sq_x_reg[9]_i_3/CO[2]
                         net (fo=14, routed)          0.244     2.108    u_accel_monitor/u_accel/accel_btn_left
    SLICE_X1Y5           LUT4 (Prop_lut4_I2_O)        0.110     2.218 r  u_accel_monitor/u_accel/sq_x[9]_i_6/O
                         net (fo=9, routed)           0.309     2.528    square_inst/sq_x_reg[2]_0
    SLICE_X0Y6           LUT5 (Prop_lut5_I1_O)        0.045     2.573 r  square_inst/sq_x[7]_i_1/O
                         net (fo=1, routed)           0.000     2.573    square_inst/sq_x[7]_i_1_n_0
    SLICE_X0Y6           FDCE                                         r  square_inst/sq_x_reg[7]/D
  -------------------------------------------------------------------    -------------------

                         (clock clk_out1_clocking_wizard_clk_wiz_0_0 rise edge)
                                                      0.000     0.000 r  
    BUFGCTRL_X0Y0        BUFG                         0.000     0.000 r  clk_100MHz_IBUF_BUFG_inst/O
                         net (fo=424, routed)         0.817     0.817    clk_wiz_inst/clocking_wizard_i/clk_wiz_0/inst/clk_in1
    MMCME2_ADV_X1Y0      MMCME2_ADV (Prop_mmcme2_adv_CLKIN1_CLKOUT0)
                                                     -1.375    -0.559 r  clk_wiz_inst/clocking_wizard_i/clk_wiz_0/inst/mmcm_adv_inst/CLKOUT0
                         net (fo=1, routed)           0.530    -0.029    clk_wiz_inst/clocking_wizard_i/clk_wiz_0/inst/clk_out1_clocking_wizard_clk_wiz_0_0
    BUFGCTRL_X0Y1        BUFG (Prop_bufg_I_O)         0.029     0.000 r  clk_wiz_inst/clocking_wizard_i/clk_wiz_0/inst/clkout1_buf/O
                         net (fo=139, routed)         0.866     0.866    square_inst/CLK
    SLICE_X0Y6           FDCE                                         r  square_inst/sq_x_reg[7]/C
                         clock pessimism              0.000     0.866    
                         clock uncertainty            0.410     1.276    
    SLICE_X0Y6           FDCE (Hold_fdce_C_D)         0.092     1.368    square_inst/sq_x_reg[7]
  -------------------------------------------------------------------
                         required time                         -1.368    
                         arrival time                           2.573    
  -------------------------------------------------------------------
                         slack                                  1.205    

Slack (MET) :             1.230ns  (arrival time - required time)
  Source:                 u_accel_monitor/u_accel/accel_y_reg[15]/C
                            (rising edge-triggered cell FDCE clocked by sys_clk_pin  {rise@0.000ns fall@5.000ns period=10.000ns})
  Destination:            square_inst/sq_x_reg[3]/D
                            (rising edge-triggered cell FDCE clocked by clk_out1_clocking_wizard_clk_wiz_0_0  {rise@0.000ns fall@19.863ns period=39.725ns})
  Path Group:             clk_out1_clocking_wizard_clk_wiz_0_0
  Path Type:              Hold (Min at Fast Process Corner)
  Requirement:            0.000ns  (clk_out1_clocking_wizard_clk_wiz_0_0 rise@0.000ns - sys_clk_pin rise@0.000ns)
  Data Path Delay:        1.121ns  (logic 0.422ns (37.657%)  route 0.699ns (62.343%))
  Logic Levels:           4  (CARRY4=1 LUT2=1 LUT4=1 LUT5=1)
  Clock Path Skew:        -0.612ns (DCD - SCD - CPR)
    Destination Clock Delay (DCD):    0.865ns
    Source Clock Delay      (SCD):    1.476ns
    Clock Pessimism Removal (CPR):    -0.000ns
  Clock Uncertainty:      0.410ns  ((TSJ^2 + DJ^2)^1/2) / 2 + PE
    Total System Jitter     (TSJ):    0.071ns
    Discrete Jitter          (DJ):    0.320ns
    Phase Error              (PE):    0.247ns
  Clock Domain Crossing:  Inter clock paths are considered valid unless explicitly excluded by timing constraints such as set_clock_groups or set_false_path.

    Location             Delay type                Incr(ns)  Path(ns)    Netlist Resource(s)
  -------------------------------------------------------------------    -------------------
                         (clock sys_clk_pin rise edge)
                                                      0.000     0.000 r  
    W5                                                0.000     0.000 r  clk_100MHz (IN)
                         net (fo=0)                   0.000     0.000    clk_100MHz
    W5                   IBUF (Prop_ibuf_I_O)         0.226     0.226 r  clk_100MHz_IBUF_inst/O
                         net (fo=1, routed)           0.631     0.858    clk_100MHz_IBUF
    BUFGCTRL_X0Y0        BUFG (Prop_bufg_I_O)         0.026     0.884 r  clk_100MHz_IBUF_BUFG_inst/O
                         net (fo=424, routed)         0.593     1.476    u_accel_monitor/u_accel/clk_100MHz
    SLICE_X4Y5           FDCE                                         r  u_accel_monitor/u_accel/accel_y_reg[15]/C
  -------------------------------------------------------------------    -------------------
    SLICE_X4Y5           FDCE (Prop_fdce_C_Q)         0.141     1.617 r  u_accel_monitor/u_accel/accel_y_reg[15]/Q
                         net (fo=21, routed)          0.121     1.739    u_accel_monitor/u_accel/accel_y_reg[15]_0[0]
    SLICE_X5Y5           LUT2 (Prop_lut2_I1_O)        0.045     1.784 r  u_accel_monitor/u_accel/sq_x[9]_i_14/O
                         net (fo=1, routed)           0.000     1.784    u_accel_monitor/u_accel/sq_x[9]_i_14_n_0
    SLICE_X5Y5           CARRY4 (Prop_carry4_S[2]_CO[2])
                                                      0.081     1.865 f  u_accel_monitor/u_accel/sq_x_reg[9]_i_3/CO[2]
                         net (fo=14, routed)          0.244     2.108    u_accel_monitor/u_accel/accel_btn_left
    SLICE_X1Y5           LUT4 (Prop_lut4_I2_O)        0.110     2.218 r  u_accel_monitor/u_accel/sq_x[9]_i_6/O
                         net (fo=9, routed)           0.333     2.552    square_inst/sq_x_reg[2]_0
    SLICE_X0Y7           LUT5 (Prop_lut5_I1_O)        0.045     2.597 r  square_inst/sq_x[3]_i_1/O
                         net (fo=1, routed)           0.000     2.597    square_inst/sq_x[3]_i_1_n_0
    SLICE_X0Y7           FDCE                                         r  square_inst/sq_x_reg[3]/D
  -------------------------------------------------------------------    -------------------

                         (clock clk_out1_clocking_wizard_clk_wiz_0_0 rise edge)
                                                      0.000     0.000 r  
    BUFGCTRL_X0Y0        BUFG                         0.000     0.000 r  clk_100MHz_IBUF_BUFG_inst/O
                         net (fo=424, routed)         0.817     0.817    clk_wiz_inst/clocking_wizard_i/clk_wiz_0/inst/clk_in1
    MMCME2_ADV_X1Y0      MMCME2_ADV (Prop_mmcme2_adv_CLKIN1_CLKOUT0)
                                                     -1.375    -0.559 r  clk_wiz_inst/clocking_wizard_i/clk_wiz_0/inst/mmcm_adv_inst/CLKOUT0
                         net (fo=1, routed)           0.530    -0.029    clk_wiz_inst/clocking_wizard_i/clk_wiz_0/inst/clk_out1_clocking_wizard_clk_wiz_0_0
    BUFGCTRL_X0Y1        BUFG (Prop_bufg_I_O)         0.029     0.000 r  clk_wiz_inst/clocking_wizard_i/clk_wiz_0/inst/clkout1_buf/O
                         net (fo=139, routed)         0.865     0.865    square_inst/CLK
    SLICE_X0Y7           FDCE                                         r  square_inst/sq_x_reg[3]/C
                         clock pessimism              0.000     0.865    
                         clock uncertainty            0.410     1.275    
    SLICE_X0Y7           FDCE (Hold_fdce_C_D)         0.092     1.367    square_inst/sq_x_reg[3]
  -------------------------------------------------------------------
                         required time                         -1.367    
                         arrival time                           2.597    
  -------------------------------------------------------------------
                         slack                                  1.230    

Slack (MET) :             1.231ns  (arrival time - required time)
  Source:                 u_accel_monitor/u_accel/accel_x_reg[5]/C
                            (rising edge-triggered cell FDCE clocked by sys_clk_pin  {rise@0.000ns fall@5.000ns period=10.000ns})
  Destination:            square_inst/sq_y_reg[1]/D
                            (rising edge-triggered cell FDCE clocked by clk_out1_clocking_wizard_clk_wiz_0_0  {rise@0.000ns fall@19.863ns period=39.725ns})
  Path Group:             clk_out1_clocking_wizard_clk_wiz_0_0
  Path Type:              Hold (Min at Fast Process Corner)
  Requirement:            0.000ns  (clk_out1_clocking_wizard_clk_wiz_0_0 rise@0.000ns - sys_clk_pin rise@0.000ns)
  Data Path Delay:        1.148ns  (logic 0.410ns (35.712%)  route 0.738ns (64.288%))
  Logic Levels:           4  (CARRY4=2 LUT3=1 LUT5=1)
  Clock Path Skew:        -0.615ns (DCD - SCD - CPR)
    Destination Clock Delay (DCD):    0.835ns
    Source Clock Delay      (SCD):    1.449ns
    Clock Pessimism Removal (CPR):    -0.000ns
  Clock Uncertainty:      0.410ns  ((TSJ^2 + DJ^2)^1/2) / 2 + PE
    Total System Jitter     (TSJ):    0.071ns
    Discrete Jitter          (DJ):    0.320ns
    Phase Error              (PE):    0.247ns
  Clock Domain Crossing:  Inter clock paths are considered valid unless explicitly excluded by timing constraints such as set_clock_groups or set_false_path.

    Location             Delay type                Incr(ns)  Path(ns)    Netlist Resource(s)
  -------------------------------------------------------------------    -------------------
                         (clock sys_clk_pin rise edge)
                                                      0.000     0.000 r  
    W5                                                0.000     0.000 r  clk_100MHz (IN)
                         net (fo=0)                   0.000     0.000    clk_100MHz
    W5                   IBUF (Prop_ibuf_I_O)         0.226     0.226 r  clk_100MHz_IBUF_inst/O
                         net (fo=1, routed)           0.631     0.858    clk_100MHz_IBUF
    BUFGCTRL_X0Y0        BUFG (Prop_bufg_I_O)         0.026     0.884 r  clk_100MHz_IBUF_BUFG_inst/O
                         net (fo=424, routed)         0.566     1.449    u_accel_monitor/u_accel/clk_100MHz
    SLICE_X8Y6           FDCE                                         r  u_accel_monitor/u_accel/accel_x_reg[5]/C
  -------------------------------------------------------------------    -------------------
    SLICE_X8Y6           FDCE (Prop_fdce_C_Q)         0.164     1.613 r  u_accel_monitor/u_accel/accel_x_reg[5]/Q
                         net (fo=7, routed)           0.156     1.770    u_accel_monitor/u_accel/accel_x[5]
    SLICE_X9Y5           CARRY4 (Prop_carry4_DI[2]_CO[3])
                                                      0.117     1.887 r  u_accel_monitor/u_accel/sq_y_reg[9]_i_18/CO[3]
                         net (fo=1, routed)           0.000     1.887    u_accel_monitor/u_accel/sq_y_reg[9]_i_18_n_0
    SLICE_X9Y6           CARRY4 (Prop_carry4_CI_CO[3])
                                                      0.039     1.926 r  u_accel_monitor/u_accel/sq_y_reg[9]_i_5/CO[3]
                         net (fo=14, routed)          0.358     2.283    u_accel_monitor/u_accel/u_accel_motion/btn_down0
    SLICE_X10Y7          LUT3 (Prop_lut3_I2_O)        0.045     2.328 f  u_accel_monitor/u_accel/sq_y[1]_i_3/O
                         net (fo=1, routed)           0.224     2.552    u_accel_monitor/u_accel/sq_y[1]_i_3_n_0
    SLICE_X10Y7          LUT5 (Prop_lut5_I3_O)        0.045     2.597 r  u_accel_monitor/u_accel/sq_y[1]_i_1/O
                         net (fo=1, routed)           0.000     2.597    square_inst/D[0]
    SLICE_X10Y7          FDCE                                         r  square_inst/sq_y_reg[1]/D
  -------------------------------------------------------------------    -------------------

                         (clock clk_out1_clocking_wizard_clk_wiz_0_0 rise edge)
                                                      0.000     0.000 r  
    BUFGCTRL_X0Y0        BUFG                         0.000     0.000 r  clk_100MHz_IBUF_BUFG_inst/O
                         net (fo=424, routed)         0.817     0.817    clk_wiz_inst/clocking_wizard_i/clk_wiz_0/inst/clk_in1
    MMCME2_ADV_X1Y0      MMCME2_ADV (Prop_mmcme2_adv_CLKIN1_CLKOUT0)
                                                     -1.375    -0.559 r  clk_wiz_inst/clocking_wizard_i/clk_wiz_0/inst/mmcm_adv_inst/CLKOUT0
                         net (fo=1, routed)           0.530    -0.029    clk_wiz_inst/clocking_wizard_i/clk_wiz_0/inst/clk_out1_clocking_wizard_clk_wiz_0_0
    BUFGCTRL_X0Y1        BUFG (Prop_bufg_I_O)         0.029     0.000 r  clk_wiz_inst/clocking_wizard_i/clk_wiz_0/inst/clkout1_buf/O
                         net (fo=139, routed)         0.835     0.835    square_inst/CLK
    SLICE_X10Y7          FDCE                                         r  square_inst/sq_y_reg[1]/C
                         clock pessimism              0.000     0.835    
                         clock uncertainty            0.410     1.245    
    SLICE_X10Y7          FDCE (Hold_fdce_C_D)         0.121     1.366    square_inst/sq_y_reg[1]
  -------------------------------------------------------------------
                         required time                         -1.366    
                         arrival time                           2.597    
  -------------------------------------------------------------------
                         slack                                  1.231    





---------------------------------------------------------------------------------------------------
Path Group:  **async_default**
From Clock:  clk_out1_clocking_wizard_clk_wiz_0_0
  To Clock:  clk_out1_clocking_wizard_clk_wiz_0_0

Setup :            0  Failing Endpoints,  Worst Slack       32.424ns,  Total Violation        0.000ns
Hold  :            0  Failing Endpoints,  Worst Slack        0.603ns,  Total Violation        0.000ns
---------------------------------------------------------------------------------------------------


Max Delay Paths
--------------------------------------------------------------------------------------
Slack (MET) :             32.424ns  (required time - arrival time)
  Source:                 food_inst/lfsr_reg[12]/C
                            (rising edge-triggered cell FDPE clocked by clk_out1_clocking_wizard_clk_wiz_0_0  {rise@0.000ns fall@19.863ns period=39.725ns})
  Destination:            food_inst/fy_reg[1]_P/PRE
                            (recovery check against rising-edge clock clk_out1_clocking_wizard_clk_wiz_0_0  {rise@0.000ns fall@19.863ns period=39.725ns})
  Path Group:             **async_default**
  Path Type:              Recovery (Max at Slow Process Corner)
  Requirement:            39.725ns  (clk_out1_clocking_wizard_clk_wiz_0_0 rise@39.725ns - clk_out1_clocking_wizard_clk_wiz_0_0 rise@0.000ns)
  Data Path Delay:        6.533ns  (logic 2.254ns (34.500%)  route 4.279ns (65.500%))
  Logic Levels:           6  (CARRY4=2 LUT2=1 LUT4=1 LUT5=1 LUT6=1)
  Clock Path Skew:        -0.035ns (DCD - SCD + CPR)
    Destination Clock Delay (DCD):    1.442ns = ( 41.167 - 39.725 ) 
    Source Clock Delay      (SCD):    1.557ns
    Clock Pessimism Removal (CPR):    0.080ns
  Clock Uncertainty:      0.164ns  ((TSJ^2 + DJ^2)^1/2) / 2 + PE
    Total System Jitter     (TSJ):    0.071ns
    Discrete Jitter          (DJ):    0.320ns
    Phase Error              (PE):    0.000ns

    Location             Delay type                Incr(ns)  Path(ns)    Netlist Resource(s)
  -------------------------------------------------------------------    -------------------
                         (clock clk_out1_clocking_wizard_clk_wiz_0_0 rise edge)
                                                      0.000     0.000 r  
    BUFGCTRL_X0Y0        BUFG                         0.000     0.000 r  clk_100MHz_IBUF_BUFG_inst/O
                         net (fo=424, routed)         1.575     1.575    clk_wiz_inst/clocking_wizard_i/clk_wiz_0/inst/clk_in1
    MMCME2_ADV_X1Y0      MMCME2_ADV (Prop_mmcme2_adv_CLKIN1_CLKOUT0)
                                                     -3.333    -1.757 r  clk_wiz_inst/clocking_wizard_i/clk_wiz_0/inst/mmcm_adv_inst/CLKOUT0
                         net (fo=1, routed)           1.661    -0.096    clk_wiz_inst/clocking_wizard_i/clk_wiz_0/inst/clk_out1_clocking_wizard_clk_wiz_0_0
    BUFGCTRL_X0Y1        BUFG (Prop_bufg_I_O)         0.096    -0.000 r  clk_wiz_inst/clocking_wizard_i/clk_wiz_0/inst/clkout1_buf/O
                         net (fo=139, routed)         1.557     1.557    food_inst/CLK
    SLICE_X11Y19         FDPE                                         r  food_inst/lfsr_reg[12]/C
  -------------------------------------------------------------------    -------------------
    SLICE_X11Y19         FDPE (Prop_fdpe_C_Q)         0.419     1.976 r  food_inst/lfsr_reg[12]/Q
                         net (fo=6, routed)           0.864     2.841    food_inst/lfsr_reg_n_0_[12]
    SLICE_X11Y20         LUT2 (Prop_lut2_I0_O)        0.296     3.137 r  food_inst/fy[4]_P_i_4/O
                         net (fo=1, routed)           0.000     3.137    food_inst/fy[4]_P_i_4_n_0
    SLICE_X11Y20         CARRY4 (Prop_carry4_S[2]_CO[3])
                                                      0.398     3.535 r  food_inst/fy_reg[4]_P_i_2/CO[3]
                         net (fo=1, routed)           0.000     3.535    food_inst/fy_reg[4]_P_i_2_n_0
    SLICE_X11Y21         CARRY4 (Prop_carry4_CI_O[1])
                                                      0.334     3.869 r  food_inst/fy_reg[8]_P_i_4/O[1]
                         net (fo=2, routed)           0.857     4.726    food_inst/fy_reg[8]_P_i_4_n_6
    SLICE_X10Y21         LUT6 (Prop_lut6_I5_O)        0.303     5.029 r  food_inst/fy[8]_P_i_5/O
                         net (fo=4, routed)           0.811     5.840    food_inst/fy[8]_P_i_5_n_0
    SLICE_X10Y20         LUT5 (Prop_lut5_I1_O)        0.148     5.988 r  food_inst/fy_reg[4]_LDC_i_4/O
                         net (fo=20, routed)          1.207     7.195    food_inst/fy_reg[4]_LDC_i_4_n_0
    SLICE_X15Y17         LUT4 (Prop_lut4_I3_O)        0.356     7.551 f  food_inst/fy_reg[1]_LDC_i_1/O
                         net (fo=2, routed)           0.539     8.091    food_inst/fy_reg[1]_LDC_i_1_n_0
    SLICE_X12Y17         FDPE                                         f  food_inst/fy_reg[1]_P/PRE
  -------------------------------------------------------------------    -------------------

                         (clock clk_out1_clocking_wizard_clk_wiz_0_0 rise edge)
                                                     39.725    39.725 r  
    BUFGCTRL_X0Y0        BUFG                         0.000    39.725 r  clk_100MHz_IBUF_BUFG_inst/O
                         net (fo=424, routed)         1.457    41.182    clk_wiz_inst/clocking_wizard_i/clk_wiz_0/inst/clk_in1
    MMCME2_ADV_X1Y0      MMCME2_ADV (Prop_mmcme2_adv_CLKIN1_CLKOUT0)
                                                     -3.129    38.053 r  clk_wiz_inst/clocking_wizard_i/clk_wiz_0/inst/mmcm_adv_inst/CLKOUT0
                         net (fo=1, routed)           1.581    39.634    clk_wiz_inst/clocking_wizard_i/clk_wiz_0/inst/clk_out1_clocking_wizard_clk_wiz_0_0
    BUFGCTRL_X0Y1        BUFG (Prop_bufg_I_O)         0.091    39.725 r  clk_wiz_inst/clocking_wizard_i/clk_wiz_0/inst/clkout1_buf/O
                         net (fo=139, routed)         1.442    41.167    food_inst/CLK
    SLICE_X12Y17         FDPE                                         r  food_inst/fy_reg[1]_P/C
                         clock pessimism              0.080    41.247    
                         clock uncertainty           -0.164    41.084    
    SLICE_X12Y17         FDPE (Recov_fdpe_C_PRE)     -0.569    40.515    food_inst/fy_reg[1]_P
  -------------------------------------------------------------------
                         required time                         40.515    
                         arrival time                          -8.091    
  -------------------------------------------------------------------
                         slack                                 32.424    

Slack (MET) :             32.456ns  (required time - arrival time)
  Source:                 food_inst/lfsr_reg[12]/C
                            (rising edge-triggered cell FDPE clocked by clk_out1_clocking_wizard_clk_wiz_0_0  {rise@0.000ns fall@19.863ns period=39.725ns})
  Destination:            food_inst/fy_reg[4]_P/PRE
                            (recovery check against rising-edge clock clk_out1_clocking_wizard_clk_wiz_0_0  {rise@0.000ns fall@19.863ns period=39.725ns})
  Path Group:             **async_default**
  Path Type:              Recovery (Max at Slow Process Corner)
  Requirement:            39.725ns  (clk_out1_clocking_wizard_clk_wiz_0_0 rise@39.725ns - clk_out1_clocking_wizard_clk_wiz_0_0 rise@0.000ns)
  Data Path Delay:        6.483ns  (logic 2.219ns (34.228%)  route 4.264ns (65.772%))
  Logic Levels:           6  (CARRY4=2 LUT2=1 LUT4=1 LUT5=1 LUT6=1)
  Clock Path Skew:        -0.039ns (DCD - SCD + CPR)
    Destination Clock Delay (DCD):    1.438ns = ( 41.163 - 39.725 ) 
    Source Clock Delay      (SCD):    1.557ns
    Clock Pessimism Removal (CPR):    0.080ns
  Clock Uncertainty:      0.164ns  ((TSJ^2 + DJ^2)^1/2) / 2 + PE
    Total System Jitter     (TSJ):    0.071ns
    Discrete Jitter          (DJ):    0.320ns
    Phase Error              (PE):    0.000ns

    Location             Delay type                Incr(ns)  Path(ns)    Netlist Resource(s)
  -------------------------------------------------------------------    -------------------
                         (clock clk_out1_clocking_wizard_clk_wiz_0_0 rise edge)
                                                      0.000     0.000 r  
    BUFGCTRL_X0Y0        BUFG                         0.000     0.000 r  clk_100MHz_IBUF_BUFG_inst/O
                         net (fo=424, routed)         1.575     1.575    clk_wiz_inst/clocking_wizard_i/clk_wiz_0/inst/clk_in1
    MMCME2_ADV_X1Y0      MMCME2_ADV (Prop_mmcme2_adv_CLKIN1_CLKOUT0)
                                                     -3.333    -1.757 r  clk_wiz_inst/clocking_wizard_i/clk_wiz_0/inst/mmcm_adv_inst/CLKOUT0
                         net (fo=1, routed)           1.661    -0.096    clk_wiz_inst/clocking_wizard_i/clk_wiz_0/inst/clk_out1_clocking_wizard_clk_wiz_0_0
    BUFGCTRL_X0Y1        BUFG (Prop_bufg_I_O)         0.096    -0.000 r  clk_wiz_inst/clocking_wizard_i/clk_wiz_0/inst/clkout1_buf/O
                         net (fo=139, routed)         1.557     1.557    food_inst/CLK
    SLICE_X11Y19         FDPE                                         r  food_inst/lfsr_reg[12]/C
  -------------------------------------------------------------------    -------------------
    SLICE_X11Y19         FDPE (Prop_fdpe_C_Q)         0.419     1.976 r  food_inst/lfsr_reg[12]/Q
                         net (fo=6, routed)           0.864     2.841    food_inst/lfsr_reg_n_0_[12]
    SLICE_X11Y20         LUT2 (Prop_lut2_I0_O)        0.296     3.137 r  food_inst/fy[4]_P_i_4/O
                         net (fo=1, routed)           0.000     3.137    food_inst/fy[4]_P_i_4_n_0
    SLICE_X11Y20         CARRY4 (Prop_carry4_S[2]_CO[3])
                                                      0.398     3.535 r  food_inst/fy_reg[4]_P_i_2/CO[3]
                         net (fo=1, routed)           0.000     3.535    food_inst/fy_reg[4]_P_i_2_n_0
    SLICE_X11Y21         CARRY4 (Prop_carry4_CI_O[1])
                                                      0.334     3.869 r  food_inst/fy_reg[8]_P_i_4/O[1]
                         net (fo=2, routed)           0.857     4.726    food_inst/fy_reg[8]_P_i_4_n_6
    SLICE_X10Y21         LUT6 (Prop_lut6_I5_O)        0.303     5.029 r  food_inst/fy[8]_P_i_5/O
                         net (fo=4, routed)           0.811     5.840    food_inst/fy[8]_P_i_5_n_0
    SLICE_X10Y20         LUT5 (Prop_lut5_I1_O)        0.148     5.988 r  food_inst/fy_reg[4]_LDC_i_4/O
                         net (fo=20, routed)          1.054     7.042    food_inst/fy_reg[4]_LDC_i_4_n_0
    SLICE_X14Y21         LUT4 (Prop_lut4_I3_O)        0.321     7.363 f  food_inst/fy_reg[4]_LDC_i_1/O
                         net (fo=2, routed)           0.677     8.040    food_inst/fy_reg[4]_LDC_i_1_n_0
    SLICE_X13Y21         FDPE                                         f  food_inst/fy_reg[4]_P/PRE
  -------------------------------------------------------------------    -------------------

                         (clock clk_out1_clocking_wizard_clk_wiz_0_0 rise edge)
                                                     39.725    39.725 r  
    BUFGCTRL_X0Y0        BUFG                         0.000    39.725 r  clk_100MHz_IBUF_BUFG_inst/O
                         net (fo=424, routed)         1.457    41.182    clk_wiz_inst/clocking_wizard_i/clk_wiz_0/inst/clk_in1
    MMCME2_ADV_X1Y0      MMCME2_ADV (Prop_mmcme2_adv_CLKIN1_CLKOUT0)
                                                     -3.129    38.053 r  clk_wiz_inst/clocking_wizard_i/clk_wiz_0/inst/mmcm_adv_inst/CLKOUT0
                         net (fo=1, routed)           1.581    39.634    clk_wiz_inst/clocking_wizard_i/clk_wiz_0/inst/clk_out1_clocking_wizard_clk_wiz_0_0
    BUFGCTRL_X0Y1        BUFG (Prop_bufg_I_O)         0.091    39.725 r  clk_wiz_inst/clocking_wizard_i/clk_wiz_0/inst/clkout1_buf/O
                         net (fo=139, routed)         1.438    41.163    food_inst/CLK
    SLICE_X13Y21         FDPE                                         r  food_inst/fy_reg[4]_P/C
                         clock pessimism              0.080    41.243    
                         clock uncertainty           -0.164    41.080    
    SLICE_X13Y21         FDPE (Recov_fdpe_C_PRE)     -0.583    40.497    food_inst/fy_reg[4]_P
  -------------------------------------------------------------------
                         required time                         40.497    
                         arrival time                          -8.040    
  -------------------------------------------------------------------
                         slack                                 32.456    

Slack (MET) :             32.464ns  (required time - arrival time)
  Source:                 food_inst/lfsr_reg[12]/C
                            (rising edge-triggered cell FDPE clocked by clk_out1_clocking_wizard_clk_wiz_0_0  {rise@0.000ns fall@19.863ns period=39.725ns})
  Destination:            food_inst/fy_reg[3]_C/CLR
                            (recovery check against rising-edge clock clk_out1_clocking_wizard_clk_wiz_0_0  {rise@0.000ns fall@19.863ns period=39.725ns})
  Path Group:             **async_default**
  Path Type:              Recovery (Max at Slow Process Corner)
  Requirement:            39.725ns  (clk_out1_clocking_wizard_clk_wiz_0_0 rise@39.725ns - clk_out1_clocking_wizard_clk_wiz_0_0 rise@0.000ns)
  Data Path Delay:        6.740ns  (logic 2.226ns (33.029%)  route 4.514ns (66.971%))
  Logic Levels:           6  (CARRY4=2 LUT2=1 LUT5=1 LUT6=2)
  Clock Path Skew:        -0.039ns (DCD - SCD + CPR)
    Destination Clock Delay (DCD):    1.438ns = ( 41.163 - 39.725 ) 
    Source Clock Delay      (SCD):    1.557ns
    Clock Pessimism Removal (CPR):    0.080ns
  Clock Uncertainty:      0.164ns  ((TSJ^2 + DJ^2)^1/2) / 2 + PE
    Total System Jitter     (TSJ):    0.071ns
    Discrete Jitter          (DJ):    0.320ns
    Phase Error              (PE):    0.000ns

    Location             Delay type                Incr(ns)  Path(ns)    Netlist Resource(s)
  -------------------------------------------------------------------    -------------------
                         (clock clk_out1_clocking_wizard_clk_wiz_0_0 rise edge)
                                                      0.000     0.000 r  
    BUFGCTRL_X0Y0        BUFG                         0.000     0.000 r  clk_100MHz_IBUF_BUFG_inst/O
                         net (fo=424, routed)         1.575     1.575    clk_wiz_inst/clocking_wizard_i/clk_wiz_0/inst/clk_in1
    MMCME2_ADV_X1Y0      MMCME2_ADV (Prop_mmcme2_adv_CLKIN1_CLKOUT0)
                                                     -3.333    -1.757 r  clk_wiz_inst/clocking_wizard_i/clk_wiz_0/inst/mmcm_adv_inst/CLKOUT0
                         net (fo=1, routed)           1.661    -0.096    clk_wiz_inst/clocking_wizard_i/clk_wiz_0/inst/clk_out1_clocking_wizard_clk_wiz_0_0
    BUFGCTRL_X0Y1        BUFG (Prop_bufg_I_O)         0.096    -0.000 r  clk_wiz_inst/clocking_wizard_i/clk_wiz_0/inst/clkout1_buf/O
                         net (fo=139, routed)         1.557     1.557    food_inst/CLK
    SLICE_X11Y19         FDPE                                         r  food_inst/lfsr_reg[12]/C
  -------------------------------------------------------------------    -------------------
    SLICE_X11Y19         FDPE (Prop_fdpe_C_Q)         0.419     1.976 r  food_inst/lfsr_reg[12]/Q
                         net (fo=6, routed)           0.864     2.841    food_inst/lfsr_reg_n_0_[12]
    SLICE_X11Y20         LUT2 (Prop_lut2_I0_O)        0.296     3.137 r  food_inst/fy[4]_P_i_4/O
                         net (fo=1, routed)           0.000     3.137    food_inst/fy[4]_P_i_4_n_0
    SLICE_X11Y20         CARRY4 (Prop_carry4_S[2]_CO[3])
                                                      0.398     3.535 r  food_inst/fy_reg[4]_P_i_2/CO[3]
                         net (fo=1, routed)           0.000     3.535    food_inst/fy_reg[4]_P_i_2_n_0
    SLICE_X11Y21         CARRY4 (Prop_carry4_CI_O[1])
                                                      0.334     3.869 r  food_inst/fy_reg[8]_P_i_4/O[1]
                         net (fo=2, routed)           0.857     4.726    food_inst/fy_reg[8]_P_i_4_n_6
    SLICE_X10Y21         LUT6 (Prop_lut6_I5_O)        0.303     5.029 r  food_inst/fy[8]_P_i_5/O
                         net (fo=4, routed)           0.811     5.840    food_inst/fy[8]_P_i_5_n_0
    SLICE_X10Y20         LUT5 (Prop_lut5_I1_O)        0.148     5.988 r  food_inst/fy_reg[4]_LDC_i_4/O
                         net (fo=20, routed)          1.171     7.159    food_inst/fy_reg[4]_LDC_i_4_n_0
    SLICE_X12Y20         LUT6 (Prop_lut6_I2_O)        0.328     7.487 f  food_inst/fy_reg[3]_LDC_i_2/O
                         net (fo=2, routed)           0.810     8.297    food_inst/fy_reg[3]_LDC_i_2_n_0
    SLICE_X12Y21         FDCE                                         f  food_inst/fy_reg[3]_C/CLR
  -------------------------------------------------------------------    -------------------

                         (clock clk_out1_clocking_wizard_clk_wiz_0_0 rise edge)
                                                     39.725    39.725 r  
    BUFGCTRL_X0Y0        BUFG                         0.000    39.725 r  clk_100MHz_IBUF_BUFG_inst/O
                         net (fo=424, routed)         1.457    41.182    clk_wiz_inst/clocking_wizard_i/clk_wiz_0/inst/clk_in1
    MMCME2_ADV_X1Y0      MMCME2_ADV (Prop_mmcme2_adv_CLKIN1_CLKOUT0)
                                                     -3.129    38.053 r  clk_wiz_inst/clocking_wizard_i/clk_wiz_0/inst/mmcm_adv_inst/CLKOUT0
                         net (fo=1, routed)           1.581    39.634    clk_wiz_inst/clocking_wizard_i/clk_wiz_0/inst/clk_out1_clocking_wizard_clk_wiz_0_0
    BUFGCTRL_X0Y1        BUFG (Prop_bufg_I_O)         0.091    39.725 r  clk_wiz_inst/clocking_wizard_i/clk_wiz_0/inst/clkout1_buf/O
                         net (fo=139, routed)         1.438    41.163    food_inst/CLK
    SLICE_X12Y21         FDCE                                         r  food_inst/fy_reg[3]_C/C
                         clock pessimism              0.080    41.243    
                         clock uncertainty           -0.164    41.080    
    SLICE_X12Y21         FDCE (Recov_fdce_C_CLR)     -0.319    40.761    food_inst/fy_reg[3]_C
  -------------------------------------------------------------------
                         required time                         40.761    
                         arrival time                          -8.297    
  -------------------------------------------------------------------
                         slack                                 32.464    

Slack (MET) :             32.535ns  (required time - arrival time)
  Source:                 food_inst/lfsr_reg[12]/C
                            (rising edge-triggered cell FDPE clocked by clk_out1_clocking_wizard_clk_wiz_0_0  {rise@0.000ns fall@19.863ns period=39.725ns})
  Destination:            food_inst/fy_reg[1]_C/CLR
                            (recovery check against rising-edge clock clk_out1_clocking_wizard_clk_wiz_0_0  {rise@0.000ns fall@19.863ns period=39.725ns})
  Path Group:             **async_default**
  Path Type:              Recovery (Max at Slow Process Corner)
  Requirement:            39.725ns  (clk_out1_clocking_wizard_clk_wiz_0_0 rise@39.725ns - clk_out1_clocking_wizard_clk_wiz_0_0 rise@0.000ns)
  Data Path Delay:        6.587ns  (logic 2.226ns (33.795%)  route 4.361ns (66.205%))
  Logic Levels:           6  (CARRY4=2 LUT2=1 LUT4=1 LUT5=1 LUT6=1)
  Clock Path Skew:        -0.035ns (DCD - SCD + CPR)
    Destination Clock Delay (DCD):    1.442ns = ( 41.167 - 39.725 ) 
    Source Clock Delay      (SCD):    1.557ns
    Clock Pessimism Removal (CPR):    0.080ns
  Clock Uncertainty:      0.164ns  ((TSJ^2 + DJ^2)^1/2) / 2 + PE
    Total System Jitter     (TSJ):    0.071ns
    Discrete Jitter          (DJ):    0.320ns
    Phase Error              (PE):    0.000ns

    Location             Delay type                Incr(ns)  Path(ns)    Netlist Resource(s)
  -------------------------------------------------------------------    -------------------
                         (clock clk_out1_clocking_wizard_clk_wiz_0_0 rise edge)
                                                      0.000     0.000 r  
    BUFGCTRL_X0Y0        BUFG                         0.000     0.000 r  clk_100MHz_IBUF_BUFG_inst/O
                         net (fo=424, routed)         1.575     1.575    clk_wiz_inst/clocking_wizard_i/clk_wiz_0/inst/clk_in1
    MMCME2_ADV_X1Y0      MMCME2_ADV (Prop_mmcme2_adv_CLKIN1_CLKOUT0)
                                                     -3.333    -1.757 r  clk_wiz_inst/clocking_wizard_i/clk_wiz_0/inst/mmcm_adv_inst/CLKOUT0
                         net (fo=1, routed)           1.661    -0.096    clk_wiz_inst/clocking_wizard_i/clk_wiz_0/inst/clk_out1_clocking_wizard_clk_wiz_0_0
    BUFGCTRL_X0Y1        BUFG (Prop_bufg_I_O)         0.096    -0.000 r  clk_wiz_inst/clocking_wizard_i/clk_wiz_0/inst/clkout1_buf/O
                         net (fo=139, routed)         1.557     1.557    food_inst/CLK
    SLICE_X11Y19         FDPE                                         r  food_inst/lfsr_reg[12]/C
  -------------------------------------------------------------------    -------------------
    SLICE_X11Y19         FDPE (Prop_fdpe_C_Q)         0.419     1.976 r  food_inst/lfsr_reg[12]/Q
                         net (fo=6, routed)           0.864     2.841    food_inst/lfsr_reg_n_0_[12]
    SLICE_X11Y20         LUT2 (Prop_lut2_I0_O)        0.296     3.137 r  food_inst/fy[4]_P_i_4/O
                         net (fo=1, routed)           0.000     3.137    food_inst/fy[4]_P_i_4_n_0
    SLICE_X11Y20         CARRY4 (Prop_carry4_S[2]_CO[3])
                                                      0.398     3.535 r  food_inst/fy_reg[4]_P_i_2/CO[3]
                         net (fo=1, routed)           0.000     3.535    food_inst/fy_reg[4]_P_i_2_n_0
    SLICE_X11Y21         CARRY4 (Prop_carry4_CI_O[1])
                                                      0.334     3.869 r  food_inst/fy_reg[8]_P_i_4/O[1]
                         net (fo=2, routed)           0.857     4.726    food_inst/fy_reg[8]_P_i_4_n_6
    SLICE_X10Y21         LUT6 (Prop_lut6_I5_O)        0.303     5.029 r  food_inst/fy[8]_P_i_5/O
                         net (fo=4, routed)           0.811     5.840    food_inst/fy[8]_P_i_5_n_0
    SLICE_X10Y20         LUT5 (Prop_lut5_I1_O)        0.148     5.988 r  food_inst/fy_reg[4]_LDC_i_4/O
                         net (fo=20, routed)          1.207     7.195    food_inst/fy_reg[4]_LDC_i_4_n_0
    SLICE_X15Y17         LUT4 (Prop_lut4_I3_O)        0.328     7.523 f  food_inst/fy_reg[1]_LDC_i_2/O
                         net (fo=2, routed)           0.621     8.144    food_inst/fy_reg[1]_LDC_i_2_n_0
    SLICE_X15Y17         FDCE                                         f  food_inst/fy_reg[1]_C/CLR
  -------------------------------------------------------------------    -------------------

                         (clock clk_out1_clocking_wizard_clk_wiz_0_0 rise edge)
                                                     39.725    39.725 r  
    BUFGCTRL_X0Y0        BUFG                         0.000    39.725 r  clk_100MHz_IBUF_BUFG_inst/O
                         net (fo=424, routed)         1.457    41.182    clk_wiz_inst/clocking_wizard_i/clk_wiz_0/inst/clk_in1
    MMCME2_ADV_X1Y0      MMCME2_ADV (Prop_mmcme2_adv_CLKIN1_CLKOUT0)
                                                     -3.129    38.053 r  clk_wiz_inst/clocking_wizard_i/clk_wiz_0/inst/mmcm_adv_inst/CLKOUT0
                         net (fo=1, routed)           1.581    39.634    clk_wiz_inst/clocking_wizard_i/clk_wiz_0/inst/clk_out1_clocking_wizard_clk_wiz_0_0
    BUFGCTRL_X0Y1        BUFG (Prop_bufg_I_O)         0.091    39.725 r  clk_wiz_inst/clocking_wizard_i/clk_wiz_0/inst/clkout1_buf/O
                         net (fo=139, routed)         1.442    41.167    food_inst/CLK
    SLICE_X15Y17         FDCE                                         r  food_inst/fy_reg[1]_C/C
                         clock pessimism              0.080    41.247    
                         clock uncertainty           -0.164    41.084    
    SLICE_X15Y17         FDCE (Recov_fdce_C_CLR)     -0.405    40.679    food_inst/fy_reg[1]_C
  -------------------------------------------------------------------
                         required time                         40.679    
                         arrival time                          -8.144    
  -------------------------------------------------------------------
                         slack                                 32.535    

Slack (MET) :             32.569ns  (required time - arrival time)
  Source:                 food_inst/lfsr_reg[12]/C
                            (rising edge-triggered cell FDPE clocked by clk_out1_clocking_wizard_clk_wiz_0_0  {rise@0.000ns fall@19.863ns period=39.725ns})
  Destination:            food_inst/fy_reg[8]_P/PRE
                            (recovery check against rising-edge clock clk_out1_clocking_wizard_clk_wiz_0_0  {rise@0.000ns fall@19.863ns period=39.725ns})
  Path Group:             **async_default**
  Path Type:              Recovery (Max at Slow Process Corner)
  Requirement:            39.725ns  (clk_out1_clocking_wizard_clk_wiz_0_0 rise@39.725ns - clk_out1_clocking_wizard_clk_wiz_0_0 rise@0.000ns)
  Data Path Delay:        6.406ns  (logic 2.278ns (35.559%)  route 4.128ns (64.441%))
  Logic Levels:           6  (CARRY4=2 LUT2=2 LUT5=1 LUT6=1)
  Clock Path Skew:        -0.024ns (DCD - SCD + CPR)
    Destination Clock Delay (DCD):    1.440ns = ( 41.165 - 39.725 ) 
    Source Clock Delay      (SCD):    1.557ns
    Clock Pessimism Removal (CPR):    0.093ns
  Clock Uncertainty:      0.164ns  ((TSJ^2 + DJ^2)^1/2) / 2 + PE
    Total System Jitter     (TSJ):    0.071ns
    Discrete Jitter          (DJ):    0.320ns
    Phase Error              (PE):    0.000ns

    Location             Delay type                Incr(ns)  Path(ns)    Netlist Resource(s)
  -------------------------------------------------------------------    -------------------
                         (clock clk_out1_clocking_wizard_clk_wiz_0_0 rise edge)
                                                      0.000     0.000 r  
    BUFGCTRL_X0Y0        BUFG                         0.000     0.000 r  clk_100MHz_IBUF_BUFG_inst/O
                         net (fo=424, routed)         1.575     1.575    clk_wiz_inst/clocking_wizard_i/clk_wiz_0/inst/clk_in1
    MMCME2_ADV_X1Y0      MMCME2_ADV (Prop_mmcme2_adv_CLKIN1_CLKOUT0)
                                                     -3.333    -1.757 r  clk_wiz_inst/clocking_wizard_i/clk_wiz_0/inst/mmcm_adv_inst/CLKOUT0
                         net (fo=1, routed)           1.661    -0.096    clk_wiz_inst/clocking_wizard_i/clk_wiz_0/inst/clk_out1_clocking_wizard_clk_wiz_0_0
    BUFGCTRL_X0Y1        BUFG (Prop_bufg_I_O)         0.096    -0.000 r  clk_wiz_inst/clocking_wizard_i/clk_wiz_0/inst/clkout1_buf/O
                         net (fo=139, routed)         1.557     1.557    food_inst/CLK
    SLICE_X11Y19         FDPE                                         r  food_inst/lfsr_reg[12]/C
  -------------------------------------------------------------------    -------------------
    SLICE_X11Y19         FDPE (Prop_fdpe_C_Q)         0.419     1.976 r  food_inst/lfsr_reg[12]/Q
                         net (fo=6, routed)           0.864     2.841    food_inst/lfsr_reg_n_0_[12]
    SLICE_X11Y20         LUT2 (Prop_lut2_I0_O)        0.296     3.137 r  food_inst/fy[4]_P_i_4/O
                         net (fo=1, routed)           0.000     3.137    food_inst/fy[4]_P_i_4_n_0
    SLICE_X11Y20         CARRY4 (Prop_carry4_S[2]_CO[3])
                                                      0.398     3.535 r  food_inst/fy_reg[4]_P_i_2/CO[3]
                         net (fo=1, routed)           0.000     3.535    food_inst/fy_reg[4]_P_i_2_n_0
    SLICE_X11Y21         CARRY4 (Prop_carry4_CI_O[1])
                                                      0.334     3.869 r  food_inst/fy_reg[8]_P_i_4/O[1]
                         net (fo=2, routed)           0.857     4.726    food_inst/fy_reg[8]_P_i_4_n_6
    SLICE_X10Y21         LUT6 (Prop_lut6_I5_O)        0.303     5.029 r  food_inst/fy[8]_P_i_5/O
                         net (fo=4, routed)           0.809     5.838    food_inst/fy[8]_P_i_5_n_0
    SLICE_X10Y20         LUT5 (Prop_lut5_I1_O)        0.150     5.988 f  food_inst/fy[8]_P_i_2/O
                         net (fo=4, routed)           0.971     6.959    food_inst/fy1[8]
    SLICE_X11Y19         LUT2 (Prop_lut2_I1_O)        0.378     7.337 f  food_inst/fy_reg[8]_LDC_i_1/O
                         net (fo=2, routed)           0.626     7.964    food_inst/fy_reg[8]_LDC_i_1_n_0
    SLICE_X11Y20         FDPE                                         f  food_inst/fy_reg[8]_P/PRE
  -------------------------------------------------------------------    -------------------

                         (clock clk_out1_clocking_wizard_clk_wiz_0_0 rise edge)
                                                     39.725    39.725 r  
    BUFGCTRL_X0Y0        BUFG                         0.000    39.725 r  clk_100MHz_IBUF_BUFG_inst/O
                         net (fo=424, routed)         1.457    41.182    clk_wiz_inst/clocking_wizard_i/clk_wiz_0/inst/clk_in1
    MMCME2_ADV_X1Y0      MMCME2_ADV (Prop_mmcme2_adv_CLKIN1_CLKOUT0)
                                                     -3.129    38.053 r  clk_wiz_inst/clocking_wizard_i/clk_wiz_0/inst/mmcm_adv_inst/CLKOUT0
                         net (fo=1, routed)           1.581    39.634    clk_wiz_inst/clocking_wizard_i/clk_wiz_0/inst/clk_out1_clocking_wizard_clk_wiz_0_0
    BUFGCTRL_X0Y1        BUFG (Prop_bufg_I_O)         0.091    39.725 r  clk_wiz_inst/clocking_wizard_i/clk_wiz_0/inst/clkout1_buf/O
                         net (fo=139, routed)         1.440    41.165    food_inst/CLK
    SLICE_X11Y20         FDPE                                         r  food_inst/fy_reg[8]_P/C
                         clock pessimism              0.093    41.258    
                         clock uncertainty           -0.164    41.095    
    SLICE_X11Y20         FDPE (Recov_fdpe_C_PRE)     -0.562    40.533    food_inst/fy_reg[8]_P
  -------------------------------------------------------------------
                         required time                         40.533    
                         arrival time                          -7.964    
  -------------------------------------------------------------------
                         slack                                 32.569    

Slack (MET) :             32.576ns  (required time - arrival time)
  Source:                 food_inst/lfsr_reg[12]/C
                            (rising edge-triggered cell FDPE clocked by clk_out1_clocking_wizard_clk_wiz_0_0  {rise@0.000ns fall@19.863ns period=39.725ns})
  Destination:            food_inst/fy_reg[5]_P/PRE
                            (recovery check against rising-edge clock clk_out1_clocking_wizard_clk_wiz_0_0  {rise@0.000ns fall@19.863ns period=39.725ns})
  Path Group:             **async_default**
  Path Type:              Recovery (Max at Slow Process Corner)
  Requirement:            39.725ns  (clk_out1_clocking_wizard_clk_wiz_0_0 rise@39.725ns - clk_out1_clocking_wizard_clk_wiz_0_0 rise@0.000ns)
  Data Path Delay:        6.386ns  (logic 2.134ns (33.415%)  route 4.252ns (66.585%))
  Logic Levels:           6  (CARRY4=2 LUT2=2 LUT5=1 LUT6=1)
  Clock Path Skew:        -0.038ns (DCD - SCD + CPR)
    Destination Clock Delay (DCD):    1.439ns = ( 41.164 - 39.725 ) 
    Source Clock Delay      (SCD):    1.557ns
    Clock Pessimism Removal (CPR):    0.080ns
  Clock Uncertainty:      0.164ns  ((TSJ^2 + DJ^2)^1/2) / 2 + PE
    Total System Jitter     (TSJ):    0.071ns
    Discrete Jitter          (DJ):    0.320ns
    Phase Error              (PE):    0.000ns

    Location             Delay type                Incr(ns)  Path(ns)    Netlist Resource(s)
  -------------------------------------------------------------------    -------------------
                         (clock clk_out1_clocking_wizard_clk_wiz_0_0 rise edge)
                                                      0.000     0.000 r  
    BUFGCTRL_X0Y0        BUFG                         0.000     0.000 r  clk_100MHz_IBUF_BUFG_inst/O
                         net (fo=424, routed)         1.575     1.575    clk_wiz_inst/clocking_wizard_i/clk_wiz_0/inst/clk_in1
    MMCME2_ADV_X1Y0      MMCME2_ADV (Prop_mmcme2_adv_CLKIN1_CLKOUT0)
                                                     -3.333    -1.757 r  clk_wiz_inst/clocking_wizard_i/clk_wiz_0/inst/mmcm_adv_inst/CLKOUT0
                         net (fo=1, routed)           1.661    -0.096    clk_wiz_inst/clocking_wizard_i/clk_wiz_0/inst/clk_out1_clocking_wizard_clk_wiz_0_0
    BUFGCTRL_X0Y1        BUFG (Prop_bufg_I_O)         0.096    -0.000 r  clk_wiz_inst/clocking_wizard_i/clk_wiz_0/inst/clkout1_buf/O
                         net (fo=139, routed)         1.557     1.557    food_inst/CLK
    SLICE_X11Y19         FDPE                                         r  food_inst/lfsr_reg[12]/C
  -------------------------------------------------------------------    -------------------
    SLICE_X11Y19         FDPE (Prop_fdpe_C_Q)         0.419     1.976 r  food_inst/lfsr_reg[12]/Q
                         net (fo=6, routed)           0.864     2.841    food_inst/lfsr_reg_n_0_[12]
    SLICE_X11Y20         LUT2 (Prop_lut2_I0_O)        0.296     3.137 r  food_inst/fy[4]_P_i_4/O
                         net (fo=1, routed)           0.000     3.137    food_inst/fy[4]_P_i_4_n_0
    SLICE_X11Y20         CARRY4 (Prop_carry4_S[2]_CO[3])
                                                      0.398     3.535 r  food_inst/fy_reg[4]_P_i_2/CO[3]
                         net (fo=1, routed)           0.000     3.535    food_inst/fy_reg[4]_P_i_2_n_0
    SLICE_X11Y21         CARRY4 (Prop_carry4_CI_O[0])
                                                      0.222     3.757 r  food_inst/fy_reg[8]_P_i_4/O[0]
                         net (fo=6, routed)           1.044     4.801    food_inst/fy_reg[8]_P_i_4_n_7
    SLICE_X12Y21         LUT5 (Prop_lut5_I4_O)        0.321     5.122 r  food_inst/fy[5]_P_i_2/O
                         net (fo=1, routed)           0.772     5.895    food_inst/fy[5]_P_i_2_n_0
    SLICE_X10Y21         LUT6 (Prop_lut6_I1_O)        0.328     6.223 f  food_inst/fy[5]_P_i_1/O
                         net (fo=4, routed)           0.748     6.971    food_inst/fy1[5]
    SLICE_X13Y20         LUT2 (Prop_lut2_I1_O)        0.150     7.121 f  food_inst/fy_reg[5]_LDC_i_1/O
                         net (fo=2, routed)           0.823     7.944    food_inst/fy_reg[5]_LDC_i_1_n_0
    SLICE_X13Y20         FDPE                                         f  food_inst/fy_reg[5]_P/PRE
  -------------------------------------------------------------------    -------------------

                         (clock clk_out1_clocking_wizard_clk_wiz_0_0 rise edge)
                                                     39.725    39.725 r  
    BUFGCTRL_X0Y0        BUFG                         0.000    39.725 r  clk_100MHz_IBUF_BUFG_inst/O
                         net (fo=424, routed)         1.457    41.182    clk_wiz_inst/clocking_wizard_i/clk_wiz_0/inst/clk_in1
    MMCME2_ADV_X1Y0      MMCME2_ADV (Prop_mmcme2_adv_CLKIN1_CLKOUT0)
                                                     -3.129    38.053 r  clk_wiz_inst/clocking_wizard_i/clk_wiz_0/inst/mmcm_adv_inst/CLKOUT0
                         net (fo=1, routed)           1.581    39.634    clk_wiz_inst/clocking_wizard_i/clk_wiz_0/inst/clk_out1_clocking_wizard_clk_wiz_0_0
    BUFGCTRL_X0Y1        BUFG (Prop_bufg_I_O)         0.091    39.725 r  clk_wiz_inst/clocking_wizard_i/clk_wiz_0/inst/clkout1_buf/O
                         net (fo=139, routed)         1.439    41.164    food_inst/CLK
    SLICE_X13Y20         FDPE                                         r  food_inst/fy_reg[5]_P/C
                         clock pessimism              0.080    41.244    
                         clock uncertainty           -0.164    41.081    
    SLICE_X13Y20         FDPE (Recov_fdpe_C_PRE)     -0.561    40.520    food_inst/fy_reg[5]_P
  -------------------------------------------------------------------
                         required time                         40.520    
                         arrival time                          -7.944    
  -------------------------------------------------------------------
                         slack                                 32.576    

Slack (MET) :             32.605ns  (required time - arrival time)
  Source:                 food_inst/lfsr_reg[12]/C
                            (rising edge-triggered cell FDPE clocked by clk_out1_clocking_wizard_clk_wiz_0_0  {rise@0.000ns fall@19.863ns period=39.725ns})
  Destination:            food_inst/fy_reg[0]_P/PRE
                            (recovery check against rising-edge clock clk_out1_clocking_wizard_clk_wiz_0_0  {rise@0.000ns fall@19.863ns period=39.725ns})
  Path Group:             **async_default**
  Path Type:              Recovery (Max at Slow Process Corner)
  Requirement:            39.725ns  (clk_out1_clocking_wizard_clk_wiz_0_0 rise@39.725ns - clk_out1_clocking_wizard_clk_wiz_0_0 rise@0.000ns)
  Data Path Delay:        6.356ns  (logic 2.220ns (34.929%)  route 4.136ns (65.071%))
  Logic Levels:           6  (CARRY4=2 LUT2=1 LUT3=1 LUT5=1 LUT6=1)
  Clock Path Skew:        -0.037ns (DCD - SCD + CPR)
    Destination Clock Delay (DCD):    1.440ns = ( 41.165 - 39.725 ) 
    Source Clock Delay      (SCD):    1.557ns
    Clock Pessimism Removal (CPR):    0.080ns
  Clock Uncertainty:      0.164ns  ((TSJ^2 + DJ^2)^1/2) / 2 + PE
    Total System Jitter     (TSJ):    0.071ns
    Discrete Jitter          (DJ):    0.320ns
    Phase Error              (PE):    0.000ns

    Location             Delay type                Incr(ns)  Path(ns)    Netlist Resource(s)
  -------------------------------------------------------------------    -------------------
                         (clock clk_out1_clocking_wizard_clk_wiz_0_0 rise edge)
                                                      0.000     0.000 r  
    BUFGCTRL_X0Y0        BUFG                         0.000     0.000 r  clk_100MHz_IBUF_BUFG_inst/O
                         net (fo=424, routed)         1.575     1.575    clk_wiz_inst/clocking_wizard_i/clk_wiz_0/inst/clk_in1
    MMCME2_ADV_X1Y0      MMCME2_ADV (Prop_mmcme2_adv_CLKIN1_CLKOUT0)
                                                     -3.333    -1.757 r  clk_wiz_inst/clocking_wizard_i/clk_wiz_0/inst/mmcm_adv_inst/CLKOUT0
                         net (fo=1, routed)           1.661    -0.096    clk_wiz_inst/clocking_wizard_i/clk_wiz_0/inst/clk_out1_clocking_wizard_clk_wiz_0_0
    BUFGCTRL_X0Y1        BUFG (Prop_bufg_I_O)         0.096    -0.000 r  clk_wiz_inst/clocking_wizard_i/clk_wiz_0/inst/clkout1_buf/O
                         net (fo=139, routed)         1.557     1.557    food_inst/CLK
    SLICE_X11Y19         FDPE                                         r  food_inst/lfsr_reg[12]/C
  -------------------------------------------------------------------    -------------------
    SLICE_X11Y19         FDPE (Prop_fdpe_C_Q)         0.419     1.976 r  food_inst/lfsr_reg[12]/Q
                         net (fo=6, routed)           0.864     2.841    food_inst/lfsr_reg_n_0_[12]
    SLICE_X11Y20         LUT2 (Prop_lut2_I0_O)        0.296     3.137 r  food_inst/fy[4]_P_i_4/O
                         net (fo=1, routed)           0.000     3.137    food_inst/fy[4]_P_i_4_n_0
    SLICE_X11Y20         CARRY4 (Prop_carry4_S[2]_CO[3])
                                                      0.398     3.535 r  food_inst/fy_reg[4]_P_i_2/CO[3]
                         net (fo=1, routed)           0.000     3.535    food_inst/fy_reg[4]_P_i_2_n_0
    SLICE_X11Y21         CARRY4 (Prop_carry4_CI_O[1])
                                                      0.334     3.869 r  food_inst/fy_reg[8]_P_i_4/O[1]
                         net (fo=2, routed)           0.857     4.726    food_inst/fy_reg[8]_P_i_4_n_6
    SLICE_X10Y21         LUT6 (Prop_lut6_I5_O)        0.303     5.029 r  food_inst/fy[8]_P_i_5/O
                         net (fo=4, routed)           0.811     5.840    food_inst/fy[8]_P_i_5_n_0
    SLICE_X10Y20         LUT5 (Prop_lut5_I1_O)        0.148     5.988 r  food_inst/fy_reg[4]_LDC_i_4/O
                         net (fo=20, routed)          0.818     6.807    food_inst/fy_reg[4]_LDC_i_4_n_0
    SLICE_X15Y18         LUT3 (Prop_lut3_I2_O)        0.322     7.129 f  food_inst/fy_reg[0]_LDC_i_1/O
                         net (fo=2, routed)           0.785     7.913    food_inst/fy_reg[0]_LDC_i_1_n_0
    SLICE_X14Y18         FDPE                                         f  food_inst/fy_reg[0]_P/PRE
  -------------------------------------------------------------------    -------------------

                         (clock clk_out1_clocking_wizard_clk_wiz_0_0 rise edge)
                                                     39.725    39.725 r  
    BUFGCTRL_X0Y0        BUFG                         0.000    39.725 r  clk_100MHz_IBUF_BUFG_inst/O
                         net (fo=424, routed)         1.457    41.182    clk_wiz_inst/clocking_wizard_i/clk_wiz_0/inst/clk_in1
    MMCME2_ADV_X1Y0      MMCME2_ADV (Prop_mmcme2_adv_CLKIN1_CLKOUT0)
                                                     -3.129    38.053 r  clk_wiz_inst/clocking_wizard_i/clk_wiz_0/inst/mmcm_adv_inst/CLKOUT0
                         net (fo=1, routed)           1.581    39.634    clk_wiz_inst/clocking_wizard_i/clk_wiz_0/inst/clk_out1_clocking_wizard_clk_wiz_0_0
    BUFGCTRL_X0Y1        BUFG (Prop_bufg_I_O)         0.091    39.725 r  clk_wiz_inst/clocking_wizard_i/clk_wiz_0/inst/clkout1_buf/O
                         net (fo=139, routed)         1.440    41.165    food_inst/CLK
    SLICE_X14Y18         FDPE                                         r  food_inst/fy_reg[0]_P/C
                         clock pessimism              0.080    41.245    
                         clock uncertainty           -0.164    41.082    
    SLICE_X14Y18         FDPE (Recov_fdpe_C_PRE)     -0.563    40.519    food_inst/fy_reg[0]_P
  -------------------------------------------------------------------
                         required time                         40.519    
                         arrival time                          -7.913    
  -------------------------------------------------------------------
                         slack                                 32.605    

Slack (MET) :             32.711ns  (required time - arrival time)
  Source:                 food_inst/lfsr_reg[12]/C
                            (rising edge-triggered cell FDPE clocked by clk_out1_clocking_wizard_clk_wiz_0_0  {rise@0.000ns fall@19.863ns period=39.725ns})
  Destination:            food_inst/fy_reg[8]_C/CLR
                            (recovery check against rising-edge clock clk_out1_clocking_wizard_clk_wiz_0_0  {rise@0.000ns fall@19.863ns period=39.725ns})
  Path Group:             **async_default**
  Path Type:              Recovery (Max at Slow Process Corner)
  Requirement:            39.725ns  (clk_out1_clocking_wizard_clk_wiz_0_0 rise@39.725ns - clk_out1_clocking_wizard_clk_wiz_0_0 rise@0.000ns)
  Data Path Delay:        6.422ns  (logic 2.248ns (35.003%)  route 4.174ns (64.997%))
  Logic Levels:           6  (CARRY4=2 LUT2=2 LUT5=1 LUT6=1)
  Clock Path Skew:        -0.023ns (DCD - SCD + CPR)
    Destination Clock Delay (DCD):    1.441ns = ( 41.166 - 39.725 ) 
    Source Clock Delay      (SCD):    1.557ns
    Clock Pessimism Removal (CPR):    0.093ns
  Clock Uncertainty:      0.164ns  ((TSJ^2 + DJ^2)^1/2) / 2 + PE
    Total System Jitter     (TSJ):    0.071ns
    Discrete Jitter          (DJ):    0.320ns
    Phase Error              (PE):    0.000ns

    Location             Delay type                Incr(ns)  Path(ns)    Netlist Resource(s)
  -------------------------------------------------------------------    -------------------
                         (clock clk_out1_clocking_wizard_clk_wiz_0_0 rise edge)
                                                      0.000     0.000 r  
    BUFGCTRL_X0Y0        BUFG                         0.000     0.000 r  clk_100MHz_IBUF_BUFG_inst/O
                         net (fo=424, routed)         1.575     1.575    clk_wiz_inst/clocking_wizard_i/clk_wiz_0/inst/clk_in1
    MMCME2_ADV_X1Y0      MMCME2_ADV (Prop_mmcme2_adv_CLKIN1_CLKOUT0)
                                                     -3.333    -1.757 r  clk_wiz_inst/clocking_wizard_i/clk_wiz_0/inst/mmcm_adv_inst/CLKOUT0
                         net (fo=1, routed)           1.661    -0.096    clk_wiz_inst/clocking_wizard_i/clk_wiz_0/inst/clk_out1_clocking_wizard_clk_wiz_0_0
    BUFGCTRL_X0Y1        BUFG (Prop_bufg_I_O)         0.096    -0.000 r  clk_wiz_inst/clocking_wizard_i/clk_wiz_0/inst/clkout1_buf/O
                         net (fo=139, routed)         1.557     1.557    food_inst/CLK
    SLICE_X11Y19         FDPE                                         r  food_inst/lfsr_reg[12]/C
  -------------------------------------------------------------------    -------------------
    SLICE_X11Y19         FDPE (Prop_fdpe_C_Q)         0.419     1.976 r  food_inst/lfsr_reg[12]/Q
                         net (fo=6, routed)           0.864     2.841    food_inst/lfsr_reg_n_0_[12]
    SLICE_X11Y20         LUT2 (Prop_lut2_I0_O)        0.296     3.137 r  food_inst/fy[4]_P_i_4/O
                         net (fo=1, routed)           0.000     3.137    food_inst/fy[4]_P_i_4_n_0
    SLICE_X11Y20         CARRY4 (Prop_carry4_S[2]_CO[3])
                                                      0.398     3.535 r  food_inst/fy_reg[4]_P_i_2/CO[3]
                         net (fo=1, routed)           0.000     3.535    food_inst/fy_reg[4]_P_i_2_n_0
    SLICE_X11Y21         CARRY4 (Prop_carry4_CI_O[1])
                                                      0.334     3.869 r  food_inst/fy_reg[8]_P_i_4/O[1]
                         net (fo=2, routed)           0.857     4.726    food_inst/fy_reg[8]_P_i_4_n_6
    SLICE_X10Y21         LUT6 (Prop_lut6_I5_O)        0.303     5.029 r  food_inst/fy[8]_P_i_5/O
                         net (fo=4, routed)           0.809     5.838    food_inst/fy[8]_P_i_5_n_0
    SLICE_X10Y20         LUT5 (Prop_lut5_I1_O)        0.150     5.988 r  food_inst/fy[8]_P_i_2/O
                         net (fo=4, routed)           0.971     6.959    food_inst/fy1[8]
    SLICE_X11Y19         LUT2 (Prop_lut2_I1_O)        0.348     7.307 f  food_inst/fy_reg[8]_LDC_i_2/O
                         net (fo=2, routed)           0.672     7.980    food_inst/fy_reg[8]_LDC_i_2_n_0
    SLICE_X11Y18         FDCE                                         f  food_inst/fy_reg[8]_C/CLR
  -------------------------------------------------------------------    -------------------

                         (clock clk_out1_clocking_wizard_clk_wiz_0_0 rise edge)
                                                     39.725    39.725 r  
    BUFGCTRL_X0Y0        BUFG                         0.000    39.725 r  clk_100MHz_IBUF_BUFG_inst/O
                         net (fo=424, routed)         1.457    41.182    clk_wiz_inst/clocking_wizard_i/clk_wiz_0/inst/clk_in1
    MMCME2_ADV_X1Y0      MMCME2_ADV (Prop_mmcme2_adv_CLKIN1_CLKOUT0)
                                                     -3.129    38.053 r  clk_wiz_inst/clocking_wizard_i/clk_wiz_0/inst/mmcm_adv_inst/CLKOUT0
                         net (fo=1, routed)           1.581    39.634    clk_wiz_inst/clocking_wizard_i/clk_wiz_0/inst/clk_out1_clocking_wizard_clk_wiz_0_0
    BUFGCTRL_X0Y1        BUFG (Prop_bufg_I_O)         0.091    39.725 r  clk_wiz_inst/clocking_wizard_i/clk_wiz_0/inst/clkout1_buf/O
                         net (fo=139, routed)         1.441    41.166    food_inst/CLK
    SLICE_X11Y18         FDCE                                         r  food_inst/fy_reg[8]_C/C
                         clock pessimism              0.093    41.259    
                         clock uncertainty           -0.164    41.096    
    SLICE_X11Y18         FDCE (Recov_fdce_C_CLR)     -0.405    40.691    food_inst/fy_reg[8]_C
  -------------------------------------------------------------------
                         required time                         40.691    
                         arrival time                          -7.980    
  -------------------------------------------------------------------
                         slack                                 32.711    

Slack (MET) :             32.770ns  (required time - arrival time)
  Source:                 food_inst/lfsr_reg[12]/C
                            (rising edge-triggered cell FDPE clocked by clk_out1_clocking_wizard_clk_wiz_0_0  {rise@0.000ns fall@19.863ns period=39.725ns})
  Destination:            food_inst/fy_reg[4]_C/CLR
                            (recovery check against rising-edge clock clk_out1_clocking_wizard_clk_wiz_0_0  {rise@0.000ns fall@19.863ns period=39.725ns})
  Path Group:             **async_default**
  Path Type:              Recovery (Max at Slow Process Corner)
  Requirement:            39.725ns  (clk_out1_clocking_wizard_clk_wiz_0_0 rise@39.725ns - clk_out1_clocking_wizard_clk_wiz_0_0 rise@0.000ns)
  Data Path Delay:        6.434ns  (logic 2.226ns (34.599%)  route 4.208ns (65.401%))
  Logic Levels:           6  (CARRY4=2 LUT2=1 LUT4=1 LUT5=1 LUT6=1)
  Clock Path Skew:        -0.039ns (DCD - SCD + CPR)
    Destination Clock Delay (DCD):    1.438ns = ( 41.163 - 39.725 ) 
    Source Clock Delay      (SCD):    1.557ns
    Clock Pessimism Removal (CPR):    0.080ns
  Clock Uncertainty:      0.164ns  ((TSJ^2 + DJ^2)^1/2) / 2 + PE
    Total System Jitter     (TSJ):    0.071ns
    Discrete Jitter          (DJ):    0.320ns
    Phase Error              (PE):    0.000ns

    Location             Delay type                Incr(ns)  Path(ns)    Netlist Resource(s)
  -------------------------------------------------------------------    -------------------
                         (clock clk_out1_clocking_wizard_clk_wiz_0_0 rise edge)
                                                      0.000     0.000 r  
    BUFGCTRL_X0Y0        BUFG                         0.000     0.000 r  clk_100MHz_IBUF_BUFG_inst/O
                         net (fo=424, routed)         1.575     1.575    clk_wiz_inst/clocking_wizard_i/clk_wiz_0/inst/clk_in1
    MMCME2_ADV_X1Y0      MMCME2_ADV (Prop_mmcme2_adv_CLKIN1_CLKOUT0)
                                                     -3.333    -1.757 r  clk_wiz_inst/clocking_wizard_i/clk_wiz_0/inst/mmcm_adv_inst/CLKOUT0
                         net (fo=1, routed)           1.661    -0.096    clk_wiz_inst/clocking_wizard_i/clk_wiz_0/inst/clk_out1_clocking_wizard_clk_wiz_0_0
    BUFGCTRL_X0Y1        BUFG (Prop_bufg_I_O)         0.096    -0.000 r  clk_wiz_inst/clocking_wizard_i/clk_wiz_0/inst/clkout1_buf/O
                         net (fo=139, routed)         1.557     1.557    food_inst/CLK
    SLICE_X11Y19         FDPE                                         r  food_inst/lfsr_reg[12]/C
  -------------------------------------------------------------------    -------------------
    SLICE_X11Y19         FDPE (Prop_fdpe_C_Q)         0.419     1.976 r  food_inst/lfsr_reg[12]/Q
                         net (fo=6, routed)           0.864     2.841    food_inst/lfsr_reg_n_0_[12]
    SLICE_X11Y20         LUT2 (Prop_lut2_I0_O)        0.296     3.137 r  food_inst/fy[4]_P_i_4/O
                         net (fo=1, routed)           0.000     3.137    food_inst/fy[4]_P_i_4_n_0
    SLICE_X11Y20         CARRY4 (Prop_carry4_S[2]_CO[3])
                                                      0.398     3.535 r  food_inst/fy_reg[4]_P_i_2/CO[3]
                         net (fo=1, routed)           0.000     3.535    food_inst/fy_reg[4]_P_i_2_n_0
    SLICE_X11Y21         CARRY4 (Prop_carry4_CI_O[1])
                                                      0.334     3.869 r  food_inst/fy_reg[8]_P_i_4/O[1]
                         net (fo=2, routed)           0.857     4.726    food_inst/fy_reg[8]_P_i_4_n_6
    SLICE_X10Y21         LUT6 (Prop_lut6_I5_O)        0.303     5.029 r  food_inst/fy[8]_P_i_5/O
                         net (fo=4, routed)           0.811     5.840    food_inst/fy[8]_P_i_5_n_0
    SLICE_X10Y20         LUT5 (Prop_lut5_I1_O)        0.148     5.988 r  food_inst/fy_reg[4]_LDC_i_4/O
                         net (fo=20, routed)          1.054     7.042    food_inst/fy_reg[4]_LDC_i_4_n_0
    SLICE_X14Y21         LUT4 (Prop_lut4_I3_O)        0.328     7.370 f  food_inst/fy_reg[4]_LDC_i_2/O
                         net (fo=2, routed)           0.621     7.991    food_inst/fy_reg[4]_LDC_i_2_n_0
    SLICE_X14Y21         FDCE                                         f  food_inst/fy_reg[4]_C/CLR
  -------------------------------------------------------------------    -------------------

                         (clock clk_out1_clocking_wizard_clk_wiz_0_0 rise edge)
                                                     39.725    39.725 r  
    BUFGCTRL_X0Y0        BUFG                         0.000    39.725 r  clk_100MHz_IBUF_BUFG_inst/O
                         net (fo=424, routed)         1.457    41.182    clk_wiz_inst/clocking_wizard_i/clk_wiz_0/inst/clk_in1
    MMCME2_ADV_X1Y0      MMCME2_ADV (Prop_mmcme2_adv_CLKIN1_CLKOUT0)
                                                     -3.129    38.053 r  clk_wiz_inst/clocking_wizard_i/clk_wiz_0/inst/mmcm_adv_inst/CLKOUT0
                         net (fo=1, routed)           1.581    39.634    clk_wiz_inst/clocking_wizard_i/clk_wiz_0/inst/clk_out1_clocking_wizard_clk_wiz_0_0
    BUFGCTRL_X0Y1        BUFG (Prop_bufg_I_O)         0.091    39.725 r  clk_wiz_inst/clocking_wizard_i/clk_wiz_0/inst/clkout1_buf/O
                         net (fo=139, routed)         1.438    41.163    food_inst/CLK
    SLICE_X14Y21         FDCE                                         r  food_inst/fy_reg[4]_C/C
                         clock pessimism              0.080    41.243    
                         clock uncertainty           -0.164    41.080    
    SLICE_X14Y21         FDCE (Recov_fdce_C_CLR)     -0.319    40.761    food_inst/fy_reg[4]_C
  -------------------------------------------------------------------
                         required time                         40.761    
                         arrival time                          -7.991    
  -------------------------------------------------------------------
                         slack                                 32.770    

Slack (MET) :             32.881ns  (required time - arrival time)
  Source:                 food_inst/lfsr_reg[12]/C
                            (rising edge-triggered cell FDPE clocked by clk_out1_clocking_wizard_clk_wiz_0_0  {rise@0.000ns fall@19.863ns period=39.725ns})
  Destination:            food_inst/fy_reg[2]_P/PRE
                            (recovery check against rising-edge clock clk_out1_clocking_wizard_clk_wiz_0_0  {rise@0.000ns fall@19.863ns period=39.725ns})
  Path Group:             **async_default**
  Path Type:              Recovery (Max at Slow Process Corner)
  Requirement:            39.725ns  (clk_out1_clocking_wizard_clk_wiz_0_0 rise@39.725ns - clk_out1_clocking_wizard_clk_wiz_0_0 rise@0.000ns)
  Data Path Delay:        6.060ns  (logic 2.219ns (36.615%)  route 3.841ns (63.385%))
  Logic Levels:           6  (CARRY4=2 LUT2=1 LUT5=2 LUT6=1)
  Clock Path Skew:        -0.037ns (DCD - SCD + CPR)
    Destination Clock Delay (DCD):    1.440ns = ( 41.165 - 39.725 ) 
    Source Clock Delay      (SCD):    1.557ns
    Clock Pessimism Removal (CPR):    0.080ns
  Clock Uncertainty:      0.164ns  ((TSJ^2 + DJ^2)^1/2) / 2 + PE
    Total System Jitter     (TSJ):    0.071ns
    Discrete Jitter          (DJ):    0.320ns
    Phase Error              (PE):    0.000ns

    Location             Delay type                Incr(ns)  Path(ns)    Netlist Resource(s)
  -------------------------------------------------------------------    -------------------
                         (clock clk_out1_clocking_wizard_clk_wiz_0_0 rise edge)
                                                      0.000     0.000 r  
    BUFGCTRL_X0Y0        BUFG                         0.000     0.000 r  clk_100MHz_IBUF_BUFG_inst/O
                         net (fo=424, routed)         1.575     1.575    clk_wiz_inst/clocking_wizard_i/clk_wiz_0/inst/clk_in1
    MMCME2_ADV_X1Y0      MMCME2_ADV (Prop_mmcme2_adv_CLKIN1_CLKOUT0)
                                                     -3.333    -1.757 r  clk_wiz_inst/clocking_wizard_i/clk_wiz_0/inst/mmcm_adv_inst/CLKOUT0
                         net (fo=1, routed)           1.661    -0.096    clk_wiz_inst/clocking_wizard_i/clk_wiz_0/inst/clk_out1_clocking_wizard_clk_wiz_0_0
    BUFGCTRL_X0Y1        BUFG (Prop_bufg_I_O)         0.096    -0.000 r  clk_wiz_inst/clocking_wizard_i/clk_wiz_0/inst/clkout1_buf/O
                         net (fo=139, routed)         1.557     1.557    food_inst/CLK
    SLICE_X11Y19         FDPE                                         r  food_inst/lfsr_reg[12]/C
  -------------------------------------------------------------------    -------------------
    SLICE_X11Y19         FDPE (Prop_fdpe_C_Q)         0.419     1.976 r  food_inst/lfsr_reg[12]/Q
                         net (fo=6, routed)           0.864     2.841    food_inst/lfsr_reg_n_0_[12]
    SLICE_X11Y20         LUT2 (Prop_lut2_I0_O)        0.296     3.137 r  food_inst/fy[4]_P_i_4/O
                         net (fo=1, routed)           0.000     3.137    food_inst/fy[4]_P_i_4_n_0
    SLICE_X11Y20         CARRY4 (Prop_carry4_S[2]_CO[3])
                                                      0.398     3.535 r  food_inst/fy_reg[4]_P_i_2/CO[3]
                         net (fo=1, routed)           0.000     3.535    food_inst/fy_reg[4]_P_i_2_n_0
    SLICE_X11Y21         CARRY4 (Prop_carry4_CI_O[1])
                                                      0.334     3.869 r  food_inst/fy_reg[8]_P_i_4/O[1]
                         net (fo=2, routed)           0.857     4.726    food_inst/fy_reg[8]_P_i_4_n_6
    SLICE_X10Y21         LUT6 (Prop_lut6_I5_O)        0.303     5.029 r  food_inst/fy[8]_P_i_5/O
                         net (fo=4, routed)           0.811     5.840    food_inst/fy[8]_P_i_5_n_0
    SLICE_X10Y20         LUT5 (Prop_lut5_I1_O)        0.148     5.988 r  food_inst/fy_reg[4]_LDC_i_4/O
                         net (fo=20, routed)          0.760     6.748    food_inst/fy_reg[4]_LDC_i_4_n_0
    SLICE_X12Y19         LUT5 (Prop_lut5_I2_O)        0.321     7.069 f  food_inst/fy_reg[2]_LDC_i_1/O
                         net (fo=2, routed)           0.549     7.618    food_inst/fy_reg[2]_LDC_i_1_n_0
    SLICE_X13Y18         FDPE                                         f  food_inst/fy_reg[2]_P/PRE
  -------------------------------------------------------------------    -------------------

                         (clock clk_out1_clocking_wizard_clk_wiz_0_0 rise edge)
                                                     39.725    39.725 r  
    BUFGCTRL_X0Y0        BUFG                         0.000    39.725 r  clk_100MHz_IBUF_BUFG_inst/O
                         net (fo=424, routed)         1.457    41.182    clk_wiz_inst/clocking_wizard_i/clk_wiz_0/inst/clk_in1
    MMCME2_ADV_X1Y0      MMCME2_ADV (Prop_mmcme2_adv_CLKIN1_CLKOUT0)
                                                     -3.129    38.053 r  clk_wiz_inst/clocking_wizard_i/clk_wiz_0/inst/mmcm_adv_inst/CLKOUT0
                         net (fo=1, routed)           1.581    39.634    clk_wiz_inst/clocking_wizard_i/clk_wiz_0/inst/clk_out1_clocking_wizard_clk_wiz_0_0
    BUFGCTRL_X0Y1        BUFG (Prop_bufg_I_O)         0.091    39.725 r  clk_wiz_inst/clocking_wizard_i/clk_wiz_0/inst/clkout1_buf/O
                         net (fo=139, routed)         1.440    41.165    food_inst/CLK
    SLICE_X13Y18         FDPE                                         r  food_inst/fy_reg[2]_P/C
                         clock pessimism              0.080    41.245    
                         clock uncertainty           -0.164    41.082    
    SLICE_X13Y18         FDPE (Recov_fdpe_C_PRE)     -0.583    40.499    food_inst/fy_reg[2]_P
  -------------------------------------------------------------------
                         required time                         40.499    
                         arrival time                          -7.618    
  -------------------------------------------------------------------
                         slack                                 32.881    





Min Delay Paths
--------------------------------------------------------------------------------------
Slack (MET) :             0.603ns  (arrival time - required time)
  Source:                 food_inst/lfsr_reg[3]/C
                            (rising edge-triggered cell FDCE clocked by clk_out1_clocking_wizard_clk_wiz_0_0  {rise@0.000ns fall@19.863ns period=39.725ns})
  Destination:            food_inst/fx_reg[3]_C/CLR
                            (removal check against rising-edge clock clk_out1_clocking_wizard_clk_wiz_0_0  {rise@0.000ns fall@19.863ns period=39.725ns})
  Path Group:             **async_default**
  Path Type:              Removal (Min at Fast Process Corner)
  Requirement:            0.000ns  (clk_out1_clocking_wizard_clk_wiz_0_0 rise@0.000ns - clk_out1_clocking_wizard_clk_wiz_0_0 rise@0.000ns)
  Data Path Delay:        0.527ns  (logic 0.186ns (35.299%)  route 0.341ns (64.701%))
  Logic Levels:           1  (LUT6=1)
  Clock Path Skew:        0.016ns (DCD - SCD - CPR)
    Destination Clock Delay (DCD):    0.857ns
    Source Clock Delay      (SCD):    0.586ns
    Clock Pessimism Removal (CPR):    0.255ns

    Location             Delay type                Incr(ns)  Path(ns)    Netlist Resource(s)
  -------------------------------------------------------------------    -------------------
                         (clock clk_out1_clocking_wizard_clk_wiz_0_0 rise edge)
                                                      0.000     0.000 r  
    BUFGCTRL_X0Y0        BUFG                         0.000     0.000 r  clk_100MHz_IBUF_BUFG_inst/O
                         net (fo=424, routed)         0.549     0.549    clk_wiz_inst/clocking_wizard_i/clk_wiz_0/inst/clk_in1
    MMCME2_ADV_X1Y0      MMCME2_ADV (Prop_mmcme2_adv_CLKIN1_CLKOUT0)
                                                     -1.061    -0.512 r  clk_wiz_inst/clocking_wizard_i/clk_wiz_0/inst/mmcm_adv_inst/CLKOUT0
                         net (fo=1, routed)           0.486    -0.026    clk_wiz_inst/clocking_wizard_i/clk_wiz_0/inst/clk_out1_clocking_wizard_clk_wiz_0_0
    BUFGCTRL_X0Y1        BUFG (Prop_bufg_I_O)         0.026     0.000 r  clk_wiz_inst/clocking_wizard_i/clk_wiz_0/inst/clkout1_buf/O
                         net (fo=139, routed)         0.586     0.586    food_inst/CLK
    SLICE_X3Y20          FDCE                                         r  food_inst/lfsr_reg[3]/C
  -------------------------------------------------------------------    -------------------
    SLICE_X3Y20          FDCE (Prop_fdce_C_Q)         0.141     0.727 r  food_inst/lfsr_reg[3]/Q
                         net (fo=7, routed)           0.152     0.879    food_inst/lfsr_reg_n_0_[3]
    SLICE_X2Y18          LUT6 (Prop_lut6_I1_O)        0.045     0.924 f  food_inst/fx_reg[3]_LDC_i_2/O
                         net (fo=2, routed)           0.189     1.113    food_inst/fx_reg[3]_LDC_i_2_n_0
    SLICE_X3Y18          FDCE                                         f  food_inst/fx_reg[3]_C/CLR
  -------------------------------------------------------------------    -------------------

                         (clock clk_out1_clocking_wizard_clk_wiz_0_0 rise edge)
                                                      0.000     0.000 r  
    BUFGCTRL_X0Y0        BUFG                         0.000     0.000 r  clk_100MHz_IBUF_BUFG_inst/O
                         net (fo=424, routed)         0.817     0.817    clk_wiz_inst/clocking_wizard_i/clk_wiz_0/inst/clk_in1
    MMCME2_ADV_X1Y0      MMCME2_ADV (Prop_mmcme2_adv_CLKIN1_CLKOUT0)
                                                     -1.375    -0.559 r  clk_wiz_inst/clocking_wizard_i/clk_wiz_0/inst/mmcm_adv_inst/CLKOUT0
                         net (fo=1, routed)           0.530    -0.029    clk_wiz_inst/clocking_wizard_i/clk_wiz_0/inst/clk_out1_clocking_wizard_clk_wiz_0_0
    BUFGCTRL_X0Y1        BUFG (Prop_bufg_I_O)         0.029     0.000 r  clk_wiz_inst/clocking_wizard_i/clk_wiz_0/inst/clkout1_buf/O
                         net (fo=139, routed)         0.857     0.857    food_inst/CLK
    SLICE_X3Y18          FDCE                                         r  food_inst/fx_reg[3]_C/C
                         clock pessimism             -0.255     0.602    
    SLICE_X3Y18          FDCE (Remov_fdce_C_CLR)     -0.092     0.510    food_inst/fx_reg[3]_C
  -------------------------------------------------------------------
                         required time                         -0.510    
                         arrival time                           1.113    
  -------------------------------------------------------------------
                         slack                                  0.603    

Slack (MET) :             0.617ns  (arrival time - required time)
  Source:                 food_inst/lfsr_reg[3]/C
                            (rising edge-triggered cell FDCE clocked by clk_out1_clocking_wizard_clk_wiz_0_0  {rise@0.000ns fall@19.863ns period=39.725ns})
  Destination:            food_inst/fx_reg[3]_P/PRE
                            (removal check against rising-edge clock clk_out1_clocking_wizard_clk_wiz_0_0  {rise@0.000ns fall@19.863ns period=39.725ns})
  Path Group:             **async_default**
  Path Type:              Removal (Min at Fast Process Corner)
  Requirement:            0.000ns  (clk_out1_clocking_wizard_clk_wiz_0_0 rise@0.000ns - clk_out1_clocking_wizard_clk_wiz_0_0 rise@0.000ns)
  Data Path Delay:        0.538ns  (logic 0.186ns (34.556%)  route 0.352ns (65.444%))
  Logic Levels:           1  (LUT6=1)
  Clock Path Skew:        0.016ns (DCD - SCD - CPR)
    Destination Clock Delay (DCD):    0.857ns
    Source Clock Delay      (SCD):    0.586ns
    Clock Pessimism Removal (CPR):    0.255ns

    Location             Delay type                Incr(ns)  Path(ns)    Netlist Resource(s)
  -------------------------------------------------------------------    -------------------
                         (clock clk_out1_clocking_wizard_clk_wiz_0_0 rise edge)
                                                      0.000     0.000 r  
    BUFGCTRL_X0Y0        BUFG                         0.000     0.000 r  clk_100MHz_IBUF_BUFG_inst/O
                         net (fo=424, routed)         0.549     0.549    clk_wiz_inst/clocking_wizard_i/clk_wiz_0/inst/clk_in1
    MMCME2_ADV_X1Y0      MMCME2_ADV (Prop_mmcme2_adv_CLKIN1_CLKOUT0)
                                                     -1.061    -0.512 r  clk_wiz_inst/clocking_wizard_i/clk_wiz_0/inst/mmcm_adv_inst/CLKOUT0
                         net (fo=1, routed)           0.486    -0.026    clk_wiz_inst/clocking_wizard_i/clk_wiz_0/inst/clk_out1_clocking_wizard_clk_wiz_0_0
    BUFGCTRL_X0Y1        BUFG (Prop_bufg_I_O)         0.026     0.000 r  clk_wiz_inst/clocking_wizard_i/clk_wiz_0/inst/clkout1_buf/O
                         net (fo=139, routed)         0.586     0.586    food_inst/CLK
    SLICE_X3Y20          FDCE                                         r  food_inst/lfsr_reg[3]/C
  -------------------------------------------------------------------    -------------------
    SLICE_X3Y20          FDCE (Prop_fdce_C_Q)         0.141     0.727 r  food_inst/lfsr_reg[3]/Q
                         net (fo=7, routed)           0.237     0.964    food_inst/lfsr_reg_n_0_[3]
    SLICE_X2Y18          LUT6 (Prop_lut6_I1_O)        0.045     1.009 f  food_inst/fx_reg[3]_LDC_i_1/O
                         net (fo=2, routed)           0.115     1.124    food_inst/fx_reg[3]_LDC_i_1_n_0
    SLICE_X1Y18          FDPE                                         f  food_inst/fx_reg[3]_P/PRE
  -------------------------------------------------------------------    -------------------

                         (clock clk_out1_clocking_wizard_clk_wiz_0_0 rise edge)
                                                      0.000     0.000 r  
    BUFGCTRL_X0Y0        BUFG                         0.000     0.000 r  clk_100MHz_IBUF_BUFG_inst/O
                         net (fo=424, routed)         0.817     0.817    clk_wiz_inst/clocking_wizard_i/clk_wiz_0/inst/clk_in1
    MMCME2_ADV_X1Y0      MMCME2_ADV (Prop_mmcme2_adv_CLKIN1_CLKOUT0)
                                                     -1.375    -0.559 r  clk_wiz_inst/clocking_wizard_i/clk_wiz_0/inst/mmcm_adv_inst/CLKOUT0
                         net (fo=1, routed)           0.530    -0.029    clk_wiz_inst/clocking_wizard_i/clk_wiz_0/inst/clk_out1_clocking_wizard_clk_wiz_0_0
    BUFGCTRL_X0Y1        BUFG (Prop_bufg_I_O)         0.029     0.000 r  clk_wiz_inst/clocking_wizard_i/clk_wiz_0/inst/clkout1_buf/O
                         net (fo=139, routed)         0.857     0.857    food_inst/CLK
    SLICE_X1Y18          FDPE                                         r  food_inst/fx_reg[3]_P/C
                         clock pessimism             -0.255     0.602    
    SLICE_X1Y18          FDPE (Remov_fdpe_C_PRE)     -0.095     0.507    food_inst/fx_reg[3]_P
  -------------------------------------------------------------------
                         required time                         -0.507    
                         arrival time                           1.124    
  -------------------------------------------------------------------
                         slack                                  0.617    

Slack (MET) :             0.675ns  (arrival time - required time)
  Source:                 food_inst/lfsr_reg[2]/C
                            (rising edge-triggered cell FDPE clocked by clk_out1_clocking_wizard_clk_wiz_0_0  {rise@0.000ns fall@19.863ns period=39.725ns})
  Destination:            food_inst/fx_reg[2]_C/CLR
                            (removal check against rising-edge clock clk_out1_clocking_wizard_clk_wiz_0_0  {rise@0.000ns fall@19.863ns period=39.725ns})
  Path Group:             **async_default**
  Path Type:              Removal (Min at Fast Process Corner)
  Requirement:            0.000ns  (clk_out1_clocking_wizard_clk_wiz_0_0 rise@0.000ns - clk_out1_clocking_wizard_clk_wiz_0_0 rise@0.000ns)
  Data Path Delay:        0.623ns  (logic 0.186ns (29.841%)  route 0.437ns (70.159%))
  Logic Levels:           1  (LUT5=1)
  Clock Path Skew:        0.015ns (DCD - SCD - CPR)
    Destination Clock Delay (DCD):    0.856ns
    Source Clock Delay      (SCD):    0.586ns
    Clock Pessimism Removal (CPR):    0.255ns

    Location             Delay type                Incr(ns)  Path(ns)    Netlist Resource(s)
  -------------------------------------------------------------------    -------------------
                         (clock clk_out1_clocking_wizard_clk_wiz_0_0 rise edge)
                                                      0.000     0.000 r  
    BUFGCTRL_X0Y0        BUFG                         0.000     0.000 r  clk_100MHz_IBUF_BUFG_inst/O
                         net (fo=424, routed)         0.549     0.549    clk_wiz_inst/clocking_wizard_i/clk_wiz_0/inst/clk_in1
    MMCME2_ADV_X1Y0      MMCME2_ADV (Prop_mmcme2_adv_CLKIN1_CLKOUT0)
                                                     -1.061    -0.512 r  clk_wiz_inst/clocking_wizard_i/clk_wiz_0/inst/mmcm_adv_inst/CLKOUT0
                         net (fo=1, routed)           0.486    -0.026    clk_wiz_inst/clocking_wizard_i/clk_wiz_0/inst/clk_out1_clocking_wizard_clk_wiz_0_0
    BUFGCTRL_X0Y1        BUFG (Prop_bufg_I_O)         0.026     0.000 r  clk_wiz_inst/clocking_wizard_i/clk_wiz_0/inst/clkout1_buf/O
                         net (fo=139, routed)         0.586     0.586    food_inst/CLK
    SLICE_X3Y20          FDPE                                         r  food_inst/lfsr_reg[2]/C
  -------------------------------------------------------------------    -------------------
    SLICE_X3Y20          FDPE (Prop_fdpe_C_Q)         0.141     0.727 r  food_inst/lfsr_reg[2]/Q
                         net (fo=19, routed)          0.253     0.980    food_inst/lfsr_reg_n_0_[2]
    SLICE_X3Y19          LUT5 (Prop_lut5_I1_O)        0.045     1.025 f  food_inst/fx_reg[2]_LDC_i_2/O
                         net (fo=2, routed)           0.184     1.209    food_inst/fx_reg[2]_LDC_i_2_n_0
    SLICE_X2Y19          FDCE                                         f  food_inst/fx_reg[2]_C/CLR
  -------------------------------------------------------------------    -------------------

                         (clock clk_out1_clocking_wizard_clk_wiz_0_0 rise edge)
                                                      0.000     0.000 r  
    BUFGCTRL_X0Y0        BUFG                         0.000     0.000 r  clk_100MHz_IBUF_BUFG_inst/O
                         net (fo=424, routed)         0.817     0.817    clk_wiz_inst/clocking_wizard_i/clk_wiz_0/inst/clk_in1
    MMCME2_ADV_X1Y0      MMCME2_ADV (Prop_mmcme2_adv_CLKIN1_CLKOUT0)
                                                     -1.375    -0.559 r  clk_wiz_inst/clocking_wizard_i/clk_wiz_0/inst/mmcm_adv_inst/CLKOUT0
                         net (fo=1, routed)           0.530    -0.029    clk_wiz_inst/clocking_wizard_i/clk_wiz_0/inst/clk_out1_clocking_wizard_clk_wiz_0_0
    BUFGCTRL_X0Y1        BUFG (Prop_bufg_I_O)         0.029     0.000 r  clk_wiz_inst/clocking_wizard_i/clk_wiz_0/inst/clkout1_buf/O
                         net (fo=139, routed)         0.856     0.856    food_inst/CLK
    SLICE_X2Y19          FDCE                                         r  food_inst/fx_reg[2]_C/C
                         clock pessimism             -0.255     0.601    
    SLICE_X2Y19          FDCE (Remov_fdce_C_CLR)     -0.067     0.534    food_inst/fx_reg[2]_C
  -------------------------------------------------------------------
                         required time                         -0.534    
                         arrival time                           1.209    
  -------------------------------------------------------------------
                         slack                                  0.675    

Slack (MET) :             0.682ns  (arrival time - required time)
  Source:                 food_inst/lfsr_reg[2]/C
                            (rising edge-triggered cell FDPE clocked by clk_out1_clocking_wizard_clk_wiz_0_0  {rise@0.000ns fall@19.863ns period=39.725ns})
  Destination:            food_inst/color_sel_reg[0]_C/CLR
                            (removal check against rising-edge clock clk_out1_clocking_wizard_clk_wiz_0_0  {rise@0.000ns fall@19.863ns period=39.725ns})
  Path Group:             **async_default**
  Path Type:              Removal (Min at Fast Process Corner)
  Requirement:            0.000ns  (clk_out1_clocking_wizard_clk_wiz_0_0 rise@0.000ns - clk_out1_clocking_wizard_clk_wiz_0_0 rise@0.000ns)
  Data Path Delay:        0.602ns  (logic 0.186ns (30.911%)  route 0.416ns (69.089%))
  Logic Levels:           1  (LUT4=1)
  Clock Path Skew:        0.012ns (DCD - SCD - CPR)
    Destination Clock Delay (DCD):    0.853ns
    Source Clock Delay      (SCD):    0.586ns
    Clock Pessimism Removal (CPR):    0.255ns

    Location             Delay type                Incr(ns)  Path(ns)    Netlist Resource(s)
  -------------------------------------------------------------------    -------------------
                         (clock clk_out1_clocking_wizard_clk_wiz_0_0 rise edge)
                                                      0.000     0.000 r  
    BUFGCTRL_X0Y0        BUFG                         0.000     0.000 r  clk_100MHz_IBUF_BUFG_inst/O
                         net (fo=424, routed)         0.549     0.549    clk_wiz_inst/clocking_wizard_i/clk_wiz_0/inst/clk_in1
    MMCME2_ADV_X1Y0      MMCME2_ADV (Prop_mmcme2_adv_CLKIN1_CLKOUT0)
                                                     -1.061    -0.512 r  clk_wiz_inst/clocking_wizard_i/clk_wiz_0/inst/mmcm_adv_inst/CLKOUT0
                         net (fo=1, routed)           0.486    -0.026    clk_wiz_inst/clocking_wizard_i/clk_wiz_0/inst/clk_out1_clocking_wizard_clk_wiz_0_0
    BUFGCTRL_X0Y1        BUFG (Prop_bufg_I_O)         0.026     0.000 r  clk_wiz_inst/clocking_wizard_i/clk_wiz_0/inst/clkout1_buf/O
                         net (fo=139, routed)         0.586     0.586    food_inst/CLK
    SLICE_X3Y20          FDPE                                         r  food_inst/lfsr_reg[2]/C
  -------------------------------------------------------------------    -------------------
    SLICE_X3Y20          FDPE (Prop_fdpe_C_Q)         0.141     0.727 r  food_inst/lfsr_reg[2]/Q
                         net (fo=19, routed)          0.303     1.030    food_inst/lfsr_reg_n_0_[2]
    SLICE_X1Y22          LUT4 (Prop_lut4_I2_O)        0.045     1.075 f  food_inst/color_sel_reg[0]_LDC_i_2/O
                         net (fo=2, routed)           0.113     1.187    food_inst/color_sel_reg[0]_LDC_i_2_n_0
    SLICE_X3Y22          FDCE                                         f  food_inst/color_sel_reg[0]_C/CLR
  -------------------------------------------------------------------    -------------------

                         (clock clk_out1_clocking_wizard_clk_wiz_0_0 rise edge)
                                                      0.000     0.000 r  
    BUFGCTRL_X0Y0        BUFG                         0.000     0.000 r  clk_100MHz_IBUF_BUFG_inst/O
                         net (fo=424, routed)         0.817     0.817    clk_wiz_inst/clocking_wizard_i/clk_wiz_0/inst/clk_in1
    MMCME2_ADV_X1Y0      MMCME2_ADV (Prop_mmcme2_adv_CLKIN1_CLKOUT0)
                                                     -1.375    -0.559 r  clk_wiz_inst/clocking_wizard_i/clk_wiz_0/inst/mmcm_adv_inst/CLKOUT0
                         net (fo=1, routed)           0.530    -0.029    clk_wiz_inst/clocking_wizard_i/clk_wiz_0/inst/clk_out1_clocking_wizard_clk_wiz_0_0
    BUFGCTRL_X0Y1        BUFG (Prop_bufg_I_O)         0.029     0.000 r  clk_wiz_inst/clocking_wizard_i/clk_wiz_0/inst/clkout1_buf/O
                         net (fo=139, routed)         0.853     0.853    food_inst/CLK
    SLICE_X3Y22          FDCE                                         r  food_inst/color_sel_reg[0]_C/C
                         clock pessimism             -0.255     0.598    
    SLICE_X3Y22          FDCE (Remov_fdce_C_CLR)     -0.092     0.506    food_inst/color_sel_reg[0]_C
  -------------------------------------------------------------------
                         required time                         -0.506    
                         arrival time                           1.187    
  -------------------------------------------------------------------
                         slack                                  0.682    

Slack (MET) :             0.747ns  (arrival time - required time)
  Source:                 food_inst/lfsr_reg[2]/C
                            (rising edge-triggered cell FDPE clocked by clk_out1_clocking_wizard_clk_wiz_0_0  {rise@0.000ns fall@19.863ns period=39.725ns})
  Destination:            food_inst/color_sel_reg[0]_P/PRE
                            (removal check against rising-edge clock clk_out1_clocking_wizard_clk_wiz_0_0  {rise@0.000ns fall@19.863ns period=39.725ns})
  Path Group:             **async_default**
  Path Type:              Removal (Min at Fast Process Corner)
  Requirement:            0.000ns  (clk_out1_clocking_wizard_clk_wiz_0_0 rise@0.000ns - clk_out1_clocking_wizard_clk_wiz_0_0 rise@0.000ns)
  Data Path Delay:        0.689ns  (logic 0.186ns (27.011%)  route 0.503ns (72.989%))
  Logic Levels:           1  (LUT4=1)
  Clock Path Skew:        0.013ns (DCD - SCD - CPR)
    Destination Clock Delay (DCD):    0.854ns
    Source Clock Delay      (SCD):    0.586ns
    Clock Pessimism Removal (CPR):    0.255ns

    Location             Delay type                Incr(ns)  Path(ns)    Netlist Resource(s)
  -------------------------------------------------------------------    -------------------
                         (clock clk_out1_clocking_wizard_clk_wiz_0_0 rise edge)
                                                      0.000     0.000 r  
    BUFGCTRL_X0Y0        BUFG                         0.000     0.000 r  clk_100MHz_IBUF_BUFG_inst/O
                         net (fo=424, routed)         0.549     0.549    clk_wiz_inst/clocking_wizard_i/clk_wiz_0/inst/clk_in1
    MMCME2_ADV_X1Y0      MMCME2_ADV (Prop_mmcme2_adv_CLKIN1_CLKOUT0)
                                                     -1.061    -0.512 r  clk_wiz_inst/clocking_wizard_i/clk_wiz_0/inst/mmcm_adv_inst/CLKOUT0
                         net (fo=1, routed)           0.486    -0.026    clk_wiz_inst/clocking_wizard_i/clk_wiz_0/inst/clk_out1_clocking_wizard_clk_wiz_0_0
    BUFGCTRL_X0Y1        BUFG (Prop_bufg_I_O)         0.026     0.000 r  clk_wiz_inst/clocking_wizard_i/clk_wiz_0/inst/clkout1_buf/O
                         net (fo=139, routed)         0.586     0.586    food_inst/CLK
    SLICE_X3Y20          FDPE                                         r  food_inst/lfsr_reg[2]/C
  -------------------------------------------------------------------    -------------------
    SLICE_X3Y20          FDPE (Prop_fdpe_C_Q)         0.141     0.727 r  food_inst/lfsr_reg[2]/Q
                         net (fo=19, routed)          0.253     0.979    food_inst/lfsr_reg_n_0_[2]
    SLICE_X2Y21          LUT4 (Prop_lut4_I2_O)        0.045     1.024 f  food_inst/color_sel_reg[0]_LDC_i_1/O
                         net (fo=2, routed)           0.250     1.274    food_inst/color_sel_reg[0]_LDC_i_1_n_0
    SLICE_X2Y21          FDPE                                         f  food_inst/color_sel_reg[0]_P/PRE
  -------------------------------------------------------------------    -------------------

                         (clock clk_out1_clocking_wizard_clk_wiz_0_0 rise edge)
                                                      0.000     0.000 r  
    BUFGCTRL_X0Y0        BUFG                         0.000     0.000 r  clk_100MHz_IBUF_BUFG_inst/O
                         net (fo=424, routed)         0.817     0.817    clk_wiz_inst/clocking_wizard_i/clk_wiz_0/inst/clk_in1
    MMCME2_ADV_X1Y0      MMCME2_ADV (Prop_mmcme2_adv_CLKIN1_CLKOUT0)
                                                     -1.375    -0.559 r  clk_wiz_inst/clocking_wizard_i/clk_wiz_0/inst/mmcm_adv_inst/CLKOUT0
                         net (fo=1, routed)           0.530    -0.029    clk_wiz_inst/clocking_wizard_i/clk_wiz_0/inst/clk_out1_clocking_wizard_clk_wiz_0_0
    BUFGCTRL_X0Y1        BUFG (Prop_bufg_I_O)         0.029     0.000 r  clk_wiz_inst/clocking_wizard_i/clk_wiz_0/inst/clkout1_buf/O
                         net (fo=139, routed)         0.854     0.854    food_inst/CLK
    SLICE_X2Y21          FDPE                                         r  food_inst/color_sel_reg[0]_P/C
                         clock pessimism             -0.255     0.599    
    SLICE_X2Y21          FDPE (Remov_fdpe_C_PRE)     -0.071     0.528    food_inst/color_sel_reg[0]_P
  -------------------------------------------------------------------
                         required time                         -0.528    
                         arrival time                           1.274    
  -------------------------------------------------------------------
                         slack                                  0.747    

Slack (MET) :             0.756ns  (arrival time - required time)
  Source:                 food_inst/lfsr_reg[2]/C
                            (rising edge-triggered cell FDPE clocked by clk_out1_clocking_wizard_clk_wiz_0_0  {rise@0.000ns fall@19.863ns period=39.725ns})
  Destination:            food_inst/color_sel_reg[1]_P/PRE
                            (removal check against rising-edge clock clk_out1_clocking_wizard_clk_wiz_0_0  {rise@0.000ns fall@19.863ns period=39.725ns})
  Path Group:             **async_default**
  Path Type:              Removal (Min at Fast Process Corner)
  Requirement:            0.000ns  (clk_out1_clocking_wizard_clk_wiz_0_0 rise@0.000ns - clk_out1_clocking_wizard_clk_wiz_0_0 rise@0.000ns)
  Data Path Delay:        0.693ns  (logic 0.186ns (26.842%)  route 0.507ns (73.158%))
  Logic Levels:           1  (LUT4=1)
  Clock Path Skew:        0.032ns (DCD - SCD - CPR)
    Destination Clock Delay (DCD):    0.852ns
    Source Clock Delay      (SCD):    0.586ns
    Clock Pessimism Removal (CPR):    0.234ns

    Location             Delay type                Incr(ns)  Path(ns)    Netlist Resource(s)
  -------------------------------------------------------------------    -------------------
                         (clock clk_out1_clocking_wizard_clk_wiz_0_0 rise edge)
                                                      0.000     0.000 r  
    BUFGCTRL_X0Y0        BUFG                         0.000     0.000 r  clk_100MHz_IBUF_BUFG_inst/O
                         net (fo=424, routed)         0.549     0.549    clk_wiz_inst/clocking_wizard_i/clk_wiz_0/inst/clk_in1
    MMCME2_ADV_X1Y0      MMCME2_ADV (Prop_mmcme2_adv_CLKIN1_CLKOUT0)
                                                     -1.061    -0.512 r  clk_wiz_inst/clocking_wizard_i/clk_wiz_0/inst/mmcm_adv_inst/CLKOUT0
                         net (fo=1, routed)           0.486    -0.026    clk_wiz_inst/clocking_wizard_i/clk_wiz_0/inst/clk_out1_clocking_wizard_clk_wiz_0_0
    BUFGCTRL_X0Y1        BUFG (Prop_bufg_I_O)         0.026     0.000 r  clk_wiz_inst/clocking_wizard_i/clk_wiz_0/inst/clkout1_buf/O
                         net (fo=139, routed)         0.586     0.586    food_inst/CLK
    SLICE_X3Y20          FDPE                                         r  food_inst/lfsr_reg[2]/C
  -------------------------------------------------------------------    -------------------
    SLICE_X3Y20          FDPE (Prop_fdpe_C_Q)         0.141     0.727 r  food_inst/lfsr_reg[2]/Q
                         net (fo=19, routed)          0.315     1.041    food_inst/lfsr_reg_n_0_[2]
    SLICE_X2Y21          LUT4 (Prop_lut4_I1_O)        0.045     1.086 f  food_inst/color_sel_reg[1]_LDC_i_1/O
                         net (fo=2, routed)           0.192     1.279    food_inst/color_sel_reg[1]_LDC_i_1_n_0
    SLICE_X4Y21          FDPE                                         f  food_inst/color_sel_reg[1]_P/PRE
  -------------------------------------------------------------------    -------------------

                         (clock clk_out1_clocking_wizard_clk_wiz_0_0 rise edge)
                                                      0.000     0.000 r  
    BUFGCTRL_X0Y0        BUFG                         0.000     0.000 r  clk_100MHz_IBUF_BUFG_inst/O
                         net (fo=424, routed)         0.817     0.817    clk_wiz_inst/clocking_wizard_i/clk_wiz_0/inst/clk_in1
    MMCME2_ADV_X1Y0      MMCME2_ADV (Prop_mmcme2_adv_CLKIN1_CLKOUT0)
                                                     -1.375    -0.559 r  clk_wiz_inst/clocking_wizard_i/clk_wiz_0/inst/mmcm_adv_inst/CLKOUT0
                         net (fo=1, routed)           0.530    -0.029    clk_wiz_inst/clocking_wizard_i/clk_wiz_0/inst/clk_out1_clocking_wizard_clk_wiz_0_0
    BUFGCTRL_X0Y1        BUFG (Prop_bufg_I_O)         0.029     0.000 r  clk_wiz_inst/clocking_wizard_i/clk_wiz_0/inst/clkout1_buf/O
                         net (fo=139, routed)         0.852     0.852    food_inst/CLK
    SLICE_X4Y21          FDPE                                         r  food_inst/color_sel_reg[1]_P/C
                         clock pessimism             -0.234     0.618    
    SLICE_X4Y21          FDPE (Remov_fdpe_C_PRE)     -0.095     0.523    food_inst/color_sel_reg[1]_P
  -------------------------------------------------------------------
                         required time                         -0.523    
                         arrival time                           1.279    
  -------------------------------------------------------------------
                         slack                                  0.756    

Slack (MET) :             0.775ns  (arrival time - required time)
  Source:                 food_inst/lfsr_reg[2]/C
                            (rising edge-triggered cell FDPE clocked by clk_out1_clocking_wizard_clk_wiz_0_0  {rise@0.000ns fall@19.863ns period=39.725ns})
  Destination:            food_inst/color_sel_reg[1]_C/CLR
                            (removal check against rising-edge clock clk_out1_clocking_wizard_clk_wiz_0_0  {rise@0.000ns fall@19.863ns period=39.725ns})
  Path Group:             **async_default**
  Path Type:              Removal (Min at Fast Process Corner)
  Requirement:            0.000ns  (clk_out1_clocking_wizard_clk_wiz_0_0 rise@0.000ns - clk_out1_clocking_wizard_clk_wiz_0_0 rise@0.000ns)
  Data Path Delay:        0.628ns  (logic 0.186ns (29.640%)  route 0.442ns (70.360%))
  Logic Levels:           1  (LUT4=1)
  Clock Path Skew:        0.012ns (DCD - SCD - CPR)
    Destination Clock Delay (DCD):    0.853ns
    Source Clock Delay      (SCD):    0.586ns
    Clock Pessimism Removal (CPR):    0.255ns

    Location             Delay type                Incr(ns)  Path(ns)    Netlist Resource(s)
  -------------------------------------------------------------------    -------------------
                         (clock clk_out1_clocking_wizard_clk_wiz_0_0 rise edge)
                                                      0.000     0.000 r  
    BUFGCTRL_X0Y0        BUFG                         0.000     0.000 r  clk_100MHz_IBUF_BUFG_inst/O
                         net (fo=424, routed)         0.549     0.549    clk_wiz_inst/clocking_wizard_i/clk_wiz_0/inst/clk_in1
    MMCME2_ADV_X1Y0      MMCME2_ADV (Prop_mmcme2_adv_CLKIN1_CLKOUT0)
                                                     -1.061    -0.512 r  clk_wiz_inst/clocking_wizard_i/clk_wiz_0/inst/mmcm_adv_inst/CLKOUT0
                         net (fo=1, routed)           0.486    -0.026    clk_wiz_inst/clocking_wizard_i/clk_wiz_0/inst/clk_out1_clocking_wizard_clk_wiz_0_0
    BUFGCTRL_X0Y1        BUFG (Prop_bufg_I_O)         0.026     0.000 r  clk_wiz_inst/clocking_wizard_i/clk_wiz_0/inst/clkout1_buf/O
                         net (fo=139, routed)         0.586     0.586    food_inst/CLK
    SLICE_X3Y20          FDPE                                         r  food_inst/lfsr_reg[2]/C
  -------------------------------------------------------------------    -------------------
    SLICE_X3Y20          FDPE (Prop_fdpe_C_Q)         0.141     0.727 r  food_inst/lfsr_reg[2]/Q
                         net (fo=19, routed)          0.303     1.030    food_inst/lfsr_reg_n_0_[2]
    SLICE_X1Y22          LUT4 (Prop_lut4_I2_O)        0.045     1.075 f  food_inst/color_sel_reg[1]_LDC_i_2/O
                         net (fo=2, routed)           0.139     1.213    food_inst/color_sel_reg[1]_LDC_i_2_n_0
    SLICE_X1Y22          FDCE                                         f  food_inst/color_sel_reg[1]_C/CLR
  -------------------------------------------------------------------    -------------------

                         (clock clk_out1_clocking_wizard_clk_wiz_0_0 rise edge)
                                                      0.000     0.000 r  
    BUFGCTRL_X0Y0        BUFG                         0.000     0.000 r  clk_100MHz_IBUF_BUFG_inst/O
                         net (fo=424, routed)         0.817     0.817    clk_wiz_inst/clocking_wizard_i/clk_wiz_0/inst/clk_in1
    MMCME2_ADV_X1Y0      MMCME2_ADV (Prop_mmcme2_adv_CLKIN1_CLKOUT0)
                                                     -1.375    -0.559 r  clk_wiz_inst/clocking_wizard_i/clk_wiz_0/inst/mmcm_adv_inst/CLKOUT0
                         net (fo=1, routed)           0.530    -0.029    clk_wiz_inst/clocking_wizard_i/clk_wiz_0/inst/clk_out1_clocking_wizard_clk_wiz_0_0
    BUFGCTRL_X0Y1        BUFG (Prop_bufg_I_O)         0.029     0.000 r  clk_wiz_inst/clocking_wizard_i/clk_wiz_0/inst/clkout1_buf/O
                         net (fo=139, routed)         0.853     0.853    food_inst/CLK
    SLICE_X1Y22          FDCE                                         r  food_inst/color_sel_reg[1]_C/C
                         clock pessimism             -0.255     0.598    
    SLICE_X1Y22          FDCE (Remov_fdce_C_CLR)     -0.159     0.439    food_inst/color_sel_reg[1]_C
  -------------------------------------------------------------------
                         required time                         -0.439    
                         arrival time                           1.213    
  -------------------------------------------------------------------
                         slack                                  0.775    

Slack (MET) :             0.795ns  (arrival time - required time)
  Source:                 food_inst/lfsr_reg[4]/C
                            (rising edge-triggered cell FDPE clocked by clk_out1_clocking_wizard_clk_wiz_0_0  {rise@0.000ns fall@19.863ns period=39.725ns})
  Destination:            food_inst/fx_reg[4]_C/CLR
                            (removal check against rising-edge clock clk_out1_clocking_wizard_clk_wiz_0_0  {rise@0.000ns fall@19.863ns period=39.725ns})
  Path Group:             **async_default**
  Path Type:              Removal (Min at Fast Process Corner)
  Requirement:            0.000ns  (clk_out1_clocking_wizard_clk_wiz_0_0 rise@0.000ns - clk_out1_clocking_wizard_clk_wiz_0_0 rise@0.000ns)
  Data Path Delay:        0.721ns  (logic 0.231ns (32.043%)  route 0.490ns (67.957%))
  Logic Levels:           2  (LUT2=1 LUT6=1)
  Clock Path Skew:        0.018ns (DCD - SCD - CPR)
    Destination Clock Delay (DCD):    0.859ns
    Source Clock Delay      (SCD):    0.586ns
    Clock Pessimism Removal (CPR):    0.255ns

    Location             Delay type                Incr(ns)  Path(ns)    Netlist Resource(s)
  -------------------------------------------------------------------    -------------------
                         (clock clk_out1_clocking_wizard_clk_wiz_0_0 rise edge)
                                                      0.000     0.000 r  
    BUFGCTRL_X0Y0        BUFG                         0.000     0.000 r  clk_100MHz_IBUF_BUFG_inst/O
                         net (fo=424, routed)         0.549     0.549    clk_wiz_inst/clocking_wizard_i/clk_wiz_0/inst/clk_in1
    MMCME2_ADV_X1Y0      MMCME2_ADV (Prop_mmcme2_adv_CLKIN1_CLKOUT0)
                                                     -1.061    -0.512 r  clk_wiz_inst/clocking_wizard_i/clk_wiz_0/inst/mmcm_adv_inst/CLKOUT0
                         net (fo=1, routed)           0.486    -0.026    clk_wiz_inst/clocking_wizard_i/clk_wiz_0/inst/clk_out1_clocking_wizard_clk_wiz_0_0
    BUFGCTRL_X0Y1        BUFG (Prop_bufg_I_O)         0.026     0.000 r  clk_wiz_inst/clocking_wizard_i/clk_wiz_0/inst/clkout1_buf/O
                         net (fo=139, routed)         0.586     0.586    food_inst/CLK
    SLICE_X3Y20          FDPE                                         r  food_inst/lfsr_reg[4]/C
  -------------------------------------------------------------------    -------------------
    SLICE_X3Y20          FDPE (Prop_fdpe_C_Q)         0.141     0.727 r  food_inst/lfsr_reg[4]/Q
                         net (fo=4, routed)           0.156     0.882    food_inst/lfsr_reg_n_0_[4]
    SLICE_X2Y18          LUT6 (Prop_lut6_I5_O)        0.045     0.927 r  food_inst/fx[4]_P_i_1/O
                         net (fo=4, routed)           0.203     1.130    food_inst/p_2_in[4]
    SLICE_X1Y16          LUT2 (Prop_lut2_I1_O)        0.045     1.175 f  food_inst/fx_reg[4]_LDC_i_2/O
                         net (fo=2, routed)           0.131     1.307    food_inst/fx_reg[4]_LDC_i_2_n_0
    SLICE_X1Y16          FDCE                                         f  food_inst/fx_reg[4]_C/CLR
  -------------------------------------------------------------------    -------------------

                         (clock clk_out1_clocking_wizard_clk_wiz_0_0 rise edge)
                                                      0.000     0.000 r  
    BUFGCTRL_X0Y0        BUFG                         0.000     0.000 r  clk_100MHz_IBUF_BUFG_inst/O
                         net (fo=424, routed)         0.817     0.817    clk_wiz_inst/clocking_wizard_i/clk_wiz_0/inst/clk_in1
    MMCME2_ADV_X1Y0      MMCME2_ADV (Prop_mmcme2_adv_CLKIN1_CLKOUT0)
                                                     -1.375    -0.559 r  clk_wiz_inst/clocking_wizard_i/clk_wiz_0/inst/mmcm_adv_inst/CLKOUT0
                         net (fo=1, routed)           0.530    -0.029    clk_wiz_inst/clocking_wizard_i/clk_wiz_0/inst/clk_out1_clocking_wizard_clk_wiz_0_0
    BUFGCTRL_X0Y1        BUFG (Prop_bufg_I_O)         0.029     0.000 r  clk_wiz_inst/clocking_wizard_i/clk_wiz_0/inst/clkout1_buf/O
                         net (fo=139, routed)         0.859     0.859    food_inst/CLK
    SLICE_X1Y16          FDCE                                         r  food_inst/fx_reg[4]_C/C
                         clock pessimism             -0.255     0.604    
    SLICE_X1Y16          FDCE (Remov_fdce_C_CLR)     -0.092     0.512    food_inst/fx_reg[4]_C
  -------------------------------------------------------------------
                         required time                         -0.512    
                         arrival time                           1.307    
  -------------------------------------------------------------------
                         slack                                  0.795    

Slack (MET) :             0.819ns  (arrival time - required time)
  Source:                 food_inst/lfsr_reg[9]/C
                            (rising edge-triggered cell FDPE clocked by clk_out1_clocking_wizard_clk_wiz_0_0  {rise@0.000ns fall@19.863ns period=39.725ns})
  Destination:            food_inst/fx_reg[7]_C/CLR
                            (removal check against rising-edge clock clk_out1_clocking_wizard_clk_wiz_0_0  {rise@0.000ns fall@19.863ns period=39.725ns})
  Path Group:             **async_default**
  Path Type:              Removal (Min at Fast Process Corner)
  Requirement:            0.000ns  (clk_out1_clocking_wizard_clk_wiz_0_0 rise@0.000ns - clk_out1_clocking_wizard_clk_wiz_0_0 rise@0.000ns)
  Data Path Delay:        0.742ns  (logic 0.231ns (31.122%)  route 0.511ns (68.878%))
  Logic Levels:           2  (LUT2=1 LUT5=1)
  Clock Path Skew:        0.015ns (DCD - SCD - CPR)
    Destination Clock Delay (DCD):    0.856ns
    Source Clock Delay      (SCD):    0.586ns
    Clock Pessimism Removal (CPR):    0.255ns

    Location             Delay type                Incr(ns)  Path(ns)    Netlist Resource(s)
  -------------------------------------------------------------------    -------------------
                         (clock clk_out1_clocking_wizard_clk_wiz_0_0 rise edge)
                                                      0.000     0.000 r  
    BUFGCTRL_X0Y0        BUFG                         0.000     0.000 r  clk_100MHz_IBUF_BUFG_inst/O
                         net (fo=424, routed)         0.549     0.549    clk_wiz_inst/clocking_wizard_i/clk_wiz_0/inst/clk_in1
    MMCME2_ADV_X1Y0      MMCME2_ADV (Prop_mmcme2_adv_CLKIN1_CLKOUT0)
                                                     -1.061    -0.512 r  clk_wiz_inst/clocking_wizard_i/clk_wiz_0/inst/mmcm_adv_inst/CLKOUT0
                         net (fo=1, routed)           0.486    -0.026    clk_wiz_inst/clocking_wizard_i/clk_wiz_0/inst/clk_out1_clocking_wizard_clk_wiz_0_0
    BUFGCTRL_X0Y1        BUFG (Prop_bufg_I_O)         0.026     0.000 r  clk_wiz_inst/clocking_wizard_i/clk_wiz_0/inst/clkout1_buf/O
                         net (fo=139, routed)         0.586     0.586    food_inst/CLK
    SLICE_X3Y20          FDPE                                         r  food_inst/lfsr_reg[9]/C
  -------------------------------------------------------------------    -------------------
    SLICE_X3Y20          FDPE (Prop_fdpe_C_Q)         0.141     0.727 r  food_inst/lfsr_reg[9]/Q
                         net (fo=7, routed)           0.183     0.910    food_inst/lfsr_reg_n_0_[9]
    SLICE_X3Y20          LUT5 (Prop_lut5_I0_O)        0.045     0.955 r  food_inst/fx[7]_P_i_1/O
                         net (fo=4, routed)           0.200     1.154    food_inst/p_2_in[7]
    SLICE_X1Y19          LUT2 (Prop_lut2_I1_O)        0.045     1.199 f  food_inst/fx_reg[7]_LDC_i_2/O
                         net (fo=2, routed)           0.129     1.328    food_inst/fx_reg[7]_LDC_i_2_n_0
    SLICE_X1Y19          FDCE                                         f  food_inst/fx_reg[7]_C/CLR
  -------------------------------------------------------------------    -------------------

                         (clock clk_out1_clocking_wizard_clk_wiz_0_0 rise edge)
                                                      0.000     0.000 r  
    BUFGCTRL_X0Y0        BUFG                         0.000     0.000 r  clk_100MHz_IBUF_BUFG_inst/O
                         net (fo=424, routed)         0.817     0.817    clk_wiz_inst/clocking_wizard_i/clk_wiz_0/inst/clk_in1
    MMCME2_ADV_X1Y0      MMCME2_ADV (Prop_mmcme2_adv_CLKIN1_CLKOUT0)
                                                     -1.375    -0.559 r  clk_wiz_inst/clocking_wizard_i/clk_wiz_0/inst/mmcm_adv_inst/CLKOUT0
                         net (fo=1, routed)           0.530    -0.029    clk_wiz_inst/clocking_wizard_i/clk_wiz_0/inst/clk_out1_clocking_wizard_clk_wiz_0_0
    BUFGCTRL_X0Y1        BUFG (Prop_bufg_I_O)         0.029     0.000 r  clk_wiz_inst/clocking_wizard_i/clk_wiz_0/inst/clkout1_buf/O
                         net (fo=139, routed)         0.856     0.856    food_inst/CLK
    SLICE_X1Y19          FDCE                                         r  food_inst/fx_reg[7]_C/C
                         clock pessimism             -0.255     0.601    
    SLICE_X1Y19          FDCE (Remov_fdce_C_CLR)     -0.092     0.509    food_inst/fx_reg[7]_C
  -------------------------------------------------------------------
                         required time                         -0.509    
                         arrival time                           1.328    
  -------------------------------------------------------------------
                         slack                                  0.819    

Slack (MET) :             0.861ns  (arrival time - required time)
  Source:                 food_inst/lfsr_reg[9]/C
                            (rising edge-triggered cell FDPE clocked by clk_out1_clocking_wizard_clk_wiz_0_0  {rise@0.000ns fall@19.863ns period=39.725ns})
  Destination:            food_inst/fx_reg[8]_C/CLR
                            (removal check against rising-edge clock clk_out1_clocking_wizard_clk_wiz_0_0  {rise@0.000ns fall@19.863ns period=39.725ns})
  Path Group:             **async_default**
  Path Type:              Removal (Min at Fast Process Corner)
  Requirement:            0.000ns  (clk_out1_clocking_wizard_clk_wiz_0_0 rise@0.000ns - clk_out1_clocking_wizard_clk_wiz_0_0 rise@0.000ns)
  Data Path Delay:        0.828ns  (logic 0.302ns (36.491%)  route 0.526ns (63.509%))
  Logic Levels:           2  (LUT2=1 LUT5=1)
  Clock Path Skew:        0.034ns (DCD - SCD - CPR)
    Destination Clock Delay (DCD):    0.854ns
    Source Clock Delay      (SCD):    0.586ns
    Clock Pessimism Removal (CPR):    0.234ns

    Location             Delay type                Incr(ns)  Path(ns)    Netlist Resource(s)
  -------------------------------------------------------------------    -------------------
                         (clock clk_out1_clocking_wizard_clk_wiz_0_0 rise edge)
                                                      0.000     0.000 r  
    BUFGCTRL_X0Y0        BUFG                         0.000     0.000 r  clk_100MHz_IBUF_BUFG_inst/O
                         net (fo=424, routed)         0.549     0.549    clk_wiz_inst/clocking_wizard_i/clk_wiz_0/inst/clk_in1
    MMCME2_ADV_X1Y0      MMCME2_ADV (Prop_mmcme2_adv_CLKIN1_CLKOUT0)
                                                     -1.061    -0.512 r  clk_wiz_inst/clocking_wizard_i/clk_wiz_0/inst/mmcm_adv_inst/CLKOUT0
                         net (fo=1, routed)           0.486    -0.026    clk_wiz_inst/clocking_wizard_i/clk_wiz_0/inst/clk_out1_clocking_wizard_clk_wiz_0_0
    BUFGCTRL_X0Y1        BUFG (Prop_bufg_I_O)         0.026     0.000 r  clk_wiz_inst/clocking_wizard_i/clk_wiz_0/inst/clkout1_buf/O
                         net (fo=139, routed)         0.586     0.586    food_inst/CLK
    SLICE_X3Y20          FDPE                                         r  food_inst/lfsr_reg[9]/C
  -------------------------------------------------------------------    -------------------
    SLICE_X3Y20          FDPE (Prop_fdpe_C_Q)         0.141     0.727 f  food_inst/lfsr_reg[9]/Q
                         net (fo=7, routed)           0.183     0.910    food_inst/lfsr_reg_n_0_[9]
    SLICE_X3Y20          LUT5 (Prop_lut5_I0_O)        0.049     0.959 r  food_inst/fx[8]_P_i_1/O
                         net (fo=4, routed)           0.219     1.177    food_inst/p_2_in[8]
    SLICE_X6Y20          LUT2 (Prop_lut2_I1_O)        0.112     1.289 f  food_inst/fx_reg[8]_LDC_i_2/O
                         net (fo=2, routed)           0.124     1.413    food_inst/fx_reg[8]_LDC_i_2_n_0
    SLICE_X6Y19          FDCE                                         f  food_inst/fx_reg[8]_C/CLR
  -------------------------------------------------------------------    -------------------

                         (clock clk_out1_clocking_wizard_clk_wiz_0_0 rise edge)
                                                      0.000     0.000 r  
    BUFGCTRL_X0Y0        BUFG                         0.000     0.000 r  clk_100MHz_IBUF_BUFG_inst/O
                         net (fo=424, routed)         0.817     0.817    clk_wiz_inst/clocking_wizard_i/clk_wiz_0/inst/clk_in1
    MMCME2_ADV_X1Y0      MMCME2_ADV (Prop_mmcme2_adv_CLKIN1_CLKOUT0)
                                                     -1.375    -0.559 r  clk_wiz_inst/clocking_wizard_i/clk_wiz_0/inst/mmcm_adv_inst/CLKOUT0
                         net (fo=1, routed)           0.530    -0.029    clk_wiz_inst/clocking_wizard_i/clk_wiz_0/inst/clk_out1_clocking_wizard_clk_wiz_0_0
    BUFGCTRL_X0Y1        BUFG (Prop_bufg_I_O)         0.029     0.000 r  clk_wiz_inst/clocking_wizard_i/clk_wiz_0/inst/clkout1_buf/O
                         net (fo=139, routed)         0.854     0.854    food_inst/CLK
    SLICE_X6Y19          FDCE                                         r  food_inst/fx_reg[8]_C/C
                         clock pessimism             -0.234     0.620    
    SLICE_X6Y19          FDCE (Remov_fdce_C_CLR)     -0.067     0.553    food_inst/fx_reg[8]_C
  -------------------------------------------------------------------
                         required time                         -0.553    
                         arrival time                           1.413    
  -------------------------------------------------------------------
                         slack                                  0.861    





--------------------------------------------------------------------------------------
Path Group:  (none)
From Clock:  
  To Clock:  

Max Delay            33 Endpoints
Min Delay            33 Endpoints
--------------------------------------------------------------------------------------


Max Delay Paths
--------------------------------------------------------------------------------------
Slack:                    inf
  Source:                 food_inst/fy_reg[1]_LDC/G
                            (positive level-sensitive latch)
  Destination:            vgaGreen[3]
                            (output port)
  Path Group:             (none)
  Path Type:              Max at Slow Process Corner
  Data Path Delay:        14.732ns  (logic 6.141ns (41.689%)  route 8.590ns (58.311%))
  Logic Levels:           8  (CARRY4=2 LDCE=1 LUT3=1 LUT5=2 LUT6=1 OBUF=1)

    Location             Delay type                Incr(ns)  Path(ns)    Netlist Resource(s)
  -------------------------------------------------------------------    -------------------
    SLICE_X14Y17         LDCE                         0.000     0.000 r  food_inst/fy_reg[1]_LDC/G
    SLICE_X14Y17         LDCE (EnToQ_ldce_G_Q)        0.833     0.833 r  food_inst/fy_reg[1]_LDC/Q
                         net (fo=7, routed)           1.355     2.188    food_inst/fy_reg[1]_LDC_n_0
    SLICE_X12Y14         LUT3 (Prop_lut3_I1_O)        0.124     2.312 f  food_inst/vgaRed_OBUF[3]_inst_i_114/O
                         net (fo=7, routed)           1.296     3.608    food_inst/fy[1]
    SLICE_X11Y16         LUT6 (Prop_lut6_I0_O)        0.124     3.732 r  food_inst/vgaRed_OBUF[3]_inst_i_54/O
                         net (fo=1, routed)           0.540     4.273    food_inst/vgaRed_OBUF[3]_inst_i_54_n_0
    SLICE_X11Y17         CARRY4 (Prop_carry4_DI[0]_CO[3])
                                                      0.526     4.799 r  food_inst/vgaRed_OBUF[3]_inst_i_20/CO[3]
                         net (fo=1, routed)           0.000     4.799    food_inst/vgaRed_OBUF[3]_inst_i_20_n_0
    SLICE_X11Y18         CARRY4 (Prop_carry4_CI_CO[0])
                                                      0.271     5.070 r  food_inst/vgaRed_OBUF[3]_inst_i_7/CO[0]
                         net (fo=1, routed)           1.210     6.280    food_inst/food_on2
    SLICE_X4Y19          LUT5 (Prop_lut5_I1_O)        0.373     6.653 r  food_inst/vgaRed_OBUF[3]_inst_i_3/O
                         net (fo=3, routed)           0.986     7.639    food_inst/food_on
    SLICE_X3Y22          LUT5 (Prop_lut5_I4_O)        0.152     7.791 r  food_inst/vgaGreen_OBUF[3]_inst_i_1/O
                         net (fo=4, routed)           3.202    10.993    vgaGreen_OBUF[0]
    D17                  OBUF (Prop_obuf_I_O)         3.738    14.732 r  vgaGreen_OBUF[3]_inst/O
                         net (fo=0)                   0.000    14.732    vgaGreen[3]
    D17                                                               r  vgaGreen[3] (OUT)
  -------------------------------------------------------------------    -------------------

Slack:                    inf
  Source:                 food_inst/fy_reg[1]_LDC/G
                            (positive level-sensitive latch)
  Destination:            vgaGreen[1]
                            (output port)
  Path Group:             (none)
  Path Type:              Max at Slow Process Corner
  Data Path Delay:        14.228ns  (logic 6.116ns (42.988%)  route 8.112ns (57.012%))
  Logic Levels:           8  (CARRY4=2 LDCE=1 LUT3=1 LUT5=2 LUT6=1 OBUF=1)

    Location             Delay type                Incr(ns)  Path(ns)    Netlist Resource(s)
  -------------------------------------------------------------------    -------------------
    SLICE_X14Y17         LDCE                         0.000     0.000 r  food_inst/fy_reg[1]_LDC/G
    SLICE_X14Y17         LDCE (EnToQ_ldce_G_Q)        0.833     0.833 r  food_inst/fy_reg[1]_LDC/Q
                         net (fo=7, routed)           1.355     2.188    food_inst/fy_reg[1]_LDC_n_0
    SLICE_X12Y14         LUT3 (Prop_lut3_I1_O)        0.124     2.312 f  food_inst/vgaRed_OBUF[3]_inst_i_114/O
                         net (fo=7, routed)           1.296     3.608    food_inst/fy[1]
    SLICE_X11Y16         LUT6 (Prop_lut6_I0_O)        0.124     3.732 r  food_inst/vgaRed_OBUF[3]_inst_i_54/O
                         net (fo=1, routed)           0.540     4.273    food_inst/vgaRed_OBUF[3]_inst_i_54_n_0
    SLICE_X11Y17         CARRY4 (Prop_carry4_DI[0]_CO[3])
                                                      0.526     4.799 r  food_inst/vgaRed_OBUF[3]_inst_i_20/CO[3]
                         net (fo=1, routed)           0.000     4.799    food_inst/vgaRed_OBUF[3]_inst_i_20_n_0
    SLICE_X11Y18         CARRY4 (Prop_carry4_CI_CO[0])
                                                      0.271     5.070 r  food_inst/vgaRed_OBUF[3]_inst_i_7/CO[0]
                         net (fo=1, routed)           1.210     6.280    food_inst/food_on2
    SLICE_X4Y19          LUT5 (Prop_lut5_I1_O)        0.373     6.653 r  food_inst/vgaRed_OBUF[3]_inst_i_3/O
                         net (fo=3, routed)           0.986     7.639    food_inst/food_on
    SLICE_X3Y22          LUT5 (Prop_lut5_I4_O)        0.152     7.791 r  food_inst/vgaGreen_OBUF[3]_inst_i_1/O
                         net (fo=4, routed)           2.724    10.515    vgaGreen_OBUF[0]
    H17                  OBUF (Prop_obuf_I_O)         3.713    14.228 r  vgaGreen_OBUF[1]_inst/O
                         net (fo=0)                   0.000    14.228    vgaGreen[1]
    H17                                                               r  vgaGreen[1] (OUT)
  -------------------------------------------------------------------    -------------------

Slack:                    inf
  Source:                 food_inst/fy_reg[1]_LDC/G
                            (positive level-sensitive latch)
  Destination:            vgaGreen[2]
                            (output port)
  Path Group:             (none)
  Path Type:              Max at Slow Process Corner
  Data Path Delay:        14.101ns  (logic 6.140ns (43.544%)  route 7.961ns (56.456%))
  Logic Levels:           8  (CARRY4=2 LDCE=1 LUT3=1 LUT5=2 LUT6=1 OBUF=1)

    Location             Delay type                Incr(ns)  Path(ns)    Netlist Resource(s)
  -------------------------------------------------------------------    -------------------
    SLICE_X14Y17         LDCE                         0.000     0.000 r  food_inst/fy_reg[1]_LDC/G
    SLICE_X14Y17         LDCE (EnToQ_ldce_G_Q)        0.833     0.833 r  food_inst/fy_reg[1]_LDC/Q
                         net (fo=7, routed)           1.355     2.188    food_inst/fy_reg[1]_LDC_n_0
    SLICE_X12Y14         LUT3 (Prop_lut3_I1_O)        0.124     2.312 f  food_inst/vgaRed_OBUF[3]_inst_i_114/O
                         net (fo=7, routed)           1.296     3.608    food_inst/fy[1]
    SLICE_X11Y16         LUT6 (Prop_lut6_I0_O)        0.124     3.732 r  food_inst/vgaRed_OBUF[3]_inst_i_54/O
                         net (fo=1, routed)           0.540     4.273    food_inst/vgaRed_OBUF[3]_inst_i_54_n_0
    SLICE_X11Y17         CARRY4 (Prop_carry4_DI[0]_CO[3])
                                                      0.526     4.799 r  food_inst/vgaRed_OBUF[3]_inst_i_20/CO[3]
                         net (fo=1, routed)           0.000     4.799    food_inst/vgaRed_OBUF[3]_inst_i_20_n_0
    SLICE_X11Y18         CARRY4 (Prop_carry4_CI_CO[0])
                                                      0.271     5.070 r  food_inst/vgaRed_OBUF[3]_inst_i_7/CO[0]
                         net (fo=1, routed)           1.210     6.280    food_inst/food_on2
    SLICE_X4Y19          LUT5 (Prop_lut5_I1_O)        0.373     6.653 r  food_inst/vgaRed_OBUF[3]_inst_i_3/O
                         net (fo=3, routed)           0.986     7.639    food_inst/food_on
    SLICE_X3Y22          LUT5 (Prop_lut5_I4_O)        0.152     7.791 r  food_inst/vgaGreen_OBUF[3]_inst_i_1/O
                         net (fo=4, routed)           2.573    10.364    vgaGreen_OBUF[0]
    G17                  OBUF (Prop_obuf_I_O)         3.737    14.101 r  vgaGreen_OBUF[2]_inst/O
                         net (fo=0)                   0.000    14.101    vgaGreen[2]
    G17                                                               r  vgaGreen[2] (OUT)
  -------------------------------------------------------------------    -------------------

Slack:                    inf
  Source:                 food_inst/fy_reg[1]_LDC/G
                            (positive level-sensitive latch)
  Destination:            vgaGreen[0]
                            (output port)
  Path Group:             (none)
  Path Type:              Max at Slow Process Corner
  Data Path Delay:        13.800ns  (logic 6.132ns (44.435%)  route 7.668ns (55.565%))
  Logic Levels:           8  (CARRY4=2 LDCE=1 LUT3=1 LUT5=2 LUT6=1 OBUF=1)

    Location             Delay type                Incr(ns)  Path(ns)    Netlist Resource(s)
  -------------------------------------------------------------------    -------------------
    SLICE_X14Y17         LDCE                         0.000     0.000 r  food_inst/fy_reg[1]_LDC/G
    SLICE_X14Y17         LDCE (EnToQ_ldce_G_Q)        0.833     0.833 r  food_inst/fy_reg[1]_LDC/Q
                         net (fo=7, routed)           1.355     2.188    food_inst/fy_reg[1]_LDC_n_0
    SLICE_X12Y14         LUT3 (Prop_lut3_I1_O)        0.124     2.312 f  food_inst/vgaRed_OBUF[3]_inst_i_114/O
                         net (fo=7, routed)           1.296     3.608    food_inst/fy[1]
    SLICE_X11Y16         LUT6 (Prop_lut6_I0_O)        0.124     3.732 r  food_inst/vgaRed_OBUF[3]_inst_i_54/O
                         net (fo=1, routed)           0.540     4.273    food_inst/vgaRed_OBUF[3]_inst_i_54_n_0
    SLICE_X11Y17         CARRY4 (Prop_carry4_DI[0]_CO[3])
                                                      0.526     4.799 r  food_inst/vgaRed_OBUF[3]_inst_i_20/CO[3]
                         net (fo=1, routed)           0.000     4.799    food_inst/vgaRed_OBUF[3]_inst_i_20_n_0
    SLICE_X11Y18         CARRY4 (Prop_carry4_CI_CO[0])
                                                      0.271     5.070 r  food_inst/vgaRed_OBUF[3]_inst_i_7/CO[0]
                         net (fo=1, routed)           1.210     6.280    food_inst/food_on2
    SLICE_X4Y19          LUT5 (Prop_lut5_I1_O)        0.373     6.653 r  food_inst/vgaRed_OBUF[3]_inst_i_3/O
                         net (fo=3, routed)           0.986     7.639    food_inst/food_on
    SLICE_X3Y22          LUT5 (Prop_lut5_I4_O)        0.152     7.791 r  food_inst/vgaGreen_OBUF[3]_inst_i_1/O
                         net (fo=4, routed)           2.280    10.071    vgaGreen_OBUF[0]
    J17                  OBUF (Prop_obuf_I_O)         3.729    13.800 r  vgaGreen_OBUF[0]_inst/O
                         net (fo=0)                   0.000    13.800    vgaGreen[0]
    J17                                                               r  vgaGreen[0] (OUT)
  -------------------------------------------------------------------    -------------------

Slack:                    inf
  Source:                 food_inst/fy_reg[1]_LDC/G
                            (positive level-sensitive latch)
  Destination:            vgaBlue[0]
                            (output port)
  Path Group:             (none)
  Path Type:              Max at Slow Process Corner
  Data Path Delay:        13.669ns  (logic 5.870ns (42.946%)  route 7.799ns (57.054%))
  Logic Levels:           8  (CARRY4=2 LDCE=1 LUT3=1 LUT5=2 LUT6=1 OBUF=1)

    Location             Delay type                Incr(ns)  Path(ns)    Netlist Resource(s)
  -------------------------------------------------------------------    -------------------
    SLICE_X14Y17         LDCE                         0.000     0.000 r  food_inst/fy_reg[1]_LDC/G
    SLICE_X14Y17         LDCE (EnToQ_ldce_G_Q)        0.833     0.833 r  food_inst/fy_reg[1]_LDC/Q
                         net (fo=7, routed)           1.355     2.188    food_inst/fy_reg[1]_LDC_n_0
    SLICE_X12Y14         LUT3 (Prop_lut3_I1_O)        0.124     2.312 f  food_inst/vgaRed_OBUF[3]_inst_i_114/O
                         net (fo=7, routed)           1.296     3.608    food_inst/fy[1]
    SLICE_X11Y16         LUT6 (Prop_lut6_I0_O)        0.124     3.732 r  food_inst/vgaRed_OBUF[3]_inst_i_54/O
                         net (fo=1, routed)           0.540     4.273    food_inst/vgaRed_OBUF[3]_inst_i_54_n_0
    SLICE_X11Y17         CARRY4 (Prop_carry4_DI[0]_CO[3])
                                                      0.526     4.799 r  food_inst/vgaRed_OBUF[3]_inst_i_20/CO[3]
                         net (fo=1, routed)           0.000     4.799    food_inst/vgaRed_OBUF[3]_inst_i_20_n_0
    SLICE_X11Y18         CARRY4 (Prop_carry4_CI_CO[0])
                                                      0.271     5.070 r  food_inst/vgaRed_OBUF[3]_inst_i_7/CO[0]
                         net (fo=1, routed)           1.210     6.280    food_inst/food_on2
    SLICE_X4Y19          LUT5 (Prop_lut5_I1_O)        0.373     6.653 r  food_inst/vgaRed_OBUF[3]_inst_i_3/O
                         net (fo=3, routed)           0.986     7.639    food_inst/food_on
    SLICE_X3Y22          LUT5 (Prop_lut5_I3_O)        0.124     7.763 r  food_inst/vgaBlue_OBUF[3]_inst_i_1/O
                         net (fo=4, routed)           2.411    10.174    vgaBlue_OBUF[0]
    N18                  OBUF (Prop_obuf_I_O)         3.495    13.669 r  vgaBlue_OBUF[0]_inst/O
                         net (fo=0)                   0.000    13.669    vgaBlue[0]
    N18                                                               r  vgaBlue[0] (OUT)
  -------------------------------------------------------------------    -------------------

Slack:                    inf
  Source:                 food_inst/fy_reg[1]_LDC/G
                            (positive level-sensitive latch)
  Destination:            vgaBlue[3]
                            (output port)
  Path Group:             (none)
  Path Type:              Max at Slow Process Corner
  Data Path Delay:        13.557ns  (logic 5.900ns (43.517%)  route 7.658ns (56.483%))
  Logic Levels:           8  (CARRY4=2 LDCE=1 LUT3=1 LUT5=2 LUT6=1 OBUF=1)

    Location             Delay type                Incr(ns)  Path(ns)    Netlist Resource(s)
  -------------------------------------------------------------------    -------------------
    SLICE_X14Y17         LDCE                         0.000     0.000 r  food_inst/fy_reg[1]_LDC/G
    SLICE_X14Y17         LDCE (EnToQ_ldce_G_Q)        0.833     0.833 r  food_inst/fy_reg[1]_LDC/Q
                         net (fo=7, routed)           1.355     2.188    food_inst/fy_reg[1]_LDC_n_0
    SLICE_X12Y14         LUT3 (Prop_lut3_I1_O)        0.124     2.312 f  food_inst/vgaRed_OBUF[3]_inst_i_114/O
                         net (fo=7, routed)           1.296     3.608    food_inst/fy[1]
    SLICE_X11Y16         LUT6 (Prop_lut6_I0_O)        0.124     3.732 r  food_inst/vgaRed_OBUF[3]_inst_i_54/O
                         net (fo=1, routed)           0.540     4.273    food_inst/vgaRed_OBUF[3]_inst_i_54_n_0
    SLICE_X11Y17         CARRY4 (Prop_carry4_DI[0]_CO[3])
                                                      0.526     4.799 r  food_inst/vgaRed_OBUF[3]_inst_i_20/CO[3]
                         net (fo=1, routed)           0.000     4.799    food_inst/vgaRed_OBUF[3]_inst_i_20_n_0
    SLICE_X11Y18         CARRY4 (Prop_carry4_CI_CO[0])
                                                      0.271     5.070 r  food_inst/vgaRed_OBUF[3]_inst_i_7/CO[0]
                         net (fo=1, routed)           1.210     6.280    food_inst/food_on2
    SLICE_X4Y19          LUT5 (Prop_lut5_I1_O)        0.373     6.653 r  food_inst/vgaRed_OBUF[3]_inst_i_3/O
                         net (fo=3, routed)           0.986     7.639    food_inst/food_on
    SLICE_X3Y22          LUT5 (Prop_lut5_I3_O)        0.124     7.763 r  food_inst/vgaBlue_OBUF[3]_inst_i_1/O
                         net (fo=4, routed)           2.270    10.033    vgaBlue_OBUF[0]
    J18                  OBUF (Prop_obuf_I_O)         3.525    13.557 r  vgaBlue_OBUF[3]_inst/O
                         net (fo=0)                   0.000    13.557    vgaBlue[3]
    J18                                                               r  vgaBlue[3] (OUT)
  -------------------------------------------------------------------    -------------------

Slack:                    inf
  Source:                 food_inst/fy_reg[1]_LDC/G
                            (positive level-sensitive latch)
  Destination:            vgaRed[1]
                            (output port)
  Path Group:             (none)
  Path Type:              Max at Slow Process Corner
  Data Path Delay:        13.465ns  (logic 5.894ns (43.773%)  route 7.571ns (56.227%))
  Logic Levels:           8  (CARRY4=2 LDCE=1 LUT3=1 LUT4=1 LUT5=1 LUT6=1 OBUF=1)

    Location             Delay type                Incr(ns)  Path(ns)    Netlist Resource(s)
  -------------------------------------------------------------------    -------------------
    SLICE_X14Y17         LDCE                         0.000     0.000 r  food_inst/fy_reg[1]_LDC/G
    SLICE_X14Y17         LDCE (EnToQ_ldce_G_Q)        0.833     0.833 r  food_inst/fy_reg[1]_LDC/Q
                         net (fo=7, routed)           1.355     2.188    food_inst/fy_reg[1]_LDC_n_0
    SLICE_X12Y14         LUT3 (Prop_lut3_I1_O)        0.124     2.312 f  food_inst/vgaRed_OBUF[3]_inst_i_114/O
                         net (fo=7, routed)           1.296     3.608    food_inst/fy[1]
    SLICE_X11Y16         LUT6 (Prop_lut6_I0_O)        0.124     3.732 r  food_inst/vgaRed_OBUF[3]_inst_i_54/O
                         net (fo=1, routed)           0.540     4.273    food_inst/vgaRed_OBUF[3]_inst_i_54_n_0
    SLICE_X11Y17         CARRY4 (Prop_carry4_DI[0]_CO[3])
                                                      0.526     4.799 r  food_inst/vgaRed_OBUF[3]_inst_i_20/CO[3]
                         net (fo=1, routed)           0.000     4.799    food_inst/vgaRed_OBUF[3]_inst_i_20_n_0
    SLICE_X11Y18         CARRY4 (Prop_carry4_CI_CO[0])
                                                      0.271     5.070 r  food_inst/vgaRed_OBUF[3]_inst_i_7/CO[0]
                         net (fo=1, routed)           1.210     6.280    food_inst/food_on2
    SLICE_X4Y19          LUT5 (Prop_lut5_I1_O)        0.373     6.653 r  food_inst/vgaRed_OBUF[3]_inst_i_3/O
                         net (fo=3, routed)           0.581     7.234    food_inst/food_on
    SLICE_X3Y22          LUT4 (Prop_lut4_I1_O)        0.124     7.358 r  food_inst/vgaRed_OBUF[3]_inst_i_1/O
                         net (fo=4, routed)           2.588     9.946    vgaRed_OBUF[0]
    H19                  OBUF (Prop_obuf_I_O)         3.519    13.465 r  vgaRed_OBUF[1]_inst/O
                         net (fo=0)                   0.000    13.465    vgaRed[1]
    H19                                                               r  vgaRed[1] (OUT)
  -------------------------------------------------------------------    -------------------

Slack:                    inf
  Source:                 food_inst/fy_reg[1]_LDC/G
                            (positive level-sensitive latch)
  Destination:            vgaRed[0]
                            (output port)
  Path Group:             (none)
  Path Type:              Max at Slow Process Corner
  Data Path Delay:        13.421ns  (logic 5.899ns (43.950%)  route 7.523ns (56.050%))
  Logic Levels:           8  (CARRY4=2 LDCE=1 LUT3=1 LUT4=1 LUT5=1 LUT6=1 OBUF=1)

    Location             Delay type                Incr(ns)  Path(ns)    Netlist Resource(s)
  -------------------------------------------------------------------    -------------------
    SLICE_X14Y17         LDCE                         0.000     0.000 r  food_inst/fy_reg[1]_LDC/G
    SLICE_X14Y17         LDCE (EnToQ_ldce_G_Q)        0.833     0.833 r  food_inst/fy_reg[1]_LDC/Q
                         net (fo=7, routed)           1.355     2.188    food_inst/fy_reg[1]_LDC_n_0
    SLICE_X12Y14         LUT3 (Prop_lut3_I1_O)        0.124     2.312 f  food_inst/vgaRed_OBUF[3]_inst_i_114/O
                         net (fo=7, routed)           1.296     3.608    food_inst/fy[1]
    SLICE_X11Y16         LUT6 (Prop_lut6_I0_O)        0.124     3.732 r  food_inst/vgaRed_OBUF[3]_inst_i_54/O
                         net (fo=1, routed)           0.540     4.273    food_inst/vgaRed_OBUF[3]_inst_i_54_n_0
    SLICE_X11Y17         CARRY4 (Prop_carry4_DI[0]_CO[3])
                                                      0.526     4.799 r  food_inst/vgaRed_OBUF[3]_inst_i_20/CO[3]
                         net (fo=1, routed)           0.000     4.799    food_inst/vgaRed_OBUF[3]_inst_i_20_n_0
    SLICE_X11Y18         CARRY4 (Prop_carry4_CI_CO[0])
                                                      0.271     5.070 r  food_inst/vgaRed_OBUF[3]_inst_i_7/CO[0]
                         net (fo=1, routed)           1.210     6.280    food_inst/food_on2
    SLICE_X4Y19          LUT5 (Prop_lut5_I1_O)        0.373     6.653 r  food_inst/vgaRed_OBUF[3]_inst_i_3/O
                         net (fo=3, routed)           0.581     7.234    food_inst/food_on
    SLICE_X3Y22          LUT4 (Prop_lut4_I1_O)        0.124     7.358 r  food_inst/vgaRed_OBUF[3]_inst_i_1/O
                         net (fo=4, routed)           2.540     9.898    vgaRed_OBUF[0]
    G19                  OBUF (Prop_obuf_I_O)         3.524    13.421 r  vgaRed_OBUF[0]_inst/O
                         net (fo=0)                   0.000    13.421    vgaRed[0]
    G19                                                               r  vgaRed[0] (OUT)
  -------------------------------------------------------------------    -------------------

Slack:                    inf
  Source:                 food_inst/fy_reg[1]_LDC/G
                            (positive level-sensitive latch)
  Destination:            vgaBlue[1]
                            (output port)
  Path Group:             (none)
  Path Type:              Max at Slow Process Corner
  Data Path Delay:        13.395ns  (logic 5.878ns (43.885%)  route 7.517ns (56.115%))
  Logic Levels:           8  (CARRY4=2 LDCE=1 LUT3=1 LUT5=2 LUT6=1 OBUF=1)

    Location             Delay type                Incr(ns)  Path(ns)    Netlist Resource(s)
  -------------------------------------------------------------------    -------------------
    SLICE_X14Y17         LDCE                         0.000     0.000 r  food_inst/fy_reg[1]_LDC/G
    SLICE_X14Y17         LDCE (EnToQ_ldce_G_Q)        0.833     0.833 r  food_inst/fy_reg[1]_LDC/Q
                         net (fo=7, routed)           1.355     2.188    food_inst/fy_reg[1]_LDC_n_0
    SLICE_X12Y14         LUT3 (Prop_lut3_I1_O)        0.124     2.312 f  food_inst/vgaRed_OBUF[3]_inst_i_114/O
                         net (fo=7, routed)           1.296     3.608    food_inst/fy[1]
    SLICE_X11Y16         LUT6 (Prop_lut6_I0_O)        0.124     3.732 r  food_inst/vgaRed_OBUF[3]_inst_i_54/O
                         net (fo=1, routed)           0.540     4.273    food_inst/vgaRed_OBUF[3]_inst_i_54_n_0
    SLICE_X11Y17         CARRY4 (Prop_carry4_DI[0]_CO[3])
                                                      0.526     4.799 r  food_inst/vgaRed_OBUF[3]_inst_i_20/CO[3]
                         net (fo=1, routed)           0.000     4.799    food_inst/vgaRed_OBUF[3]_inst_i_20_n_0
    SLICE_X11Y18         CARRY4 (Prop_carry4_CI_CO[0])
                                                      0.271     5.070 r  food_inst/vgaRed_OBUF[3]_inst_i_7/CO[0]
                         net (fo=1, routed)           1.210     6.280    food_inst/food_on2
    SLICE_X4Y19          LUT5 (Prop_lut5_I1_O)        0.373     6.653 r  food_inst/vgaRed_OBUF[3]_inst_i_3/O
                         net (fo=3, routed)           0.986     7.639    food_inst/food_on
    SLICE_X3Y22          LUT5 (Prop_lut5_I3_O)        0.124     7.763 r  food_inst/vgaBlue_OBUF[3]_inst_i_1/O
                         net (fo=4, routed)           2.129     9.892    vgaBlue_OBUF[0]
    L18                  OBUF (Prop_obuf_I_O)         3.503    13.395 r  vgaBlue_OBUF[1]_inst/O
                         net (fo=0)                   0.000    13.395    vgaBlue[1]
    L18                                                               r  vgaBlue[1] (OUT)
  -------------------------------------------------------------------    -------------------

Slack:                    inf
  Source:                 food_inst/fy_reg[1]_LDC/G
                            (positive level-sensitive latch)
  Destination:            vgaBlue[2]
                            (output port)
  Path Group:             (none)
  Path Type:              Max at Slow Process Corner
  Data Path Delay:        13.390ns  (logic 5.894ns (44.016%)  route 7.496ns (55.984%))
  Logic Levels:           8  (CARRY4=2 LDCE=1 LUT3=1 LUT5=2 LUT6=1 OBUF=1)

    Location             Delay type                Incr(ns)  Path(ns)    Netlist Resource(s)
  -------------------------------------------------------------------    -------------------
    SLICE_X14Y17         LDCE                         0.000     0.000 r  food_inst/fy_reg[1]_LDC/G
    SLICE_X14Y17         LDCE (EnToQ_ldce_G_Q)        0.833     0.833 r  food_inst/fy_reg[1]_LDC/Q
                         net (fo=7, routed)           1.355     2.188    food_inst/fy_reg[1]_LDC_n_0
    SLICE_X12Y14         LUT3 (Prop_lut3_I1_O)        0.124     2.312 f  food_inst/vgaRed_OBUF[3]_inst_i_114/O
                         net (fo=7, routed)           1.296     3.608    food_inst/fy[1]
    SLICE_X11Y16         LUT6 (Prop_lut6_I0_O)        0.124     3.732 r  food_inst/vgaRed_OBUF[3]_inst_i_54/O
                         net (fo=1, routed)           0.540     4.273    food_inst/vgaRed_OBUF[3]_inst_i_54_n_0
    SLICE_X11Y17         CARRY4 (Prop_carry4_DI[0]_CO[3])
                                                      0.526     4.799 r  food_inst/vgaRed_OBUF[3]_inst_i_20/CO[3]
                         net (fo=1, routed)           0.000     4.799    food_inst/vgaRed_OBUF[3]_inst_i_20_n_0
    SLICE_X11Y18         CARRY4 (Prop_carry4_CI_CO[0])
                                                      0.271     5.070 r  food_inst/vgaRed_OBUF[3]_inst_i_7/CO[0]
                         net (fo=1, routed)           1.210     6.280    food_inst/food_on2
    SLICE_X4Y19          LUT5 (Prop_lut5_I1_O)        0.373     6.653 r  food_inst/vgaRed_OBUF[3]_inst_i_3/O
                         net (fo=3, routed)           0.986     7.639    food_inst/food_on
    SLICE_X3Y22          LUT5 (Prop_lut5_I3_O)        0.124     7.763 r  food_inst/vgaBlue_OBUF[3]_inst_i_1/O
                         net (fo=4, routed)           2.108     9.871    vgaBlue_OBUF[0]
    K18                  OBUF (Prop_obuf_I_O)         3.519    13.390 r  vgaBlue_OBUF[2]_inst/O
                         net (fo=0)                   0.000    13.390    vgaBlue[2]
    K18                                                               r  vgaBlue[2] (OUT)
  -------------------------------------------------------------------    -------------------





Min Delay Paths
--------------------------------------------------------------------------------------
Slack:                    inf
  Source:                 btnC
                            (input port)
  Destination:            food_inst/fx_reg[7]_LDC/CLR
  Path Group:             (none)
  Path Type:              Min at Fast Process Corner
  Data Path Delay:        0.899ns  (logic 0.255ns (28.305%)  route 0.645ns (71.695%))
  Logic Levels:           2  (IBUF=1 LUT2=1)

    Location             Delay type                Incr(ns)  Path(ns)    Netlist Resource(s)
  -------------------------------------------------------------------    -------------------
    U18                                               0.000     0.000 f  btnC (IN)
                         net (fo=0)                   0.000     0.000    btnC
    U18                  IBUF (Prop_ibuf_I_O)         0.210     0.210 f  btnC_IBUF_inst/O
                         net (fo=455, routed)         0.512     0.721    food_inst/btnC_IBUF
    SLICE_X1Y19          LUT2 (Prop_lut2_I0_O)        0.045     0.766 f  food_inst/fx_reg[7]_LDC_i_2/O
                         net (fo=2, routed)           0.133     0.899    food_inst/fx_reg[7]_LDC_i_2_n_0
    SLICE_X0Y19          LDCE                                         f  food_inst/fx_reg[7]_LDC/CLR
  -------------------------------------------------------------------    -------------------

Slack:                    inf
  Source:                 btnC
                            (input port)
  Destination:            food_inst/fx_reg[0]_LDC/CLR
  Path Group:             (none)
  Path Type:              Min at Fast Process Corner
  Data Path Delay:        0.951ns  (logic 0.255ns (26.773%)  route 0.696ns (73.227%))
  Logic Levels:           2  (IBUF=1 LUT3=1)

    Location             Delay type                Incr(ns)  Path(ns)    Netlist Resource(s)
  -------------------------------------------------------------------    -------------------
    U18                                               0.000     0.000 f  btnC (IN)
                         net (fo=0)                   0.000     0.000    btnC
    U18                  IBUF (Prop_ibuf_I_O)         0.210     0.210 f  btnC_IBUF_inst/O
                         net (fo=455, routed)         0.568     0.777    food_inst/btnC_IBUF
    SLICE_X1Y17          LUT3 (Prop_lut3_I0_O)        0.045     0.822 f  food_inst/fx_reg[0]_LDC_i_2/O
                         net (fo=2, routed)           0.129     0.951    food_inst/fx_reg[0]_LDC_i_2_n_0
    SLICE_X1Y17          LDCE                                         f  food_inst/fx_reg[0]_LDC/CLR
  -------------------------------------------------------------------    -------------------

Slack:                    inf
  Source:                 btnC
                            (input port)
  Destination:            food_inst/fx_reg[8]_LDC/CLR
  Path Group:             (none)
  Path Type:              Min at Fast Process Corner
  Data Path Delay:        1.031ns  (logic 0.255ns (24.681%)  route 0.777ns (75.319%))
  Logic Levels:           2  (IBUF=1 LUT2=1)

    Location             Delay type                Incr(ns)  Path(ns)    Netlist Resource(s)
  -------------------------------------------------------------------    -------------------
    U18                                               0.000     0.000 f  btnC (IN)
                         net (fo=0)                   0.000     0.000    btnC
    U18                  IBUF (Prop_ibuf_I_O)         0.210     0.210 f  btnC_IBUF_inst/O
                         net (fo=455, routed)         0.653     0.862    food_inst/btnC_IBUF
    SLICE_X6Y20          LUT2 (Prop_lut2_I0_O)        0.045     0.907 f  food_inst/fx_reg[8]_LDC_i_2/O
                         net (fo=2, routed)           0.124     1.031    food_inst/fx_reg[8]_LDC_i_2_n_0
    SLICE_X7Y19          LDCE                                         f  food_inst/fx_reg[8]_LDC/CLR
  -------------------------------------------------------------------    -------------------

Slack:                    inf
  Source:                 btnC
                            (input port)
  Destination:            food_inst/fx_reg[5]_LDC/CLR
  Path Group:             (none)
  Path Type:              Min at Fast Process Corner
  Data Path Delay:        1.078ns  (logic 0.255ns (23.614%)  route 0.823ns (76.386%))
  Logic Levels:           2  (IBUF=1 LUT2=1)

    Location             Delay type                Incr(ns)  Path(ns)    Netlist Resource(s)
  -------------------------------------------------------------------    -------------------
    U18                                               0.000     0.000 f  btnC (IN)
                         net (fo=0)                   0.000     0.000    btnC
    U18                  IBUF (Prop_ibuf_I_O)         0.210     0.210 f  btnC_IBUF_inst/O
                         net (fo=455, routed)         0.606     0.815    food_inst/btnC_IBUF
    SLICE_X4Y19          LUT2 (Prop_lut2_I0_O)        0.045     0.860 f  food_inst/fx_reg[5]_LDC_i_2/O
                         net (fo=2, routed)           0.218     1.078    food_inst/fx_reg[5]_LDC_i_2_n_0
    SLICE_X4Y19          LDCE                                         f  food_inst/fx_reg[5]_LDC/CLR
  -------------------------------------------------------------------    -------------------

Slack:                    inf
  Source:                 btnC
                            (input port)
  Destination:            food_inst/fx_reg[2]_LDC/CLR
  Path Group:             (none)
  Path Type:              Min at Fast Process Corner
  Data Path Delay:        1.090ns  (logic 0.255ns (23.341%)  route 0.836ns (76.659%))
  Logic Levels:           2  (IBUF=1 LUT5=1)

    Location             Delay type                Incr(ns)  Path(ns)    Netlist Resource(s)
  -------------------------------------------------------------------    -------------------
    U18                                               0.000     0.000 f  btnC (IN)
                         net (fo=0)                   0.000     0.000    btnC
    U18                  IBUF (Prop_ibuf_I_O)         0.210     0.210 f  btnC_IBUF_inst/O
                         net (fo=455, routed)         0.653     0.863    food_inst/btnC_IBUF
    SLICE_X3Y19          LUT5 (Prop_lut5_I0_O)        0.045     0.908 f  food_inst/fx_reg[2]_LDC_i_2/O
                         net (fo=2, routed)           0.183     1.090    food_inst/fx_reg[2]_LDC_i_2_n_0
    SLICE_X3Y17          LDCE                                         f  food_inst/fx_reg[2]_LDC/CLR
  -------------------------------------------------------------------    -------------------

Slack:                    inf
  Source:                 btnC
                            (input port)
  Destination:            food_inst/fx_reg[9]_LDC/CLR
  Path Group:             (none)
  Path Type:              Min at Fast Process Corner
  Data Path Delay:        1.127ns  (logic 0.255ns (22.588%)  route 0.872ns (77.412%))
  Logic Levels:           2  (IBUF=1 LUT2=1)

    Location             Delay type                Incr(ns)  Path(ns)    Netlist Resource(s)
  -------------------------------------------------------------------    -------------------
    U18                                               0.000     0.000 f  btnC (IN)
                         net (fo=0)                   0.000     0.000    btnC
    U18                  IBUF (Prop_ibuf_I_O)         0.210     0.210 f  btnC_IBUF_inst/O
                         net (fo=455, routed)         0.688     0.898    food_inst/btnC_IBUF
    SLICE_X5Y20          LUT2 (Prop_lut2_I0_O)        0.045     0.943 f  food_inst/fx_reg[9]_LDC_i_2/O
                         net (fo=2, routed)           0.184     1.127    food_inst/fx_reg[9]_LDC_i_2_n_0
    SLICE_X5Y20          LDCE                                         f  food_inst/fx_reg[9]_LDC/CLR
  -------------------------------------------------------------------    -------------------

Slack:                    inf
  Source:                 btnC
                            (input port)
  Destination:            food_inst/color_sel_reg[0]_LDC/CLR
  Path Group:             (none)
  Path Type:              Min at Fast Process Corner
  Data Path Delay:        1.199ns  (logic 0.255ns (21.224%)  route 0.945ns (78.776%))
  Logic Levels:           2  (IBUF=1 LUT4=1)

    Location             Delay type                Incr(ns)  Path(ns)    Netlist Resource(s)
  -------------------------------------------------------------------    -------------------
    U18                                               0.000     0.000 f  btnC (IN)
                         net (fo=0)                   0.000     0.000    btnC
    U18                  IBUF (Prop_ibuf_I_O)         0.210     0.210 f  btnC_IBUF_inst/O
                         net (fo=455, routed)         0.832     1.041    food_inst/btnC_IBUF
    SLICE_X1Y22          LUT4 (Prop_lut4_I0_O)        0.045     1.086 f  food_inst/color_sel_reg[0]_LDC_i_2/O
                         net (fo=2, routed)           0.113     1.199    food_inst/color_sel_reg[0]_LDC_i_2_n_0
    SLICE_X2Y22          LDCE                                         f  food_inst/color_sel_reg[0]_LDC/CLR
  -------------------------------------------------------------------    -------------------

Slack:                    inf
  Source:                 btnC
                            (input port)
  Destination:            food_inst/fx_reg[4]_LDC/CLR
  Path Group:             (none)
  Path Type:              Min at Fast Process Corner
  Data Path Delay:        1.204ns  (logic 0.255ns (21.134%)  route 0.950ns (78.866%))
  Logic Levels:           2  (IBUF=1 LUT2=1)

    Location             Delay type                Incr(ns)  Path(ns)    Netlist Resource(s)
  -------------------------------------------------------------------    -------------------
    U18                                               0.000     0.000 f  btnC (IN)
                         net (fo=0)                   0.000     0.000    btnC
    U18                  IBUF (Prop_ibuf_I_O)         0.210     0.210 f  btnC_IBUF_inst/O
                         net (fo=455, routed)         0.823     1.032    food_inst/btnC_IBUF
    SLICE_X1Y16          LUT2 (Prop_lut2_I0_O)        0.045     1.077 f  food_inst/fx_reg[4]_LDC_i_2/O
                         net (fo=2, routed)           0.127     1.204    food_inst/fx_reg[4]_LDC_i_2_n_0
    SLICE_X1Y15          LDCE                                         f  food_inst/fx_reg[4]_LDC/CLR
  -------------------------------------------------------------------    -------------------

Slack:                    inf
  Source:                 btnC
                            (input port)
  Destination:            food_inst/color_sel_reg[1]_LDC/CLR
  Path Group:             (none)
  Path Type:              Min at Fast Process Corner
  Data Path Delay:        1.276ns  (logic 0.253ns (19.791%)  route 1.023ns (80.209%))
  Logic Levels:           2  (IBUF=1 LUT4=1)

    Location             Delay type                Incr(ns)  Path(ns)    Netlist Resource(s)
  -------------------------------------------------------------------    -------------------
    U18                                               0.000     0.000 f  btnC (IN)
                         net (fo=0)                   0.000     0.000    btnC
    U18                  IBUF (Prop_ibuf_I_O)         0.210     0.210 f  btnC_IBUF_inst/O
                         net (fo=455, routed)         0.832     1.041    food_inst/btnC_IBUF
    SLICE_X1Y22          LUT4 (Prop_lut4_I0_O)        0.043     1.084 f  food_inst/color_sel_reg[1]_LDC_i_2/O
                         net (fo=2, routed)           0.191     1.276    food_inst/color_sel_reg[1]_LDC_i_2_n_0
    SLICE_X1Y21          LDCE                                         f  food_inst/color_sel_reg[1]_LDC/CLR
  -------------------------------------------------------------------    -------------------

Slack:                    inf
  Source:                 btnC
                            (input port)
  Destination:            food_inst/fy_reg[7]_LDC/CLR
  Path Group:             (none)
  Path Type:              Min at Fast Process Corner
  Data Path Delay:        1.290ns  (logic 0.255ns (19.731%)  route 1.035ns (80.269%))
  Logic Levels:           2  (IBUF=1 LUT2=1)

    Location             Delay type                Incr(ns)  Path(ns)    Netlist Resource(s)
  -------------------------------------------------------------------    -------------------
    U18                                               0.000     0.000 f  btnC (IN)
                         net (fo=0)                   0.000     0.000    btnC
    U18                  IBUF (Prop_ibuf_I_O)         0.210     0.210 f  btnC_IBUF_inst/O
                         net (fo=455, routed)         0.907     1.116    food_inst/btnC_IBUF
    SLICE_X9Y19          LUT2 (Prop_lut2_I0_O)        0.045     1.161 f  food_inst/fy_reg[7]_LDC_i_2/O
                         net (fo=2, routed)           0.129     1.290    food_inst/fy_reg[7]_LDC_i_2_n_0
    SLICE_X8Y19          LDCE                                         f  food_inst/fy_reg[7]_LDC/CLR
  -------------------------------------------------------------------    -------------------





--------------------------------------------------------------------------------------
Path Group:  (none)
From Clock:  clk_out1_clocking_wizard_clk_wiz_0_0
  To Clock:  

Max Delay            35 Endpoints
Min Delay            35 Endpoints
--------------------------------------------------------------------------------------


Max Delay Paths
--------------------------------------------------------------------------------------
Slack:                    inf
  Source:                 square_inst/sq_y_reg[5]/C
                            (rising edge-triggered cell FDPE clocked by clk_out1_clocking_wizard_clk_wiz_0_0  {rise@0.000ns fall@19.863ns period=39.725ns})
  Destination:            vgaGreen[3]
                            (output port)
  Path Group:             (none)
  Path Type:              Max at Slow Process Corner
  Data Path Delay:        16.808ns  (logic 5.947ns (35.385%)  route 10.861ns (64.615%))
  Logic Levels:           10  (CARRY4=3 LUT3=1 LUT5=4 LUT6=1 OBUF=1)
  Clock Uncertainty:      0.409ns  ((TSJ^2 + DJ^2)^1/2) / 2 + PE
    Total System Jitter     (TSJ):    0.050ns
    Discrete Jitter          (DJ):    0.320ns
    Phase Error              (PE):    0.247ns

    Location             Delay type                Incr(ns)  Path(ns)    Netlist Resource(s)
  -------------------------------------------------------------------    -------------------
                         (clock clk_out1_clocking_wizard_clk_wiz_0_0 rise edge)
                                                      0.000     0.000 r  
    BUFGCTRL_X0Y0        BUFG                         0.000     0.000 r  clk_100MHz_IBUF_BUFG_inst/O
                         net (fo=424, routed)         1.575     1.575    clk_wiz_inst/clocking_wizard_i/clk_wiz_0/inst/clk_in1
    MMCME2_ADV_X1Y0      MMCME2_ADV (Prop_mmcme2_adv_CLKIN1_CLKOUT0)
                                                     -3.333    -1.757 r  clk_wiz_inst/clocking_wizard_i/clk_wiz_0/inst/mmcm_adv_inst/CLKOUT0
                         net (fo=1, routed)           1.661    -0.096    clk_wiz_inst/clocking_wizard_i/clk_wiz_0/inst/clk_out1_clocking_wizard_clk_wiz_0_0
    BUFGCTRL_X0Y1        BUFG (Prop_bufg_I_O)         0.096    -0.000 r  clk_wiz_inst/clocking_wizard_i/clk_wiz_0/inst/clkout1_buf/O
                         net (fo=139, routed)         1.635     1.635    square_inst/CLK
    SLICE_X7Y6           FDPE                                         r  square_inst/sq_y_reg[5]/C
  -------------------------------------------------------------------    -------------------
    SLICE_X7Y6           FDPE (Prop_fdpe_C_Q)         0.456     2.091 r  square_inst/sq_y_reg[5]/Q
                         net (fo=46, routed)          2.968     5.060    square_inst/Q[4]
    SLICE_X12Y13         LUT5 (Prop_lut5_I0_O)        0.124     5.184 f  square_inst/overlap_d_i_182/O
                         net (fo=5, routed)           0.981     6.165    square_inst/sq_y_reg[5]_0
    SLICE_X11Y12         LUT3 (Prop_lut3_I2_O)        0.152     6.317 r  square_inst/vgaRed_OBUF[3]_inst_i_182/O
                         net (fo=2, routed)           0.170     6.487    square_inst/vgaRed_OBUF[3]_inst_i_182_n_0
    SLICE_X11Y12         LUT6 (Prop_lut6_I1_O)        0.326     6.813 r  square_inst/vgaRed_OBUF[3]_inst_i_159/O
                         net (fo=1, routed)           0.544     7.357    square_inst/vgaRed_OBUF[3]_inst_i_159_n_0
    SLICE_X10Y12         CARRY4 (Prop_carry4_DI[0]_CO[3])
                                                      0.550     7.907 r  square_inst/vgaRed_OBUF[3]_inst_i_136/CO[3]
                         net (fo=1, routed)           0.000     7.907    square_inst/vgaRed_OBUF[3]_inst_i_136_n_0
    SLICE_X10Y13         CARRY4 (Prop_carry4_CI_CO[3])
                                                      0.117     8.024 r  square_inst/vgaRed_OBUF[3]_inst_i_91/CO[3]
                         net (fo=1, routed)           0.000     8.024    square_inst/vgaRed_OBUF[3]_inst_i_91_n_0
    SLICE_X10Y14         CARRY4 (Prop_carry4_CI_CO[3])
                                                      0.117     8.141 r  square_inst/vgaRed_OBUF[3]_inst_i_39/CO[3]
                         net (fo=1, routed)           1.090     9.231    square_inst/v_on1
    SLICE_X7Y13          LUT5 (Prop_lut5_I1_O)        0.124     9.355 f  square_inst/vgaRed_OBUF[3]_inst_i_14/O
                         net (fo=1, routed)           0.807    10.162    square_inst/vgaRed_OBUF[3]_inst_i_14_n_0
    SLICE_X7Y13          LUT5 (Prop_lut5_I3_O)        0.124    10.286 r  square_inst/vgaRed_OBUF[3]_inst_i_5/O
                         net (fo=3, routed)           1.098    11.384    food_inst/sq_on
    SLICE_X3Y22          LUT5 (Prop_lut5_I0_O)        0.119    11.503 r  food_inst/vgaGreen_OBUF[3]_inst_i_1/O
                         net (fo=4, routed)           3.202    14.705    vgaGreen_OBUF[0]
    D17                  OBUF (Prop_obuf_I_O)         3.738    18.444 r  vgaGreen_OBUF[3]_inst/O
                         net (fo=0)                   0.000    18.444    vgaGreen[3]
    D17                                                               r  vgaGreen[3] (OUT)
  -------------------------------------------------------------------    -------------------

Slack:                    inf
  Source:                 square_inst/sq_y_reg[5]/C
                            (rising edge-triggered cell FDPE clocked by clk_out1_clocking_wizard_clk_wiz_0_0  {rise@0.000ns fall@19.863ns period=39.725ns})
  Destination:            vgaGreen[1]
                            (output port)
  Path Group:             (none)
  Path Type:              Max at Slow Process Corner
  Data Path Delay:        16.305ns  (logic 5.922ns (36.324%)  route 10.382ns (63.676%))
  Logic Levels:           10  (CARRY4=3 LUT3=1 LUT5=4 LUT6=1 OBUF=1)
  Clock Uncertainty:      0.409ns  ((TSJ^2 + DJ^2)^1/2) / 2 + PE
    Total System Jitter     (TSJ):    0.050ns
    Discrete Jitter          (DJ):    0.320ns
    Phase Error              (PE):    0.247ns

    Location             Delay type                Incr(ns)  Path(ns)    Netlist Resource(s)
  -------------------------------------------------------------------    -------------------
                         (clock clk_out1_clocking_wizard_clk_wiz_0_0 rise edge)
                                                      0.000     0.000 r  
    BUFGCTRL_X0Y0        BUFG                         0.000     0.000 r  clk_100MHz_IBUF_BUFG_inst/O
                         net (fo=424, routed)         1.575     1.575    clk_wiz_inst/clocking_wizard_i/clk_wiz_0/inst/clk_in1
    MMCME2_ADV_X1Y0      MMCME2_ADV (Prop_mmcme2_adv_CLKIN1_CLKOUT0)
                                                     -3.333    -1.757 r  clk_wiz_inst/clocking_wizard_i/clk_wiz_0/inst/mmcm_adv_inst/CLKOUT0
                         net (fo=1, routed)           1.661    -0.096    clk_wiz_inst/clocking_wizard_i/clk_wiz_0/inst/clk_out1_clocking_wizard_clk_wiz_0_0
    BUFGCTRL_X0Y1        BUFG (Prop_bufg_I_O)         0.096    -0.000 r  clk_wiz_inst/clocking_wizard_i/clk_wiz_0/inst/clkout1_buf/O
                         net (fo=139, routed)         1.635     1.635    square_inst/CLK
    SLICE_X7Y6           FDPE                                         r  square_inst/sq_y_reg[5]/C
  -------------------------------------------------------------------    -------------------
    SLICE_X7Y6           FDPE (Prop_fdpe_C_Q)         0.456     2.091 r  square_inst/sq_y_reg[5]/Q
                         net (fo=46, routed)          2.968     5.060    square_inst/Q[4]
    SLICE_X12Y13         LUT5 (Prop_lut5_I0_O)        0.124     5.184 f  square_inst/overlap_d_i_182/O
                         net (fo=5, routed)           0.981     6.165    square_inst/sq_y_reg[5]_0
    SLICE_X11Y12         LUT3 (Prop_lut3_I2_O)        0.152     6.317 r  square_inst/vgaRed_OBUF[3]_inst_i_182/O
                         net (fo=2, routed)           0.170     6.487    square_inst/vgaRed_OBUF[3]_inst_i_182_n_0
    SLICE_X11Y12         LUT6 (Prop_lut6_I1_O)        0.326     6.813 r  square_inst/vgaRed_OBUF[3]_inst_i_159/O
                         net (fo=1, routed)           0.544     7.357    square_inst/vgaRed_OBUF[3]_inst_i_159_n_0
    SLICE_X10Y12         CARRY4 (Prop_carry4_DI[0]_CO[3])
                                                      0.550     7.907 r  square_inst/vgaRed_OBUF[3]_inst_i_136/CO[3]
                         net (fo=1, routed)           0.000     7.907    square_inst/vgaRed_OBUF[3]_inst_i_136_n_0
    SLICE_X10Y13         CARRY4 (Prop_carry4_CI_CO[3])
                                                      0.117     8.024 r  square_inst/vgaRed_OBUF[3]_inst_i_91/CO[3]
                         net (fo=1, routed)           0.000     8.024    square_inst/vgaRed_OBUF[3]_inst_i_91_n_0
    SLICE_X10Y14         CARRY4 (Prop_carry4_CI_CO[3])
                                                      0.117     8.141 r  square_inst/vgaRed_OBUF[3]_inst_i_39/CO[3]
                         net (fo=1, routed)           1.090     9.231    square_inst/v_on1
    SLICE_X7Y13          LUT5 (Prop_lut5_I1_O)        0.124     9.355 f  square_inst/vgaRed_OBUF[3]_inst_i_14/O
                         net (fo=1, routed)           0.807    10.162    square_inst/vgaRed_OBUF[3]_inst_i_14_n_0
    SLICE_X7Y13          LUT5 (Prop_lut5_I3_O)        0.124    10.286 r  square_inst/vgaRed_OBUF[3]_inst_i_5/O
                         net (fo=3, routed)           1.098    11.384    food_inst/sq_on
    SLICE_X3Y22          LUT5 (Prop_lut5_I0_O)        0.119    11.503 r  food_inst/vgaGreen_OBUF[3]_inst_i_1/O
                         net (fo=4, routed)           2.724    14.227    vgaGreen_OBUF[0]
    H17                  OBUF (Prop_obuf_I_O)         3.713    17.940 r  vgaGreen_OBUF[1]_inst/O
                         net (fo=0)                   0.000    17.940    vgaGreen[1]
    H17                                                               r  vgaGreen[1] (OUT)
  -------------------------------------------------------------------    -------------------

Slack:                    inf
  Source:                 square_inst/sq_y_reg[5]/C
                            (rising edge-triggered cell FDPE clocked by clk_out1_clocking_wizard_clk_wiz_0_0  {rise@0.000ns fall@19.863ns period=39.725ns})
  Destination:            vgaRed[1]
                            (output port)
  Path Group:             (none)
  Path Type:              Max at Slow Process Corner
  Data Path Delay:        16.183ns  (logic 5.733ns (35.427%)  route 10.450ns (64.573%))
  Logic Levels:           10  (CARRY4=3 LUT3=1 LUT4=1 LUT5=3 LUT6=1 OBUF=1)
  Clock Uncertainty:      0.409ns  ((TSJ^2 + DJ^2)^1/2) / 2 + PE
    Total System Jitter     (TSJ):    0.050ns
    Discrete Jitter          (DJ):    0.320ns
    Phase Error              (PE):    0.247ns

    Location             Delay type                Incr(ns)  Path(ns)    Netlist Resource(s)
  -------------------------------------------------------------------    -------------------
                         (clock clk_out1_clocking_wizard_clk_wiz_0_0 rise edge)
                                                      0.000     0.000 r  
    BUFGCTRL_X0Y0        BUFG                         0.000     0.000 r  clk_100MHz_IBUF_BUFG_inst/O
                         net (fo=424, routed)         1.575     1.575    clk_wiz_inst/clocking_wizard_i/clk_wiz_0/inst/clk_in1
    MMCME2_ADV_X1Y0      MMCME2_ADV (Prop_mmcme2_adv_CLKIN1_CLKOUT0)
                                                     -3.333    -1.757 r  clk_wiz_inst/clocking_wizard_i/clk_wiz_0/inst/mmcm_adv_inst/CLKOUT0
                         net (fo=1, routed)           1.661    -0.096    clk_wiz_inst/clocking_wizard_i/clk_wiz_0/inst/clk_out1_clocking_wizard_clk_wiz_0_0
    BUFGCTRL_X0Y1        BUFG (Prop_bufg_I_O)         0.096    -0.000 r  clk_wiz_inst/clocking_wizard_i/clk_wiz_0/inst/clkout1_buf/O
                         net (fo=139, routed)         1.635     1.635    square_inst/CLK
    SLICE_X7Y6           FDPE                                         r  square_inst/sq_y_reg[5]/C
  -------------------------------------------------------------------    -------------------
    SLICE_X7Y6           FDPE (Prop_fdpe_C_Q)         0.456     2.091 r  square_inst/sq_y_reg[5]/Q
                         net (fo=46, routed)          2.968     5.060    square_inst/Q[4]
    SLICE_X12Y13         LUT5 (Prop_lut5_I0_O)        0.124     5.184 f  square_inst/overlap_d_i_182/O
                         net (fo=5, routed)           0.981     6.165    square_inst/sq_y_reg[5]_0
    SLICE_X11Y12         LUT3 (Prop_lut3_I2_O)        0.152     6.317 r  square_inst/vgaRed_OBUF[3]_inst_i_182/O
                         net (fo=2, routed)           0.170     6.487    square_inst/vgaRed_OBUF[3]_inst_i_182_n_0
    SLICE_X11Y12         LUT6 (Prop_lut6_I1_O)        0.326     6.813 r  square_inst/vgaRed_OBUF[3]_inst_i_159/O
                         net (fo=1, routed)           0.544     7.357    square_inst/vgaRed_OBUF[3]_inst_i_159_n_0
    SLICE_X10Y12         CARRY4 (Prop_carry4_DI[0]_CO[3])
                                                      0.550     7.907 r  square_inst/vgaRed_OBUF[3]_inst_i_136/CO[3]
                         net (fo=1, routed)           0.000     7.907    square_inst/vgaRed_OBUF[3]_inst_i_136_n_0
    SLICE_X10Y13         CARRY4 (Prop_carry4_CI_CO[3])
                                                      0.117     8.024 r  square_inst/vgaRed_OBUF[3]_inst_i_91/CO[3]
                         net (fo=1, routed)           0.000     8.024    square_inst/vgaRed_OBUF[3]_inst_i_91_n_0
    SLICE_X10Y14         CARRY4 (Prop_carry4_CI_CO[3])
                                                      0.117     8.141 f  square_inst/vgaRed_OBUF[3]_inst_i_39/CO[3]
                         net (fo=1, routed)           1.090     9.231    square_inst/v_on1
    SLICE_X7Y13          LUT5 (Prop_lut5_I1_O)        0.124     9.355 r  square_inst/vgaRed_OBUF[3]_inst_i_14/O
                         net (fo=1, routed)           0.807    10.162    square_inst/vgaRed_OBUF[3]_inst_i_14_n_0
    SLICE_X7Y13          LUT5 (Prop_lut5_I3_O)        0.124    10.286 f  square_inst/vgaRed_OBUF[3]_inst_i_5/O
                         net (fo=3, routed)           1.301    11.587    food_inst/sq_on
    SLICE_X3Y22          LUT4 (Prop_lut4_I3_O)        0.124    11.711 r  food_inst/vgaRed_OBUF[3]_inst_i_1/O
                         net (fo=4, routed)           2.588    14.300    vgaRed_OBUF[0]
    H19                  OBUF (Prop_obuf_I_O)         3.519    17.819 r  vgaRed_OBUF[1]_inst/O
                         net (fo=0)                   0.000    17.819    vgaRed[1]
    H19                                                               r  vgaRed[1] (OUT)
  -------------------------------------------------------------------    -------------------

Slack:                    inf
  Source:                 square_inst/sq_y_reg[5]/C
                            (rising edge-triggered cell FDPE clocked by clk_out1_clocking_wizard_clk_wiz_0_0  {rise@0.000ns fall@19.863ns period=39.725ns})
  Destination:            vgaGreen[2]
                            (output port)
  Path Group:             (none)
  Path Type:              Max at Slow Process Corner
  Data Path Delay:        16.177ns  (logic 5.946ns (36.756%)  route 10.231ns (63.244%))
  Logic Levels:           10  (CARRY4=3 LUT3=1 LUT5=4 LUT6=1 OBUF=1)
  Clock Uncertainty:      0.409ns  ((TSJ^2 + DJ^2)^1/2) / 2 + PE
    Total System Jitter     (TSJ):    0.050ns
    Discrete Jitter          (DJ):    0.320ns
    Phase Error              (PE):    0.247ns

    Location             Delay type                Incr(ns)  Path(ns)    Netlist Resource(s)
  -------------------------------------------------------------------    -------------------
                         (clock clk_out1_clocking_wizard_clk_wiz_0_0 rise edge)
                                                      0.000     0.000 r  
    BUFGCTRL_X0Y0        BUFG                         0.000     0.000 r  clk_100MHz_IBUF_BUFG_inst/O
                         net (fo=424, routed)         1.575     1.575    clk_wiz_inst/clocking_wizard_i/clk_wiz_0/inst/clk_in1
    MMCME2_ADV_X1Y0      MMCME2_ADV (Prop_mmcme2_adv_CLKIN1_CLKOUT0)
                                                     -3.333    -1.757 r  clk_wiz_inst/clocking_wizard_i/clk_wiz_0/inst/mmcm_adv_inst/CLKOUT0
                         net (fo=1, routed)           1.661    -0.096    clk_wiz_inst/clocking_wizard_i/clk_wiz_0/inst/clk_out1_clocking_wizard_clk_wiz_0_0
    BUFGCTRL_X0Y1        BUFG (Prop_bufg_I_O)         0.096    -0.000 r  clk_wiz_inst/clocking_wizard_i/clk_wiz_0/inst/clkout1_buf/O
                         net (fo=139, routed)         1.635     1.635    square_inst/CLK
    SLICE_X7Y6           FDPE                                         r  square_inst/sq_y_reg[5]/C
  -------------------------------------------------------------------    -------------------
    SLICE_X7Y6           FDPE (Prop_fdpe_C_Q)         0.456     2.091 r  square_inst/sq_y_reg[5]/Q
                         net (fo=46, routed)          2.968     5.060    square_inst/Q[4]
    SLICE_X12Y13         LUT5 (Prop_lut5_I0_O)        0.124     5.184 f  square_inst/overlap_d_i_182/O
                         net (fo=5, routed)           0.981     6.165    square_inst/sq_y_reg[5]_0
    SLICE_X11Y12         LUT3 (Prop_lut3_I2_O)        0.152     6.317 r  square_inst/vgaRed_OBUF[3]_inst_i_182/O
                         net (fo=2, routed)           0.170     6.487    square_inst/vgaRed_OBUF[3]_inst_i_182_n_0
    SLICE_X11Y12         LUT6 (Prop_lut6_I1_O)        0.326     6.813 r  square_inst/vgaRed_OBUF[3]_inst_i_159/O
                         net (fo=1, routed)           0.544     7.357    square_inst/vgaRed_OBUF[3]_inst_i_159_n_0
    SLICE_X10Y12         CARRY4 (Prop_carry4_DI[0]_CO[3])
                                                      0.550     7.907 r  square_inst/vgaRed_OBUF[3]_inst_i_136/CO[3]
                         net (fo=1, routed)           0.000     7.907    square_inst/vgaRed_OBUF[3]_inst_i_136_n_0
    SLICE_X10Y13         CARRY4 (Prop_carry4_CI_CO[3])
                                                      0.117     8.024 r  square_inst/vgaRed_OBUF[3]_inst_i_91/CO[3]
                         net (fo=1, routed)           0.000     8.024    square_inst/vgaRed_OBUF[3]_inst_i_91_n_0
    SLICE_X10Y14         CARRY4 (Prop_carry4_CI_CO[3])
                                                      0.117     8.141 r  square_inst/vgaRed_OBUF[3]_inst_i_39/CO[3]
                         net (fo=1, routed)           1.090     9.231    square_inst/v_on1
    SLICE_X7Y13          LUT5 (Prop_lut5_I1_O)        0.124     9.355 f  square_inst/vgaRed_OBUF[3]_inst_i_14/O
                         net (fo=1, routed)           0.807    10.162    square_inst/vgaRed_OBUF[3]_inst_i_14_n_0
    SLICE_X7Y13          LUT5 (Prop_lut5_I3_O)        0.124    10.286 r  square_inst/vgaRed_OBUF[3]_inst_i_5/O
                         net (fo=3, routed)           1.098    11.384    food_inst/sq_on
    SLICE_X3Y22          LUT5 (Prop_lut5_I0_O)        0.119    11.503 r  food_inst/vgaGreen_OBUF[3]_inst_i_1/O
                         net (fo=4, routed)           2.573    14.076    vgaGreen_OBUF[0]
    G17                  OBUF (Prop_obuf_I_O)         3.737    17.813 r  vgaGreen_OBUF[2]_inst/O
                         net (fo=0)                   0.000    17.813    vgaGreen[2]
    G17                                                               r  vgaGreen[2] (OUT)
  -------------------------------------------------------------------    -------------------

Slack:                    inf
  Source:                 square_inst/sq_y_reg[5]/C
                            (rising edge-triggered cell FDPE clocked by clk_out1_clocking_wizard_clk_wiz_0_0  {rise@0.000ns fall@19.863ns period=39.725ns})
  Destination:            vgaRed[0]
                            (output port)
  Path Group:             (none)
  Path Type:              Max at Slow Process Corner
  Data Path Delay:        16.139ns  (logic 5.738ns (35.551%)  route 10.402ns (64.449%))
  Logic Levels:           10  (CARRY4=3 LUT3=1 LUT4=1 LUT5=3 LUT6=1 OBUF=1)
  Clock Uncertainty:      0.409ns  ((TSJ^2 + DJ^2)^1/2) / 2 + PE
    Total System Jitter     (TSJ):    0.050ns
    Discrete Jitter          (DJ):    0.320ns
    Phase Error              (PE):    0.247ns

    Location             Delay type                Incr(ns)  Path(ns)    Netlist Resource(s)
  -------------------------------------------------------------------    -------------------
                         (clock clk_out1_clocking_wizard_clk_wiz_0_0 rise edge)
                                                      0.000     0.000 r  
    BUFGCTRL_X0Y0        BUFG                         0.000     0.000 r  clk_100MHz_IBUF_BUFG_inst/O
                         net (fo=424, routed)         1.575     1.575    clk_wiz_inst/clocking_wizard_i/clk_wiz_0/inst/clk_in1
    MMCME2_ADV_X1Y0      MMCME2_ADV (Prop_mmcme2_adv_CLKIN1_CLKOUT0)
                                                     -3.333    -1.757 r  clk_wiz_inst/clocking_wizard_i/clk_wiz_0/inst/mmcm_adv_inst/CLKOUT0
                         net (fo=1, routed)           1.661    -0.096    clk_wiz_inst/clocking_wizard_i/clk_wiz_0/inst/clk_out1_clocking_wizard_clk_wiz_0_0
    BUFGCTRL_X0Y1        BUFG (Prop_bufg_I_O)         0.096    -0.000 r  clk_wiz_inst/clocking_wizard_i/clk_wiz_0/inst/clkout1_buf/O
                         net (fo=139, routed)         1.635     1.635    square_inst/CLK
    SLICE_X7Y6           FDPE                                         r  square_inst/sq_y_reg[5]/C
  -------------------------------------------------------------------    -------------------
    SLICE_X7Y6           FDPE (Prop_fdpe_C_Q)         0.456     2.091 r  square_inst/sq_y_reg[5]/Q
                         net (fo=46, routed)          2.968     5.060    square_inst/Q[4]
    SLICE_X12Y13         LUT5 (Prop_lut5_I0_O)        0.124     5.184 f  square_inst/overlap_d_i_182/O
                         net (fo=5, routed)           0.981     6.165    square_inst/sq_y_reg[5]_0
    SLICE_X11Y12         LUT3 (Prop_lut3_I2_O)        0.152     6.317 r  square_inst/vgaRed_OBUF[3]_inst_i_182/O
                         net (fo=2, routed)           0.170     6.487    square_inst/vgaRed_OBUF[3]_inst_i_182_n_0
    SLICE_X11Y12         LUT6 (Prop_lut6_I1_O)        0.326     6.813 r  square_inst/vgaRed_OBUF[3]_inst_i_159/O
                         net (fo=1, routed)           0.544     7.357    square_inst/vgaRed_OBUF[3]_inst_i_159_n_0
    SLICE_X10Y12         CARRY4 (Prop_carry4_DI[0]_CO[3])
                                                      0.550     7.907 r  square_inst/vgaRed_OBUF[3]_inst_i_136/CO[3]
                         net (fo=1, routed)           0.000     7.907    square_inst/vgaRed_OBUF[3]_inst_i_136_n_0
    SLICE_X10Y13         CARRY4 (Prop_carry4_CI_CO[3])
                                                      0.117     8.024 r  square_inst/vgaRed_OBUF[3]_inst_i_91/CO[3]
                         net (fo=1, routed)           0.000     8.024    square_inst/vgaRed_OBUF[3]_inst_i_91_n_0
    SLICE_X10Y14         CARRY4 (Prop_carry4_CI_CO[3])
                                                      0.117     8.141 f  square_inst/vgaRed_OBUF[3]_inst_i_39/CO[3]
                         net (fo=1, routed)           1.090     9.231    square_inst/v_on1
    SLICE_X7Y13          LUT5 (Prop_lut5_I1_O)        0.124     9.355 r  square_inst/vgaRed_OBUF[3]_inst_i_14/O
                         net (fo=1, routed)           0.807    10.162    square_inst/vgaRed_OBUF[3]_inst_i_14_n_0
    SLICE_X7Y13          LUT5 (Prop_lut5_I3_O)        0.124    10.286 f  square_inst/vgaRed_OBUF[3]_inst_i_5/O
                         net (fo=3, routed)           1.301    11.587    food_inst/sq_on
    SLICE_X3Y22          LUT4 (Prop_lut4_I3_O)        0.124    11.711 r  food_inst/vgaRed_OBUF[3]_inst_i_1/O
                         net (fo=4, routed)           2.540    14.251    vgaRed_OBUF[0]
    G19                  OBUF (Prop_obuf_I_O)         3.524    17.775 r  vgaRed_OBUF[0]_inst/O
                         net (fo=0)                   0.000    17.775    vgaRed[0]
    G19                                                               r  vgaRed[0] (OUT)
  -------------------------------------------------------------------    -------------------

Slack:                    inf
  Source:                 square_inst/sq_y_reg[5]/C
                            (rising edge-triggered cell FDPE clocked by clk_out1_clocking_wizard_clk_wiz_0_0  {rise@0.000ns fall@19.863ns period=39.725ns})
  Destination:            vgaRed[2]
                            (output port)
  Path Group:             (none)
  Path Type:              Max at Slow Process Corner
  Data Path Delay:        15.969ns  (logic 5.738ns (35.931%)  route 10.231ns (64.069%))
  Logic Levels:           10  (CARRY4=3 LUT3=1 LUT4=1 LUT5=3 LUT6=1 OBUF=1)
  Clock Uncertainty:      0.409ns  ((TSJ^2 + DJ^2)^1/2) / 2 + PE
    Total System Jitter     (TSJ):    0.050ns
    Discrete Jitter          (DJ):    0.320ns
    Phase Error              (PE):    0.247ns

    Location             Delay type                Incr(ns)  Path(ns)    Netlist Resource(s)
  -------------------------------------------------------------------    -------------------
                         (clock clk_out1_clocking_wizard_clk_wiz_0_0 rise edge)
                                                      0.000     0.000 r  
    BUFGCTRL_X0Y0        BUFG                         0.000     0.000 r  clk_100MHz_IBUF_BUFG_inst/O
                         net (fo=424, routed)         1.575     1.575    clk_wiz_inst/clocking_wizard_i/clk_wiz_0/inst/clk_in1
    MMCME2_ADV_X1Y0      MMCME2_ADV (Prop_mmcme2_adv_CLKIN1_CLKOUT0)
                                                     -3.333    -1.757 r  clk_wiz_inst/clocking_wizard_i/clk_wiz_0/inst/mmcm_adv_inst/CLKOUT0
                         net (fo=1, routed)           1.661    -0.096    clk_wiz_inst/clocking_wizard_i/clk_wiz_0/inst/clk_out1_clocking_wizard_clk_wiz_0_0
    BUFGCTRL_X0Y1        BUFG (Prop_bufg_I_O)         0.096    -0.000 r  clk_wiz_inst/clocking_wizard_i/clk_wiz_0/inst/clkout1_buf/O
                         net (fo=139, routed)         1.635     1.635    square_inst/CLK
    SLICE_X7Y6           FDPE                                         r  square_inst/sq_y_reg[5]/C
  -------------------------------------------------------------------    -------------------
    SLICE_X7Y6           FDPE (Prop_fdpe_C_Q)         0.456     2.091 r  square_inst/sq_y_reg[5]/Q
                         net (fo=46, routed)          2.968     5.060    square_inst/Q[4]
    SLICE_X12Y13         LUT5 (Prop_lut5_I0_O)        0.124     5.184 f  square_inst/overlap_d_i_182/O
                         net (fo=5, routed)           0.981     6.165    square_inst/sq_y_reg[5]_0
    SLICE_X11Y12         LUT3 (Prop_lut3_I2_O)        0.152     6.317 r  square_inst/vgaRed_OBUF[3]_inst_i_182/O
                         net (fo=2, routed)           0.170     6.487    square_inst/vgaRed_OBUF[3]_inst_i_182_n_0
    SLICE_X11Y12         LUT6 (Prop_lut6_I1_O)        0.326     6.813 r  square_inst/vgaRed_OBUF[3]_inst_i_159/O
                         net (fo=1, routed)           0.544     7.357    square_inst/vgaRed_OBUF[3]_inst_i_159_n_0
    SLICE_X10Y12         CARRY4 (Prop_carry4_DI[0]_CO[3])
                                                      0.550     7.907 r  square_inst/vgaRed_OBUF[3]_inst_i_136/CO[3]
                         net (fo=1, routed)           0.000     7.907    square_inst/vgaRed_OBUF[3]_inst_i_136_n_0
    SLICE_X10Y13         CARRY4 (Prop_carry4_CI_CO[3])
                                                      0.117     8.024 r  square_inst/vgaRed_OBUF[3]_inst_i_91/CO[3]
                         net (fo=1, routed)           0.000     8.024    square_inst/vgaRed_OBUF[3]_inst_i_91_n_0
    SLICE_X10Y14         CARRY4 (Prop_carry4_CI_CO[3])
                                                      0.117     8.141 f  square_inst/vgaRed_OBUF[3]_inst_i_39/CO[3]
                         net (fo=1, routed)           1.090     9.231    square_inst/v_on1
    SLICE_X7Y13          LUT5 (Prop_lut5_I1_O)        0.124     9.355 r  square_inst/vgaRed_OBUF[3]_inst_i_14/O
                         net (fo=1, routed)           0.807    10.162    square_inst/vgaRed_OBUF[3]_inst_i_14_n_0
    SLICE_X7Y13          LUT5 (Prop_lut5_I3_O)        0.124    10.286 f  square_inst/vgaRed_OBUF[3]_inst_i_5/O
                         net (fo=3, routed)           1.301    11.587    food_inst/sq_on
    SLICE_X3Y22          LUT4 (Prop_lut4_I3_O)        0.124    11.711 r  food_inst/vgaRed_OBUF[3]_inst_i_1/O
                         net (fo=4, routed)           2.369    14.081    vgaRed_OBUF[0]
    J19                  OBUF (Prop_obuf_I_O)         3.524    17.605 r  vgaRed_OBUF[2]_inst/O
                         net (fo=0)                   0.000    17.605    vgaRed[2]
    J19                                                               r  vgaRed[2] (OUT)
  -------------------------------------------------------------------    -------------------

Slack:                    inf
  Source:                 square_inst/sq_y_reg[5]/C
                            (rising edge-triggered cell FDPE clocked by clk_out1_clocking_wizard_clk_wiz_0_0  {rise@0.000ns fall@19.863ns period=39.725ns})
  Destination:            vgaGreen[0]
                            (output port)
  Path Group:             (none)
  Path Type:              Max at Slow Process Corner
  Data Path Delay:        15.876ns  (logic 5.938ns (37.401%)  route 9.938ns (62.599%))
  Logic Levels:           10  (CARRY4=3 LUT3=1 LUT5=4 LUT6=1 OBUF=1)
  Clock Uncertainty:      0.409ns  ((TSJ^2 + DJ^2)^1/2) / 2 + PE
    Total System Jitter     (TSJ):    0.050ns
    Discrete Jitter          (DJ):    0.320ns
    Phase Error              (PE):    0.247ns

    Location             Delay type                Incr(ns)  Path(ns)    Netlist Resource(s)
  -------------------------------------------------------------------    -------------------
                         (clock clk_out1_clocking_wizard_clk_wiz_0_0 rise edge)
                                                      0.000     0.000 r  
    BUFGCTRL_X0Y0        BUFG                         0.000     0.000 r  clk_100MHz_IBUF_BUFG_inst/O
                         net (fo=424, routed)         1.575     1.575    clk_wiz_inst/clocking_wizard_i/clk_wiz_0/inst/clk_in1
    MMCME2_ADV_X1Y0      MMCME2_ADV (Prop_mmcme2_adv_CLKIN1_CLKOUT0)
                                                     -3.333    -1.757 r  clk_wiz_inst/clocking_wizard_i/clk_wiz_0/inst/mmcm_adv_inst/CLKOUT0
                         net (fo=1, routed)           1.661    -0.096    clk_wiz_inst/clocking_wizard_i/clk_wiz_0/inst/clk_out1_clocking_wizard_clk_wiz_0_0
    BUFGCTRL_X0Y1        BUFG (Prop_bufg_I_O)         0.096    -0.000 r  clk_wiz_inst/clocking_wizard_i/clk_wiz_0/inst/clkout1_buf/O
                         net (fo=139, routed)         1.635     1.635    square_inst/CLK
    SLICE_X7Y6           FDPE                                         r  square_inst/sq_y_reg[5]/C
  -------------------------------------------------------------------    -------------------
    SLICE_X7Y6           FDPE (Prop_fdpe_C_Q)         0.456     2.091 r  square_inst/sq_y_reg[5]/Q
                         net (fo=46, routed)          2.968     5.060    square_inst/Q[4]
    SLICE_X12Y13         LUT5 (Prop_lut5_I0_O)        0.124     5.184 f  square_inst/overlap_d_i_182/O
                         net (fo=5, routed)           0.981     6.165    square_inst/sq_y_reg[5]_0
    SLICE_X11Y12         LUT3 (Prop_lut3_I2_O)        0.152     6.317 r  square_inst/vgaRed_OBUF[3]_inst_i_182/O
                         net (fo=2, routed)           0.170     6.487    square_inst/vgaRed_OBUF[3]_inst_i_182_n_0
    SLICE_X11Y12         LUT6 (Prop_lut6_I1_O)        0.326     6.813 r  square_inst/vgaRed_OBUF[3]_inst_i_159/O
                         net (fo=1, routed)           0.544     7.357    square_inst/vgaRed_OBUF[3]_inst_i_159_n_0
    SLICE_X10Y12         CARRY4 (Prop_carry4_DI[0]_CO[3])
                                                      0.550     7.907 r  square_inst/vgaRed_OBUF[3]_inst_i_136/CO[3]
                         net (fo=1, routed)           0.000     7.907    square_inst/vgaRed_OBUF[3]_inst_i_136_n_0
    SLICE_X10Y13         CARRY4 (Prop_carry4_CI_CO[3])
                                                      0.117     8.024 r  square_inst/vgaRed_OBUF[3]_inst_i_91/CO[3]
                         net (fo=1, routed)           0.000     8.024    square_inst/vgaRed_OBUF[3]_inst_i_91_n_0
    SLICE_X10Y14         CARRY4 (Prop_carry4_CI_CO[3])
                                                      0.117     8.141 r  square_inst/vgaRed_OBUF[3]_inst_i_39/CO[3]
                         net (fo=1, routed)           1.090     9.231    square_inst/v_on1
    SLICE_X7Y13          LUT5 (Prop_lut5_I1_O)        0.124     9.355 f  square_inst/vgaRed_OBUF[3]_inst_i_14/O
                         net (fo=1, routed)           0.807    10.162    square_inst/vgaRed_OBUF[3]_inst_i_14_n_0
    SLICE_X7Y13          LUT5 (Prop_lut5_I3_O)        0.124    10.286 r  square_inst/vgaRed_OBUF[3]_inst_i_5/O
                         net (fo=3, routed)           1.098    11.384    food_inst/sq_on
    SLICE_X3Y22          LUT5 (Prop_lut5_I0_O)        0.119    11.503 r  food_inst/vgaGreen_OBUF[3]_inst_i_1/O
                         net (fo=4, routed)           2.280    13.783    vgaGreen_OBUF[0]
    J17                  OBUF (Prop_obuf_I_O)         3.729    17.512 r  vgaGreen_OBUF[0]_inst/O
                         net (fo=0)                   0.000    17.512    vgaGreen[0]
    J17                                                               r  vgaGreen[0] (OUT)
  -------------------------------------------------------------------    -------------------

Slack:                    inf
  Source:                 square_inst/sq_y_reg[5]/C
                            (rising edge-triggered cell FDPE clocked by clk_out1_clocking_wizard_clk_wiz_0_0  {rise@0.000ns fall@19.863ns period=39.725ns})
  Destination:            vgaBlue[0]
                            (output port)
  Path Group:             (none)
  Path Type:              Max at Slow Process Corner
  Data Path Delay:        15.778ns  (logic 5.709ns (36.184%)  route 10.069ns (63.816%))
  Logic Levels:           10  (CARRY4=3 LUT3=1 LUT5=4 LUT6=1 OBUF=1)
  Clock Uncertainty:      0.409ns  ((TSJ^2 + DJ^2)^1/2) / 2 + PE
    Total System Jitter     (TSJ):    0.050ns
    Discrete Jitter          (DJ):    0.320ns
    Phase Error              (PE):    0.247ns

    Location             Delay type                Incr(ns)  Path(ns)    Netlist Resource(s)
  -------------------------------------------------------------------    -------------------
                         (clock clk_out1_clocking_wizard_clk_wiz_0_0 rise edge)
                                                      0.000     0.000 r  
    BUFGCTRL_X0Y0        BUFG                         0.000     0.000 r  clk_100MHz_IBUF_BUFG_inst/O
                         net (fo=424, routed)         1.575     1.575    clk_wiz_inst/clocking_wizard_i/clk_wiz_0/inst/clk_in1
    MMCME2_ADV_X1Y0      MMCME2_ADV (Prop_mmcme2_adv_CLKIN1_CLKOUT0)
                                                     -3.333    -1.757 r  clk_wiz_inst/clocking_wizard_i/clk_wiz_0/inst/mmcm_adv_inst/CLKOUT0
                         net (fo=1, routed)           1.661    -0.096    clk_wiz_inst/clocking_wizard_i/clk_wiz_0/inst/clk_out1_clocking_wizard_clk_wiz_0_0
    BUFGCTRL_X0Y1        BUFG (Prop_bufg_I_O)         0.096    -0.000 r  clk_wiz_inst/clocking_wizard_i/clk_wiz_0/inst/clkout1_buf/O
                         net (fo=139, routed)         1.635     1.635    square_inst/CLK
    SLICE_X7Y6           FDPE                                         r  square_inst/sq_y_reg[5]/C
  -------------------------------------------------------------------    -------------------
    SLICE_X7Y6           FDPE (Prop_fdpe_C_Q)         0.456     2.091 r  square_inst/sq_y_reg[5]/Q
                         net (fo=46, routed)          2.968     5.060    square_inst/Q[4]
    SLICE_X12Y13         LUT5 (Prop_lut5_I0_O)        0.124     5.184 f  square_inst/overlap_d_i_182/O
                         net (fo=5, routed)           0.981     6.165    square_inst/sq_y_reg[5]_0
    SLICE_X11Y12         LUT3 (Prop_lut3_I2_O)        0.152     6.317 r  square_inst/vgaRed_OBUF[3]_inst_i_182/O
                         net (fo=2, routed)           0.170     6.487    square_inst/vgaRed_OBUF[3]_inst_i_182_n_0
    SLICE_X11Y12         LUT6 (Prop_lut6_I1_O)        0.326     6.813 r  square_inst/vgaRed_OBUF[3]_inst_i_159/O
                         net (fo=1, routed)           0.544     7.357    square_inst/vgaRed_OBUF[3]_inst_i_159_n_0
    SLICE_X10Y12         CARRY4 (Prop_carry4_DI[0]_CO[3])
                                                      0.550     7.907 r  square_inst/vgaRed_OBUF[3]_inst_i_136/CO[3]
                         net (fo=1, routed)           0.000     7.907    square_inst/vgaRed_OBUF[3]_inst_i_136_n_0
    SLICE_X10Y13         CARRY4 (Prop_carry4_CI_CO[3])
                                                      0.117     8.024 r  square_inst/vgaRed_OBUF[3]_inst_i_91/CO[3]
                         net (fo=1, routed)           0.000     8.024    square_inst/vgaRed_OBUF[3]_inst_i_91_n_0
    SLICE_X10Y14         CARRY4 (Prop_carry4_CI_CO[3])
                                                      0.117     8.141 f  square_inst/vgaRed_OBUF[3]_inst_i_39/CO[3]
                         net (fo=1, routed)           1.090     9.231    square_inst/v_on1
    SLICE_X7Y13          LUT5 (Prop_lut5_I1_O)        0.124     9.355 r  square_inst/vgaRed_OBUF[3]_inst_i_14/O
                         net (fo=1, routed)           0.807    10.162    square_inst/vgaRed_OBUF[3]_inst_i_14_n_0
    SLICE_X7Y13          LUT5 (Prop_lut5_I3_O)        0.124    10.286 f  square_inst/vgaRed_OBUF[3]_inst_i_5/O
                         net (fo=3, routed)           1.098    11.384    food_inst/sq_on
    SLICE_X3Y22          LUT5 (Prop_lut5_I4_O)        0.124    11.508 r  food_inst/vgaBlue_OBUF[3]_inst_i_1/O
                         net (fo=4, routed)           2.411    13.918    vgaBlue_OBUF[0]
    N18                  OBUF (Prop_obuf_I_O)         3.495    17.414 r  vgaBlue_OBUF[0]_inst/O
                         net (fo=0)                   0.000    17.414    vgaBlue[0]
    N18                                                               r  vgaBlue[0] (OUT)
  -------------------------------------------------------------------    -------------------

Slack:                    inf
  Source:                 square_inst/sq_y_reg[5]/C
                            (rising edge-triggered cell FDPE clocked by clk_out1_clocking_wizard_clk_wiz_0_0  {rise@0.000ns fall@19.863ns period=39.725ns})
  Destination:            vgaRed[3]
                            (output port)
  Path Group:             (none)
  Path Type:              Max at Slow Process Corner
  Data Path Delay:        15.733ns  (logic 5.716ns (36.333%)  route 10.017ns (63.667%))
  Logic Levels:           10  (CARRY4=3 LUT3=1 LUT4=1 LUT5=3 LUT6=1 OBUF=1)
  Clock Uncertainty:      0.409ns  ((TSJ^2 + DJ^2)^1/2) / 2 + PE
    Total System Jitter     (TSJ):    0.050ns
    Discrete Jitter          (DJ):    0.320ns
    Phase Error              (PE):    0.247ns

    Location             Delay type                Incr(ns)  Path(ns)    Netlist Resource(s)
  -------------------------------------------------------------------    -------------------
                         (clock clk_out1_clocking_wizard_clk_wiz_0_0 rise edge)
                                                      0.000     0.000 r  
    BUFGCTRL_X0Y0        BUFG                         0.000     0.000 r  clk_100MHz_IBUF_BUFG_inst/O
                         net (fo=424, routed)         1.575     1.575    clk_wiz_inst/clocking_wizard_i/clk_wiz_0/inst/clk_in1
    MMCME2_ADV_X1Y0      MMCME2_ADV (Prop_mmcme2_adv_CLKIN1_CLKOUT0)
                                                     -3.333    -1.757 r  clk_wiz_inst/clocking_wizard_i/clk_wiz_0/inst/mmcm_adv_inst/CLKOUT0
                         net (fo=1, routed)           1.661    -0.096    clk_wiz_inst/clocking_wizard_i/clk_wiz_0/inst/clk_out1_clocking_wizard_clk_wiz_0_0
    BUFGCTRL_X0Y1        BUFG (Prop_bufg_I_O)         0.096    -0.000 r  clk_wiz_inst/clocking_wizard_i/clk_wiz_0/inst/clkout1_buf/O
                         net (fo=139, routed)         1.635     1.635    square_inst/CLK
    SLICE_X7Y6           FDPE                                         r  square_inst/sq_y_reg[5]/C
  -------------------------------------------------------------------    -------------------
    SLICE_X7Y6           FDPE (Prop_fdpe_C_Q)         0.456     2.091 r  square_inst/sq_y_reg[5]/Q
                         net (fo=46, routed)          2.968     5.060    square_inst/Q[4]
    SLICE_X12Y13         LUT5 (Prop_lut5_I0_O)        0.124     5.184 f  square_inst/overlap_d_i_182/O
                         net (fo=5, routed)           0.981     6.165    square_inst/sq_y_reg[5]_0
    SLICE_X11Y12         LUT3 (Prop_lut3_I2_O)        0.152     6.317 r  square_inst/vgaRed_OBUF[3]_inst_i_182/O
                         net (fo=2, routed)           0.170     6.487    square_inst/vgaRed_OBUF[3]_inst_i_182_n_0
    SLICE_X11Y12         LUT6 (Prop_lut6_I1_O)        0.326     6.813 r  square_inst/vgaRed_OBUF[3]_inst_i_159/O
                         net (fo=1, routed)           0.544     7.357    square_inst/vgaRed_OBUF[3]_inst_i_159_n_0
    SLICE_X10Y12         CARRY4 (Prop_carry4_DI[0]_CO[3])
                                                      0.550     7.907 r  square_inst/vgaRed_OBUF[3]_inst_i_136/CO[3]
                         net (fo=1, routed)           0.000     7.907    square_inst/vgaRed_OBUF[3]_inst_i_136_n_0
    SLICE_X10Y13         CARRY4 (Prop_carry4_CI_CO[3])
                                                      0.117     8.024 r  square_inst/vgaRed_OBUF[3]_inst_i_91/CO[3]
                         net (fo=1, routed)           0.000     8.024    square_inst/vgaRed_OBUF[3]_inst_i_91_n_0
    SLICE_X10Y14         CARRY4 (Prop_carry4_CI_CO[3])
                                                      0.117     8.141 f  square_inst/vgaRed_OBUF[3]_inst_i_39/CO[3]
                         net (fo=1, routed)           1.090     9.231    square_inst/v_on1
    SLICE_X7Y13          LUT5 (Prop_lut5_I1_O)        0.124     9.355 r  square_inst/vgaRed_OBUF[3]_inst_i_14/O
                         net (fo=1, routed)           0.807    10.162    square_inst/vgaRed_OBUF[3]_inst_i_14_n_0
    SLICE_X7Y13          LUT5 (Prop_lut5_I3_O)        0.124    10.286 f  square_inst/vgaRed_OBUF[3]_inst_i_5/O
                         net (fo=3, routed)           1.301    11.587    food_inst/sq_on
    SLICE_X3Y22          LUT4 (Prop_lut4_I3_O)        0.124    11.711 r  food_inst/vgaRed_OBUF[3]_inst_i_1/O
                         net (fo=4, routed)           2.155    13.866    vgaRed_OBUF[0]
    N19                  OBUF (Prop_obuf_I_O)         3.502    17.369 r  vgaRed_OBUF[3]_inst/O
                         net (fo=0)                   0.000    17.369    vgaRed[3]
    N19                                                               r  vgaRed[3] (OUT)
  -------------------------------------------------------------------    -------------------

Slack:                    inf
  Source:                 square_inst/sq_y_reg[5]/C
                            (rising edge-triggered cell FDPE clocked by clk_out1_clocking_wizard_clk_wiz_0_0  {rise@0.000ns fall@19.863ns period=39.725ns})
  Destination:            vgaBlue[3]
                            (output port)
  Path Group:             (none)
  Path Type:              Max at Slow Process Corner
  Data Path Delay:        15.667ns  (logic 5.739ns (36.630%)  route 9.928ns (63.370%))
  Logic Levels:           10  (CARRY4=3 LUT3=1 LUT5=4 LUT6=1 OBUF=1)
  Clock Uncertainty:      0.409ns  ((TSJ^2 + DJ^2)^1/2) / 2 + PE
    Total System Jitter     (TSJ):    0.050ns
    Discrete Jitter          (DJ):    0.320ns
    Phase Error              (PE):    0.247ns

    Location             Delay type                Incr(ns)  Path(ns)    Netlist Resource(s)
  -------------------------------------------------------------------    -------------------
                         (clock clk_out1_clocking_wizard_clk_wiz_0_0 rise edge)
                                                      0.000     0.000 r  
    BUFGCTRL_X0Y0        BUFG                         0.000     0.000 r  clk_100MHz_IBUF_BUFG_inst/O
                         net (fo=424, routed)         1.575     1.575    clk_wiz_inst/clocking_wizard_i/clk_wiz_0/inst/clk_in1
    MMCME2_ADV_X1Y0      MMCME2_ADV (Prop_mmcme2_adv_CLKIN1_CLKOUT0)
                                                     -3.333    -1.757 r  clk_wiz_inst/clocking_wizard_i/clk_wiz_0/inst/mmcm_adv_inst/CLKOUT0
                         net (fo=1, routed)           1.661    -0.096    clk_wiz_inst/clocking_wizard_i/clk_wiz_0/inst/clk_out1_clocking_wizard_clk_wiz_0_0
    BUFGCTRL_X0Y1        BUFG (Prop_bufg_I_O)         0.096    -0.000 r  clk_wiz_inst/clocking_wizard_i/clk_wiz_0/inst/clkout1_buf/O
                         net (fo=139, routed)         1.635     1.635    square_inst/CLK
    SLICE_X7Y6           FDPE                                         r  square_inst/sq_y_reg[5]/C
  -------------------------------------------------------------------    -------------------
    SLICE_X7Y6           FDPE (Prop_fdpe_C_Q)         0.456     2.091 r  square_inst/sq_y_reg[5]/Q
                         net (fo=46, routed)          2.968     5.060    square_inst/Q[4]
    SLICE_X12Y13         LUT5 (Prop_lut5_I0_O)        0.124     5.184 f  square_inst/overlap_d_i_182/O
                         net (fo=5, routed)           0.981     6.165    square_inst/sq_y_reg[5]_0
    SLICE_X11Y12         LUT3 (Prop_lut3_I2_O)        0.152     6.317 r  square_inst/vgaRed_OBUF[3]_inst_i_182/O
                         net (fo=2, routed)           0.170     6.487    square_inst/vgaRed_OBUF[3]_inst_i_182_n_0
    SLICE_X11Y12         LUT6 (Prop_lut6_I1_O)        0.326     6.813 r  square_inst/vgaRed_OBUF[3]_inst_i_159/O
                         net (fo=1, routed)           0.544     7.357    square_inst/vgaRed_OBUF[3]_inst_i_159_n_0
    SLICE_X10Y12         CARRY4 (Prop_carry4_DI[0]_CO[3])
                                                      0.550     7.907 r  square_inst/vgaRed_OBUF[3]_inst_i_136/CO[3]
                         net (fo=1, routed)           0.000     7.907    square_inst/vgaRed_OBUF[3]_inst_i_136_n_0
    SLICE_X10Y13         CARRY4 (Prop_carry4_CI_CO[3])
                                                      0.117     8.024 r  square_inst/vgaRed_OBUF[3]_inst_i_91/CO[3]
                         net (fo=1, routed)           0.000     8.024    square_inst/vgaRed_OBUF[3]_inst_i_91_n_0
    SLICE_X10Y14         CARRY4 (Prop_carry4_CI_CO[3])
                                                      0.117     8.141 f  square_inst/vgaRed_OBUF[3]_inst_i_39/CO[3]
                         net (fo=1, routed)           1.090     9.231    square_inst/v_on1
    SLICE_X7Y13          LUT5 (Prop_lut5_I1_O)        0.124     9.355 r  square_inst/vgaRed_OBUF[3]_inst_i_14/O
                         net (fo=1, routed)           0.807    10.162    square_inst/vgaRed_OBUF[3]_inst_i_14_n_0
    SLICE_X7Y13          LUT5 (Prop_lut5_I3_O)        0.124    10.286 f  square_inst/vgaRed_OBUF[3]_inst_i_5/O
                         net (fo=3, routed)           1.098    11.384    food_inst/sq_on
    SLICE_X3Y22          LUT5 (Prop_lut5_I4_O)        0.124    11.508 r  food_inst/vgaBlue_OBUF[3]_inst_i_1/O
                         net (fo=4, routed)           2.270    13.778    vgaBlue_OBUF[0]
    J18                  OBUF (Prop_obuf_I_O)         3.525    17.302 r  vgaBlue_OBUF[3]_inst/O
                         net (fo=0)                   0.000    17.302    vgaBlue[3]
    J18                                                               r  vgaBlue[3] (OUT)
  -------------------------------------------------------------------    -------------------





Min Delay Paths
--------------------------------------------------------------------------------------
Slack:                    inf
  Source:                 food_inst/lfsr_reg[3]/C
                            (rising edge-triggered cell FDCE clocked by clk_out1_clocking_wizard_clk_wiz_0_0  {rise@0.000ns fall@19.863ns period=39.725ns})
  Destination:            food_inst/fx_reg[3]_LDC/CLR
  Path Group:             (none)
  Path Type:              Min at Fast Process Corner
  Data Path Delay:        0.527ns  (logic 0.186ns (35.299%)  route 0.341ns (64.701%))
  Logic Levels:           1  (LUT6=1)
  Clock Uncertainty:      0.409ns  ((TSJ^2 + DJ^2)^1/2) / 2 + PE
    Total System Jitter     (TSJ):    0.050ns
    Discrete Jitter          (DJ):    0.320ns
    Phase Error              (PE):    0.247ns

    Location             Delay type                Incr(ns)  Path(ns)    Netlist Resource(s)
  -------------------------------------------------------------------    -------------------
                         (clock clk_out1_clocking_wizard_clk_wiz_0_0 rise edge)
                                                      0.000     0.000 r  
    BUFGCTRL_X0Y0        BUFG                         0.000     0.000 r  clk_100MHz_IBUF_BUFG_inst/O
                         net (fo=424, routed)         0.549     0.549    clk_wiz_inst/clocking_wizard_i/clk_wiz_0/inst/clk_in1
    MMCME2_ADV_X1Y0      MMCME2_ADV (Prop_mmcme2_adv_CLKIN1_CLKOUT0)
                                                     -1.061    -0.512 r  clk_wiz_inst/clocking_wizard_i/clk_wiz_0/inst/mmcm_adv_inst/CLKOUT0
                         net (fo=1, routed)           0.486    -0.026    clk_wiz_inst/clocking_wizard_i/clk_wiz_0/inst/clk_out1_clocking_wizard_clk_wiz_0_0
    BUFGCTRL_X0Y1        BUFG (Prop_bufg_I_O)         0.026     0.000 r  clk_wiz_inst/clocking_wizard_i/clk_wiz_0/inst/clkout1_buf/O
                         net (fo=139, routed)         0.586     0.586    food_inst/CLK
    SLICE_X3Y20          FDCE                                         r  food_inst/lfsr_reg[3]/C
  -------------------------------------------------------------------    -------------------
    SLICE_X3Y20          FDCE (Prop_fdce_C_Q)         0.141     0.727 r  food_inst/lfsr_reg[3]/Q
                         net (fo=7, routed)           0.152     0.879    food_inst/lfsr_reg_n_0_[3]
    SLICE_X2Y18          LUT6 (Prop_lut6_I1_O)        0.045     0.924 f  food_inst/fx_reg[3]_LDC_i_2/O
                         net (fo=2, routed)           0.189     1.113    food_inst/fx_reg[3]_LDC_i_2_n_0
    SLICE_X2Y18          LDCE                                         f  food_inst/fx_reg[3]_LDC/CLR
  -------------------------------------------------------------------    -------------------

Slack:                    inf
  Source:                 food_inst/lfsr_reg[2]/C
                            (rising edge-triggered cell FDPE clocked by clk_out1_clocking_wizard_clk_wiz_0_0  {rise@0.000ns fall@19.863ns period=39.725ns})
  Destination:            food_inst/color_sel_reg[0]_LDC/CLR
  Path Group:             (none)
  Path Type:              Min at Fast Process Corner
  Data Path Delay:        0.602ns  (logic 0.186ns (30.911%)  route 0.416ns (69.089%))
  Logic Levels:           1  (LUT4=1)
  Clock Uncertainty:      0.409ns  ((TSJ^2 + DJ^2)^1/2) / 2 + PE
    Total System Jitter     (TSJ):    0.050ns
    Discrete Jitter          (DJ):    0.320ns
    Phase Error              (PE):    0.247ns

    Location             Delay type                Incr(ns)  Path(ns)    Netlist Resource(s)
  -------------------------------------------------------------------    -------------------
                         (clock clk_out1_clocking_wizard_clk_wiz_0_0 rise edge)
                                                      0.000     0.000 r  
    BUFGCTRL_X0Y0        BUFG                         0.000     0.000 r  clk_100MHz_IBUF_BUFG_inst/O
                         net (fo=424, routed)         0.549     0.549    clk_wiz_inst/clocking_wizard_i/clk_wiz_0/inst/clk_in1
    MMCME2_ADV_X1Y0      MMCME2_ADV (Prop_mmcme2_adv_CLKIN1_CLKOUT0)
                                                     -1.061    -0.512 r  clk_wiz_inst/clocking_wizard_i/clk_wiz_0/inst/mmcm_adv_inst/CLKOUT0
                         net (fo=1, routed)           0.486    -0.026    clk_wiz_inst/clocking_wizard_i/clk_wiz_0/inst/clk_out1_clocking_wizard_clk_wiz_0_0
    BUFGCTRL_X0Y1        BUFG (Prop_bufg_I_O)         0.026     0.000 r  clk_wiz_inst/clocking_wizard_i/clk_wiz_0/inst/clkout1_buf/O
                         net (fo=139, routed)         0.586     0.586    food_inst/CLK
    SLICE_X3Y20          FDPE                                         r  food_inst/lfsr_reg[2]/C
  -------------------------------------------------------------------    -------------------
    SLICE_X3Y20          FDPE (Prop_fdpe_C_Q)         0.141     0.727 r  food_inst/lfsr_reg[2]/Q
                         net (fo=19, routed)          0.303     1.030    food_inst/lfsr_reg_n_0_[2]
    SLICE_X1Y22          LUT4 (Prop_lut4_I2_O)        0.045     1.075 f  food_inst/color_sel_reg[0]_LDC_i_2/O
                         net (fo=2, routed)           0.113     1.187    food_inst/color_sel_reg[0]_LDC_i_2_n_0
    SLICE_X2Y22          LDCE                                         f  food_inst/color_sel_reg[0]_LDC/CLR
  -------------------------------------------------------------------    -------------------

Slack:                    inf
  Source:                 food_inst/lfsr_reg[2]/C
                            (rising edge-triggered cell FDPE clocked by clk_out1_clocking_wizard_clk_wiz_0_0  {rise@0.000ns fall@19.863ns period=39.725ns})
  Destination:            food_inst/fx_reg[2]_LDC/CLR
  Path Group:             (none)
  Path Type:              Min at Fast Process Corner
  Data Path Delay:        0.622ns  (logic 0.186ns (29.889%)  route 0.436ns (70.111%))
  Logic Levels:           1  (LUT5=1)
  Clock Uncertainty:      0.409ns  ((TSJ^2 + DJ^2)^1/2) / 2 + PE
    Total System Jitter     (TSJ):    0.050ns
    Discrete Jitter          (DJ):    0.320ns
    Phase Error              (PE):    0.247ns

    Location             Delay type                Incr(ns)  Path(ns)    Netlist Resource(s)
  -------------------------------------------------------------------    -------------------
                         (clock clk_out1_clocking_wizard_clk_wiz_0_0 rise edge)
                                                      0.000     0.000 r  
    BUFGCTRL_X0Y0        BUFG                         0.000     0.000 r  clk_100MHz_IBUF_BUFG_inst/O
                         net (fo=424, routed)         0.549     0.549    clk_wiz_inst/clocking_wizard_i/clk_wiz_0/inst/clk_in1
    MMCME2_ADV_X1Y0      MMCME2_ADV (Prop_mmcme2_adv_CLKIN1_CLKOUT0)
                                                     -1.061    -0.512 r  clk_wiz_inst/clocking_wizard_i/clk_wiz_0/inst/mmcm_adv_inst/CLKOUT0
                         net (fo=1, routed)           0.486    -0.026    clk_wiz_inst/clocking_wizard_i/clk_wiz_0/inst/clk_out1_clocking_wizard_clk_wiz_0_0
    BUFGCTRL_X0Y1        BUFG (Prop_bufg_I_O)         0.026     0.000 r  clk_wiz_inst/clocking_wizard_i/clk_wiz_0/inst/clkout1_buf/O
                         net (fo=139, routed)         0.586     0.586    food_inst/CLK
    SLICE_X3Y20          FDPE                                         r  food_inst/lfsr_reg[2]/C
  -------------------------------------------------------------------    -------------------
    SLICE_X3Y20          FDPE (Prop_fdpe_C_Q)         0.141     0.727 r  food_inst/lfsr_reg[2]/Q
                         net (fo=19, routed)          0.253     0.980    food_inst/lfsr_reg_n_0_[2]
    SLICE_X3Y19          LUT5 (Prop_lut5_I1_O)        0.045     1.025 f  food_inst/fx_reg[2]_LDC_i_2/O
                         net (fo=2, routed)           0.183     1.208    food_inst/fx_reg[2]_LDC_i_2_n_0
    SLICE_X3Y17          LDCE                                         f  food_inst/fx_reg[2]_LDC/CLR
  -------------------------------------------------------------------    -------------------

Slack:                    inf
  Source:                 food_inst/lfsr_reg[2]/C
                            (rising edge-triggered cell FDPE clocked by clk_out1_clocking_wizard_clk_wiz_0_0  {rise@0.000ns fall@19.863ns period=39.725ns})
  Destination:            food_inst/color_sel_reg[1]_LDC/CLR
  Path Group:             (none)
  Path Type:              Min at Fast Process Corner
  Data Path Delay:        0.680ns  (logic 0.186ns (27.336%)  route 0.494ns (72.664%))
  Logic Levels:           1  (LUT4=1)
  Clock Uncertainty:      0.409ns  ((TSJ^2 + DJ^2)^1/2) / 2 + PE
    Total System Jitter     (TSJ):    0.050ns
    Discrete Jitter          (DJ):    0.320ns
    Phase Error              (PE):    0.247ns

    Location             Delay type                Incr(ns)  Path(ns)    Netlist Resource(s)
  -------------------------------------------------------------------    -------------------
                         (clock clk_out1_clocking_wizard_clk_wiz_0_0 rise edge)
                                                      0.000     0.000 r  
    BUFGCTRL_X0Y0        BUFG                         0.000     0.000 r  clk_100MHz_IBUF_BUFG_inst/O
                         net (fo=424, routed)         0.549     0.549    clk_wiz_inst/clocking_wizard_i/clk_wiz_0/inst/clk_in1
    MMCME2_ADV_X1Y0      MMCME2_ADV (Prop_mmcme2_adv_CLKIN1_CLKOUT0)
                                                     -1.061    -0.512 r  clk_wiz_inst/clocking_wizard_i/clk_wiz_0/inst/mmcm_adv_inst/CLKOUT0
                         net (fo=1, routed)           0.486    -0.026    clk_wiz_inst/clocking_wizard_i/clk_wiz_0/inst/clk_out1_clocking_wizard_clk_wiz_0_0
    BUFGCTRL_X0Y1        BUFG (Prop_bufg_I_O)         0.026     0.000 r  clk_wiz_inst/clocking_wizard_i/clk_wiz_0/inst/clkout1_buf/O
                         net (fo=139, routed)         0.586     0.586    food_inst/CLK
    SLICE_X3Y20          FDPE                                         r  food_inst/lfsr_reg[2]/C
  -------------------------------------------------------------------    -------------------
    SLICE_X3Y20          FDPE (Prop_fdpe_C_Q)         0.141     0.727 r  food_inst/lfsr_reg[2]/Q
                         net (fo=19, routed)          0.303     1.030    food_inst/lfsr_reg_n_0_[2]
    SLICE_X1Y22          LUT4 (Prop_lut4_I2_O)        0.045     1.075 f  food_inst/color_sel_reg[1]_LDC_i_2/O
                         net (fo=2, routed)           0.191     1.266    food_inst/color_sel_reg[1]_LDC_i_2_n_0
    SLICE_X1Y21          LDCE                                         f  food_inst/color_sel_reg[1]_LDC/CLR
  -------------------------------------------------------------------    -------------------

Slack:                    inf
  Source:                 food_inst/lfsr_reg[4]/C
                            (rising edge-triggered cell FDPE clocked by clk_out1_clocking_wizard_clk_wiz_0_0  {rise@0.000ns fall@19.863ns period=39.725ns})
  Destination:            food_inst/fx_reg[4]_LDC/CLR
  Path Group:             (none)
  Path Type:              Min at Fast Process Corner
  Data Path Delay:        0.717ns  (logic 0.231ns (32.222%)  route 0.486ns (67.778%))
  Logic Levels:           2  (LUT2=1 LUT6=1)
  Clock Uncertainty:      0.409ns  ((TSJ^2 + DJ^2)^1/2) / 2 + PE
    Total System Jitter     (TSJ):    0.050ns
    Discrete Jitter          (DJ):    0.320ns
    Phase Error              (PE):    0.247ns

    Location             Delay type                Incr(ns)  Path(ns)    Netlist Resource(s)
  -------------------------------------------------------------------    -------------------
                         (clock clk_out1_clocking_wizard_clk_wiz_0_0 rise edge)
                                                      0.000     0.000 r  
    BUFGCTRL_X0Y0        BUFG                         0.000     0.000 r  clk_100MHz_IBUF_BUFG_inst/O
                         net (fo=424, routed)         0.549     0.549    clk_wiz_inst/clocking_wizard_i/clk_wiz_0/inst/clk_in1
    MMCME2_ADV_X1Y0      MMCME2_ADV (Prop_mmcme2_adv_CLKIN1_CLKOUT0)
                                                     -1.061    -0.512 r  clk_wiz_inst/clocking_wizard_i/clk_wiz_0/inst/mmcm_adv_inst/CLKOUT0
                         net (fo=1, routed)           0.486    -0.026    clk_wiz_inst/clocking_wizard_i/clk_wiz_0/inst/clk_out1_clocking_wizard_clk_wiz_0_0
    BUFGCTRL_X0Y1        BUFG (Prop_bufg_I_O)         0.026     0.000 r  clk_wiz_inst/clocking_wizard_i/clk_wiz_0/inst/clkout1_buf/O
                         net (fo=139, routed)         0.586     0.586    food_inst/CLK
    SLICE_X3Y20          FDPE                                         r  food_inst/lfsr_reg[4]/C
  -------------------------------------------------------------------    -------------------
    SLICE_X3Y20          FDPE (Prop_fdpe_C_Q)         0.141     0.727 r  food_inst/lfsr_reg[4]/Q
                         net (fo=4, routed)           0.156     0.882    food_inst/lfsr_reg_n_0_[4]
    SLICE_X2Y18          LUT6 (Prop_lut6_I5_O)        0.045     0.927 r  food_inst/fx[4]_P_i_1/O
                         net (fo=4, routed)           0.203     1.130    food_inst/p_2_in[4]
    SLICE_X1Y16          LUT2 (Prop_lut2_I1_O)        0.045     1.175 f  food_inst/fx_reg[4]_LDC_i_2/O
                         net (fo=2, routed)           0.127     1.302    food_inst/fx_reg[4]_LDC_i_2_n_0
    SLICE_X1Y15          LDCE                                         f  food_inst/fx_reg[4]_LDC/CLR
  -------------------------------------------------------------------    -------------------

Slack:                    inf
  Source:                 food_inst/lfsr_reg[9]/C
                            (rising edge-triggered cell FDPE clocked by clk_out1_clocking_wizard_clk_wiz_0_0  {rise@0.000ns fall@19.863ns period=39.725ns})
  Destination:            food_inst/fx_reg[7]_LDC/CLR
  Path Group:             (none)
  Path Type:              Min at Fast Process Corner
  Data Path Delay:        0.747ns  (logic 0.231ns (30.941%)  route 0.516ns (69.059%))
  Logic Levels:           2  (LUT2=1 LUT5=1)
  Clock Uncertainty:      0.409ns  ((TSJ^2 + DJ^2)^1/2) / 2 + PE
    Total System Jitter     (TSJ):    0.050ns
    Discrete Jitter          (DJ):    0.320ns
    Phase Error              (PE):    0.247ns

    Location             Delay type                Incr(ns)  Path(ns)    Netlist Resource(s)
  -------------------------------------------------------------------    -------------------
                         (clock clk_out1_clocking_wizard_clk_wiz_0_0 rise edge)
                                                      0.000     0.000 r  
    BUFGCTRL_X0Y0        BUFG                         0.000     0.000 r  clk_100MHz_IBUF_BUFG_inst/O
                         net (fo=424, routed)         0.549     0.549    clk_wiz_inst/clocking_wizard_i/clk_wiz_0/inst/clk_in1
    MMCME2_ADV_X1Y0      MMCME2_ADV (Prop_mmcme2_adv_CLKIN1_CLKOUT0)
                                                     -1.061    -0.512 r  clk_wiz_inst/clocking_wizard_i/clk_wiz_0/inst/mmcm_adv_inst/CLKOUT0
                         net (fo=1, routed)           0.486    -0.026    clk_wiz_inst/clocking_wizard_i/clk_wiz_0/inst/clk_out1_clocking_wizard_clk_wiz_0_0
    BUFGCTRL_X0Y1        BUFG (Prop_bufg_I_O)         0.026     0.000 r  clk_wiz_inst/clocking_wizard_i/clk_wiz_0/inst/clkout1_buf/O
                         net (fo=139, routed)         0.586     0.586    food_inst/CLK
    SLICE_X3Y20          FDPE                                         r  food_inst/lfsr_reg[9]/C
  -------------------------------------------------------------------    -------------------
    SLICE_X3Y20          FDPE (Prop_fdpe_C_Q)         0.141     0.727 r  food_inst/lfsr_reg[9]/Q
                         net (fo=7, routed)           0.183     0.910    food_inst/lfsr_reg_n_0_[9]
    SLICE_X3Y20          LUT5 (Prop_lut5_I0_O)        0.045     0.955 r  food_inst/fx[7]_P_i_1/O
                         net (fo=4, routed)           0.200     1.154    food_inst/p_2_in[7]
    SLICE_X1Y19          LUT2 (Prop_lut2_I1_O)        0.045     1.199 f  food_inst/fx_reg[7]_LDC_i_2/O
                         net (fo=2, routed)           0.133     1.332    food_inst/fx_reg[7]_LDC_i_2_n_0
    SLICE_X0Y19          LDCE                                         f  food_inst/fx_reg[7]_LDC/CLR
  -------------------------------------------------------------------    -------------------

Slack:                    inf
  Source:                 food_inst/lfsr_reg[8]/C
                            (rising edge-triggered cell FDCE clocked by clk_out1_clocking_wizard_clk_wiz_0_0  {rise@0.000ns fall@19.863ns period=39.725ns})
  Destination:            food_inst/fx_reg[9]_LDC/CLR
  Path Group:             (none)
  Path Type:              Min at Fast Process Corner
  Data Path Delay:        0.795ns  (logic 0.231ns (29.056%)  route 0.564ns (70.945%))
  Logic Levels:           2  (LUT2=1 LUT5=1)
  Clock Uncertainty:      0.409ns  ((TSJ^2 + DJ^2)^1/2) / 2 + PE
    Total System Jitter     (TSJ):    0.050ns
    Discrete Jitter          (DJ):    0.320ns
    Phase Error              (PE):    0.247ns

    Location             Delay type                Incr(ns)  Path(ns)    Netlist Resource(s)
  -------------------------------------------------------------------    -------------------
                         (clock clk_out1_clocking_wizard_clk_wiz_0_0 rise edge)
                                                      0.000     0.000 r  
    BUFGCTRL_X0Y0        BUFG                         0.000     0.000 r  clk_100MHz_IBUF_BUFG_inst/O
                         net (fo=424, routed)         0.549     0.549    clk_wiz_inst/clocking_wizard_i/clk_wiz_0/inst/clk_in1
    MMCME2_ADV_X1Y0      MMCME2_ADV (Prop_mmcme2_adv_CLKIN1_CLKOUT0)
                                                     -1.061    -0.512 r  clk_wiz_inst/clocking_wizard_i/clk_wiz_0/inst/mmcm_adv_inst/CLKOUT0
                         net (fo=1, routed)           0.486    -0.026    clk_wiz_inst/clocking_wizard_i/clk_wiz_0/inst/clk_out1_clocking_wizard_clk_wiz_0_0
    BUFGCTRL_X0Y1        BUFG (Prop_bufg_I_O)         0.026     0.000 r  clk_wiz_inst/clocking_wizard_i/clk_wiz_0/inst/clkout1_buf/O
                         net (fo=139, routed)         0.585     0.585    food_inst/CLK
    SLICE_X3Y21          FDCE                                         r  food_inst/lfsr_reg[8]/C
  -------------------------------------------------------------------    -------------------
    SLICE_X3Y21          FDCE (Prop_fdce_C_Q)         0.141     0.726 f  food_inst/lfsr_reg[8]/Q
                         net (fo=7, routed)           0.166     0.892    food_inst/lfsr_reg_n_0_[8]
    SLICE_X3Y20          LUT5 (Prop_lut5_I3_O)        0.045     0.937 r  food_inst/fx[9]_P_i_1/O
                         net (fo=4, routed)           0.214     1.151    food_inst/p_2_in[9]
    SLICE_X5Y20          LUT2 (Prop_lut2_I1_O)        0.045     1.196 f  food_inst/fx_reg[9]_LDC_i_2/O
                         net (fo=2, routed)           0.184     1.380    food_inst/fx_reg[9]_LDC_i_2_n_0
    SLICE_X5Y20          LDCE                                         f  food_inst/fx_reg[9]_LDC/CLR
  -------------------------------------------------------------------    -------------------

Slack:                    inf
  Source:                 food_inst/lfsr_reg[9]/C
                            (rising edge-triggered cell FDPE clocked by clk_out1_clocking_wizard_clk_wiz_0_0  {rise@0.000ns fall@19.863ns period=39.725ns})
  Destination:            food_inst/fx_reg[8]_LDC/CLR
  Path Group:             (none)
  Path Type:              Min at Fast Process Corner
  Data Path Delay:        0.828ns  (logic 0.302ns (36.491%)  route 0.526ns (63.509%))
  Logic Levels:           2  (LUT2=1 LUT5=1)
  Clock Uncertainty:      0.409ns  ((TSJ^2 + DJ^2)^1/2) / 2 + PE
    Total System Jitter     (TSJ):    0.050ns
    Discrete Jitter          (DJ):    0.320ns
    Phase Error              (PE):    0.247ns

    Location             Delay type                Incr(ns)  Path(ns)    Netlist Resource(s)
  -------------------------------------------------------------------    -------------------
                         (clock clk_out1_clocking_wizard_clk_wiz_0_0 rise edge)
                                                      0.000     0.000 r  
    BUFGCTRL_X0Y0        BUFG                         0.000     0.000 r  clk_100MHz_IBUF_BUFG_inst/O
                         net (fo=424, routed)         0.549     0.549    clk_wiz_inst/clocking_wizard_i/clk_wiz_0/inst/clk_in1
    MMCME2_ADV_X1Y0      MMCME2_ADV (Prop_mmcme2_adv_CLKIN1_CLKOUT0)
                                                     -1.061    -0.512 r  clk_wiz_inst/clocking_wizard_i/clk_wiz_0/inst/mmcm_adv_inst/CLKOUT0
                         net (fo=1, routed)           0.486    -0.026    clk_wiz_inst/clocking_wizard_i/clk_wiz_0/inst/clk_out1_clocking_wizard_clk_wiz_0_0
    BUFGCTRL_X0Y1        BUFG (Prop_bufg_I_O)         0.026     0.000 r  clk_wiz_inst/clocking_wizard_i/clk_wiz_0/inst/clkout1_buf/O
                         net (fo=139, routed)         0.586     0.586    food_inst/CLK
    SLICE_X3Y20          FDPE                                         r  food_inst/lfsr_reg[9]/C
  -------------------------------------------------------------------    -------------------
    SLICE_X3Y20          FDPE (Prop_fdpe_C_Q)         0.141     0.727 f  food_inst/lfsr_reg[9]/Q
                         net (fo=7, routed)           0.183     0.910    food_inst/lfsr_reg_n_0_[9]
    SLICE_X3Y20          LUT5 (Prop_lut5_I0_O)        0.049     0.959 r  food_inst/fx[8]_P_i_1/O
                         net (fo=4, routed)           0.219     1.177    food_inst/p_2_in[8]
    SLICE_X6Y20          LUT2 (Prop_lut2_I1_O)        0.112     1.289 f  food_inst/fx_reg[8]_LDC_i_2/O
                         net (fo=2, routed)           0.124     1.413    food_inst/fx_reg[8]_LDC_i_2_n_0
    SLICE_X7Y19          LDCE                                         f  food_inst/fx_reg[8]_LDC/CLR
  -------------------------------------------------------------------    -------------------

Slack:                    inf
  Source:                 food_inst/lfsr_reg[6]/C
                            (rising edge-triggered cell FDCE clocked by clk_out1_clocking_wizard_clk_wiz_0_0  {rise@0.000ns fall@19.863ns period=39.725ns})
  Destination:            food_inst/fx_reg[5]_LDC/CLR
  Path Group:             (none)
  Path Type:              Min at Fast Process Corner
  Data Path Delay:        0.845ns  (logic 0.231ns (27.336%)  route 0.614ns (72.664%))
  Logic Levels:           2  (LUT2=1 LUT6=1)
  Clock Uncertainty:      0.409ns  ((TSJ^2 + DJ^2)^1/2) / 2 + PE
    Total System Jitter     (TSJ):    0.050ns
    Discrete Jitter          (DJ):    0.320ns
    Phase Error              (PE):    0.247ns

    Location             Delay type                Incr(ns)  Path(ns)    Netlist Resource(s)
  -------------------------------------------------------------------    -------------------
                         (clock clk_out1_clocking_wizard_clk_wiz_0_0 rise edge)
                                                      0.000     0.000 r  
    BUFGCTRL_X0Y0        BUFG                         0.000     0.000 r  clk_100MHz_IBUF_BUFG_inst/O
                         net (fo=424, routed)         0.549     0.549    clk_wiz_inst/clocking_wizard_i/clk_wiz_0/inst/clk_in1
    MMCME2_ADV_X1Y0      MMCME2_ADV (Prop_mmcme2_adv_CLKIN1_CLKOUT0)
                                                     -1.061    -0.512 r  clk_wiz_inst/clocking_wizard_i/clk_wiz_0/inst/mmcm_adv_inst/CLKOUT0
                         net (fo=1, routed)           0.486    -0.026    clk_wiz_inst/clocking_wizard_i/clk_wiz_0/inst/clk_out1_clocking_wizard_clk_wiz_0_0
    BUFGCTRL_X0Y1        BUFG (Prop_bufg_I_O)         0.026     0.000 r  clk_wiz_inst/clocking_wizard_i/clk_wiz_0/inst/clkout1_buf/O
                         net (fo=139, routed)         0.585     0.585    food_inst/CLK
    SLICE_X3Y21          FDCE                                         r  food_inst/lfsr_reg[6]/C
  -------------------------------------------------------------------    -------------------
    SLICE_X3Y21          FDCE (Prop_fdce_C_Q)         0.141     0.726 f  food_inst/lfsr_reg[6]/Q
                         net (fo=7, routed)           0.177     0.903    food_inst/lfsr_reg_n_0_[6]
    SLICE_X3Y21          LUT6 (Prop_lut6_I3_O)        0.045     0.948 r  food_inst/fx[5]_P_i_1/O
                         net (fo=4, routed)           0.219     1.167    food_inst/p_2_in[5]
    SLICE_X4Y19          LUT2 (Prop_lut2_I1_O)        0.045     1.212 f  food_inst/fx_reg[5]_LDC_i_2/O
                         net (fo=2, routed)           0.218     1.430    food_inst/fx_reg[5]_LDC_i_2_n_0
    SLICE_X4Y19          LDCE                                         f  food_inst/fx_reg[5]_LDC/CLR
  -------------------------------------------------------------------    -------------------

Slack:                    inf
  Source:                 food_inst/lfsr_reg[0]/C
                            (rising edge-triggered cell FDCE clocked by clk_out1_clocking_wizard_clk_wiz_0_0  {rise@0.000ns fall@19.863ns period=39.725ns})
  Destination:            food_inst/fx_reg[0]_LDC/CLR
  Path Group:             (none)
  Path Type:              Min at Fast Process Corner
  Data Path Delay:        0.930ns  (logic 0.186ns (20.011%)  route 0.744ns (79.989%))
  Logic Levels:           1  (LUT3=1)
  Clock Uncertainty:      0.409ns  ((TSJ^2 + DJ^2)^1/2) / 2 + PE
    Total System Jitter     (TSJ):    0.050ns
    Discrete Jitter          (DJ):    0.320ns
    Phase Error              (PE):    0.247ns

    Location             Delay type                Incr(ns)  Path(ns)    Netlist Resource(s)
  -------------------------------------------------------------------    -------------------
                         (clock clk_out1_clocking_wizard_clk_wiz_0_0 rise edge)
                                                      0.000     0.000 r  
    BUFGCTRL_X0Y0        BUFG                         0.000     0.000 r  clk_100MHz_IBUF_BUFG_inst/O
                         net (fo=424, routed)         0.549     0.549    clk_wiz_inst/clocking_wizard_i/clk_wiz_0/inst/clk_in1
    MMCME2_ADV_X1Y0      MMCME2_ADV (Prop_mmcme2_adv_CLKIN1_CLKOUT0)
                                                     -1.061    -0.512 r  clk_wiz_inst/clocking_wizard_i/clk_wiz_0/inst/mmcm_adv_inst/CLKOUT0
                         net (fo=1, routed)           0.486    -0.026    clk_wiz_inst/clocking_wizard_i/clk_wiz_0/inst/clk_out1_clocking_wizard_clk_wiz_0_0
    BUFGCTRL_X0Y1        BUFG (Prop_bufg_I_O)         0.026     0.000 r  clk_wiz_inst/clocking_wizard_i/clk_wiz_0/inst/clkout1_buf/O
                         net (fo=139, routed)         0.558     0.558    food_inst/CLK
    SLICE_X11Y19         FDCE                                         r  food_inst/lfsr_reg[0]/C
  -------------------------------------------------------------------    -------------------
    SLICE_X11Y19         FDCE (Prop_fdce_C_Q)         0.141     0.699 r  food_inst/lfsr_reg[0]/Q
                         net (fo=27, routed)          0.615     1.314    food_inst/lfsr_reg_n_0_[0]
    SLICE_X1Y17          LUT3 (Prop_lut3_I1_O)        0.045     1.359 f  food_inst/fx_reg[0]_LDC_i_2/O
                         net (fo=2, routed)           0.129     1.487    food_inst/fx_reg[0]_LDC_i_2_n_0
    SLICE_X1Y17          LDCE                                         f  food_inst/fx_reg[0]_LDC/CLR
  -------------------------------------------------------------------    -------------------





--------------------------------------------------------------------------------------
Path Group:  (none)
From Clock:  sys_clk_pin
  To Clock:  

Max Delay             4 Endpoints
Min Delay             4 Endpoints
--------------------------------------------------------------------------------------


Max Delay Paths
--------------------------------------------------------------------------------------
Slack:                    inf
  Source:                 u_accel_monitor/u_uart/tx_reg/C
                            (rising edge-triggered cell FDPE clocked by sys_clk_pin  {rise@0.000ns fall@5.000ns period=10.000ns})
  Destination:            uart_txd_out
                            (output port)
  Path Group:             (none)
  Path Type:              Max at Slow Process Corner
  Data Path Delay:        10.347ns  (logic 3.974ns (38.405%)  route 6.373ns (61.595%))
  Logic Levels:           1  (OBUF=1)
  Clock Uncertainty:      0.025ns  ((TSJ^2 + TIJ^2)^1/2 + DJ) / 2 + PE
    Total System Jitter     (TSJ):    0.050ns
    Total Input Jitter      (TIJ):    0.000ns
    Discrete Jitter          (DJ):    0.000ns
    Phase Error              (PE):    0.000ns

    Location             Delay type                Incr(ns)  Path(ns)    Netlist Resource(s)
  -------------------------------------------------------------------    -------------------
                         (clock sys_clk_pin rise edge)
                                                      0.000     0.000 r  
    W5                                                0.000     0.000 r  clk_100MHz (IN)
                         net (fo=0)                   0.000     0.000    clk_100MHz
    W5                   IBUF (Prop_ibuf_I_O)         1.458     1.458 r  clk_100MHz_IBUF_inst/O
                         net (fo=1, routed)           1.967     3.425    clk_100MHz_IBUF
    BUFGCTRL_X0Y0        BUFG (Prop_bufg_I_O)         0.096     3.521 r  clk_100MHz_IBUF_BUFG_inst/O
                         net (fo=424, routed)         1.569     5.090    u_accel_monitor/u_uart/clk_100MHz
    SLICE_X15Y3          FDPE                                         r  u_accel_monitor/u_uart/tx_reg/C
  -------------------------------------------------------------------    -------------------
    SLICE_X15Y3          FDPE (Prop_fdpe_C_Q)         0.456     5.546 r  u_accel_monitor/u_uart/tx_reg/Q
                         net (fo=1, routed)           6.373    11.919    uart_txd_out_OBUF
    A18                  OBUF (Prop_obuf_I_O)         3.518    15.437 r  uart_txd_out_OBUF_inst/O
                         net (fo=0)                   0.000    15.437    uart_txd_out
    A18                                                               r  uart_txd_out (OUT)
  -------------------------------------------------------------------    -------------------

Slack:                    inf
  Source:                 u_accel_monitor/u_accel/cs_n_reg/C
                            (rising edge-triggered cell FDPE clocked by sys_clk_pin  {rise@0.000ns fall@5.000ns period=10.000ns})
  Destination:            acl_cs_n
                            (output port)
  Path Group:             (none)
  Path Type:              Max at Slow Process Corner
  Data Path Delay:        10.209ns  (logic 4.023ns (39.405%)  route 6.186ns (60.595%))
  Logic Levels:           1  (OBUF=1)
  Clock Uncertainty:      0.025ns  ((TSJ^2 + TIJ^2)^1/2 + DJ) / 2 + PE
    Total System Jitter     (TSJ):    0.050ns
    Total Input Jitter      (TIJ):    0.000ns
    Discrete Jitter          (DJ):    0.000ns
    Phase Error              (PE):    0.000ns

    Location             Delay type                Incr(ns)  Path(ns)    Netlist Resource(s)
  -------------------------------------------------------------------    -------------------
                         (clock sys_clk_pin rise edge)
                                                      0.000     0.000 r  
    W5                                                0.000     0.000 r  clk_100MHz (IN)
                         net (fo=0)                   0.000     0.000    clk_100MHz
    W5                   IBUF (Prop_ibuf_I_O)         1.458     1.458 r  clk_100MHz_IBUF_inst/O
                         net (fo=1, routed)           1.967     3.425    clk_100MHz_IBUF
    BUFGCTRL_X0Y0        BUFG (Prop_bufg_I_O)         0.096     3.521 r  clk_100MHz_IBUF_BUFG_inst/O
                         net (fo=424, routed)         1.638     5.159    u_accel_monitor/u_accel/clk_100MHz
    SLICE_X2Y4           FDPE                                         r  u_accel_monitor/u_accel/cs_n_reg/C
  -------------------------------------------------------------------    -------------------
    SLICE_X2Y4           FDPE (Prop_fdpe_C_Q)         0.518     5.677 r  u_accel_monitor/u_accel/cs_n_reg/Q
                         net (fo=1, routed)           6.186    11.864    acl_cs_n_OBUF
    J1                   OBUF (Prop_obuf_I_O)         3.505    15.369 r  acl_cs_n_OBUF_inst/O
                         net (fo=0)                   0.000    15.369    acl_cs_n
    J1                                                                r  acl_cs_n (OUT)
  -------------------------------------------------------------------    -------------------

Slack:                    inf
  Source:                 u_accel_monitor/u_accel/u_spi/sclk_reg_reg/C
                            (rising edge-triggered cell FDCE clocked by sys_clk_pin  {rise@0.000ns fall@5.000ns period=10.000ns})
  Destination:            acl_sclk
                            (output port)
  Path Group:             (none)
  Path Type:              Max at Slow Process Corner
  Data Path Delay:        9.838ns  (logic 3.946ns (40.109%)  route 5.892ns (59.891%))
  Logic Levels:           1  (OBUF=1)
  Clock Uncertainty:      0.025ns  ((TSJ^2 + TIJ^2)^1/2 + DJ) / 2 + PE
    Total System Jitter     (TSJ):    0.050ns
    Total Input Jitter      (TIJ):    0.000ns
    Discrete Jitter          (DJ):    0.000ns
    Phase Error              (PE):    0.000ns

    Location             Delay type                Incr(ns)  Path(ns)    Netlist Resource(s)
  -------------------------------------------------------------------    -------------------
                         (clock sys_clk_pin rise edge)
                                                      0.000     0.000 r  
    W5                                                0.000     0.000 r  clk_100MHz (IN)
                         net (fo=0)                   0.000     0.000    clk_100MHz
    W5                   IBUF (Prop_ibuf_I_O)         1.458     1.458 r  clk_100MHz_IBUF_inst/O
                         net (fo=1, routed)           1.967     3.425    clk_100MHz_IBUF
    BUFGCTRL_X0Y0        BUFG (Prop_bufg_I_O)         0.096     3.521 r  clk_100MHz_IBUF_BUFG_inst/O
                         net (fo=424, routed)         1.569     5.090    u_accel_monitor/u_accel/u_spi/clk_100MHz
    SLICE_X15Y3          FDCE                                         r  u_accel_monitor/u_accel/u_spi/sclk_reg_reg/C
  -------------------------------------------------------------------    -------------------
    SLICE_X15Y3          FDCE (Prop_fdce_C_Q)         0.456     5.546 r  u_accel_monitor/u_accel/u_spi/sclk_reg_reg/Q
                         net (fo=1, routed)           5.892    11.438    acl_sclk_OBUF
    G2                   OBUF (Prop_obuf_I_O)         3.490    14.928 r  acl_sclk_OBUF_inst/O
                         net (fo=0)                   0.000    14.928    acl_sclk
    G2                                                                r  acl_sclk (OUT)
  -------------------------------------------------------------------    -------------------

Slack:                    inf
  Source:                 u_accel_monitor/u_accel/u_spi/tx_shiftreg_reg[7]/C
                            (rising edge-triggered cell FDCE clocked by sys_clk_pin  {rise@0.000ns fall@5.000ns period=10.000ns})
  Destination:            acl_mosi
                            (output port)
  Path Group:             (none)
  Path Type:              Max at Slow Process Corner
  Data Path Delay:        9.761ns  (logic 3.972ns (40.692%)  route 5.789ns (59.308%))
  Logic Levels:           1  (OBUF=1)
  Clock Uncertainty:      0.025ns  ((TSJ^2 + TIJ^2)^1/2 + DJ) / 2 + PE
    Total System Jitter     (TSJ):    0.050ns
    Total Input Jitter      (TIJ):    0.000ns
    Discrete Jitter          (DJ):    0.000ns
    Phase Error              (PE):    0.000ns

    Location             Delay type                Incr(ns)  Path(ns)    Netlist Resource(s)
  -------------------------------------------------------------------    -------------------
                         (clock sys_clk_pin rise edge)
                                                      0.000     0.000 r  
    W5                                                0.000     0.000 r  clk_100MHz (IN)
                         net (fo=0)                   0.000     0.000    clk_100MHz
    W5                   IBUF (Prop_ibuf_I_O)         1.458     1.458 r  clk_100MHz_IBUF_inst/O
                         net (fo=1, routed)           1.967     3.425    clk_100MHz_IBUF
    BUFGCTRL_X0Y0        BUFG (Prop_bufg_I_O)         0.096     3.521 r  clk_100MHz_IBUF_BUFG_inst/O
                         net (fo=424, routed)         1.570     5.091    u_accel_monitor/u_accel/u_spi/clk_100MHz
    SLICE_X13Y1          FDCE                                         r  u_accel_monitor/u_accel/u_spi/tx_shiftreg_reg[7]/C
  -------------------------------------------------------------------    -------------------
    SLICE_X13Y1          FDCE (Prop_fdce_C_Q)         0.456     5.547 r  u_accel_monitor/u_accel/u_spi/tx_shiftreg_reg[7]/Q
                         net (fo=1, routed)           5.789    11.336    acl_mosi_OBUF
    L2                   OBUF (Prop_obuf_I_O)         3.516    14.852 r  acl_mosi_OBUF_inst/O
                         net (fo=0)                   0.000    14.852    acl_mosi
    L2                                                                r  acl_mosi (OUT)
  -------------------------------------------------------------------    -------------------





Min Delay Paths
--------------------------------------------------------------------------------------
Slack:                    inf
  Source:                 u_accel_monitor/u_accel/u_spi/tx_shiftreg_reg[7]/C
                            (rising edge-triggered cell FDCE clocked by sys_clk_pin  {rise@0.000ns fall@5.000ns period=10.000ns})
  Destination:            acl_mosi
                            (output port)
  Path Group:             (none)
  Path Type:              Min at Fast Process Corner
  Data Path Delay:        3.656ns  (logic 1.358ns (37.144%)  route 2.298ns (62.856%))
  Logic Levels:           1  (OBUF=1)
  Clock Uncertainty:      0.025ns  ((TSJ^2 + TIJ^2)^1/2 + DJ) / 2 + PE
    Total System Jitter     (TSJ):    0.050ns
    Total Input Jitter      (TIJ):    0.000ns
    Discrete Jitter          (DJ):    0.000ns
    Phase Error              (PE):    0.000ns

    Location             Delay type                Incr(ns)  Path(ns)    Netlist Resource(s)
  -------------------------------------------------------------------    -------------------
                         (clock sys_clk_pin rise edge)
                                                      0.000     0.000 r  
    W5                                                0.000     0.000 r  clk_100MHz (IN)
                         net (fo=0)                   0.000     0.000    clk_100MHz
    W5                   IBUF (Prop_ibuf_I_O)         0.226     0.226 r  clk_100MHz_IBUF_inst/O
                         net (fo=1, routed)           0.631     0.858    clk_100MHz_IBUF
    BUFGCTRL_X0Y0        BUFG (Prop_bufg_I_O)         0.026     0.884 r  clk_100MHz_IBUF_BUFG_inst/O
                         net (fo=424, routed)         0.567     1.450    u_accel_monitor/u_accel/u_spi/clk_100MHz
    SLICE_X13Y1          FDCE                                         r  u_accel_monitor/u_accel/u_spi/tx_shiftreg_reg[7]/C
  -------------------------------------------------------------------    -------------------
    SLICE_X13Y1          FDCE (Prop_fdce_C_Q)         0.141     1.591 r  u_accel_monitor/u_accel/u_spi/tx_shiftreg_reg[7]/Q
                         net (fo=1, routed)           2.298     3.889    acl_mosi_OBUF
    L2                   OBUF (Prop_obuf_I_O)         1.217     5.106 r  acl_mosi_OBUF_inst/O
                         net (fo=0)                   0.000     5.106    acl_mosi
    L2                                                                r  acl_mosi (OUT)
  -------------------------------------------------------------------    -------------------

Slack:                    inf
  Source:                 u_accel_monitor/u_accel/u_spi/sclk_reg_reg/C
                            (rising edge-triggered cell FDCE clocked by sys_clk_pin  {rise@0.000ns fall@5.000ns period=10.000ns})
  Destination:            acl_sclk
                            (output port)
  Path Group:             (none)
  Path Type:              Min at Fast Process Corner
  Data Path Delay:        3.662ns  (logic 1.332ns (36.377%)  route 2.330ns (63.623%))
  Logic Levels:           1  (OBUF=1)
  Clock Uncertainty:      0.025ns  ((TSJ^2 + TIJ^2)^1/2 + DJ) / 2 + PE
    Total System Jitter     (TSJ):    0.050ns
    Total Input Jitter      (TIJ):    0.000ns
    Discrete Jitter          (DJ):    0.000ns
    Phase Error              (PE):    0.000ns

    Location             Delay type                Incr(ns)  Path(ns)    Netlist Resource(s)
  -------------------------------------------------------------------    -------------------
                         (clock sys_clk_pin rise edge)
                                                      0.000     0.000 r  
    W5                                                0.000     0.000 r  clk_100MHz (IN)
                         net (fo=0)                   0.000     0.000    clk_100MHz
    W5                   IBUF (Prop_ibuf_I_O)         0.226     0.226 r  clk_100MHz_IBUF_inst/O
                         net (fo=1, routed)           0.631     0.858    clk_100MHz_IBUF
    BUFGCTRL_X0Y0        BUFG (Prop_bufg_I_O)         0.026     0.884 r  clk_100MHz_IBUF_BUFG_inst/O
                         net (fo=424, routed)         0.566     1.449    u_accel_monitor/u_accel/u_spi/clk_100MHz
    SLICE_X15Y3          FDCE                                         r  u_accel_monitor/u_accel/u_spi/sclk_reg_reg/C
  -------------------------------------------------------------------    -------------------
    SLICE_X15Y3          FDCE (Prop_fdce_C_Q)         0.141     1.590 r  u_accel_monitor/u_accel/u_spi/sclk_reg_reg/Q
                         net (fo=1, routed)           2.330     3.920    acl_sclk_OBUF
    G2                   OBUF (Prop_obuf_I_O)         1.191     5.111 r  acl_sclk_OBUF_inst/O
                         net (fo=0)                   0.000     5.111    acl_sclk
    G2                                                                r  acl_sclk (OUT)
  -------------------------------------------------------------------    -------------------

Slack:                    inf
  Source:                 u_accel_monitor/u_uart/tx_reg/C
                            (rising edge-triggered cell FDPE clocked by sys_clk_pin  {rise@0.000ns fall@5.000ns period=10.000ns})
  Destination:            uart_txd_out
                            (output port)
  Path Group:             (none)
  Path Type:              Min at Fast Process Corner
  Data Path Delay:        3.862ns  (logic 1.360ns (35.210%)  route 2.502ns (64.790%))
  Logic Levels:           1  (OBUF=1)
  Clock Uncertainty:      0.025ns  ((TSJ^2 + TIJ^2)^1/2 + DJ) / 2 + PE
    Total System Jitter     (TSJ):    0.050ns
    Total Input Jitter      (TIJ):    0.000ns
    Discrete Jitter          (DJ):    0.000ns
    Phase Error              (PE):    0.000ns

    Location             Delay type                Incr(ns)  Path(ns)    Netlist Resource(s)
  -------------------------------------------------------------------    -------------------
                         (clock sys_clk_pin rise edge)
                                                      0.000     0.000 r  
    W5                                                0.000     0.000 r  clk_100MHz (IN)
                         net (fo=0)                   0.000     0.000    clk_100MHz
    W5                   IBUF (Prop_ibuf_I_O)         0.226     0.226 r  clk_100MHz_IBUF_inst/O
                         net (fo=1, routed)           0.631     0.858    clk_100MHz_IBUF
    BUFGCTRL_X0Y0        BUFG (Prop_bufg_I_O)         0.026     0.884 r  clk_100MHz_IBUF_BUFG_inst/O
                         net (fo=424, routed)         0.566     1.449    u_accel_monitor/u_uart/clk_100MHz
    SLICE_X15Y3          FDPE                                         r  u_accel_monitor/u_uart/tx_reg/C
  -------------------------------------------------------------------    -------------------
    SLICE_X15Y3          FDPE (Prop_fdpe_C_Q)         0.141     1.590 r  u_accel_monitor/u_uart/tx_reg/Q
                         net (fo=1, routed)           2.502     4.092    uart_txd_out_OBUF
    A18                  OBUF (Prop_obuf_I_O)         1.219     5.311 r  uart_txd_out_OBUF_inst/O
                         net (fo=0)                   0.000     5.311    uart_txd_out
    A18                                                               r  uart_txd_out (OUT)
  -------------------------------------------------------------------    -------------------

Slack:                    inf
  Source:                 u_accel_monitor/u_accel/cs_n_reg/C
                            (rising edge-triggered cell FDPE clocked by sys_clk_pin  {rise@0.000ns fall@5.000ns period=10.000ns})
  Destination:            acl_cs_n
                            (output port)
  Path Group:             (none)
  Path Type:              Min at Fast Process Corner
  Data Path Delay:        3.868ns  (logic 1.370ns (35.426%)  route 2.497ns (64.574%))
  Logic Levels:           1  (OBUF=1)
  Clock Uncertainty:      0.025ns  ((TSJ^2 + TIJ^2)^1/2 + DJ) / 2 + PE
    Total System Jitter     (TSJ):    0.050ns
    Total Input Jitter      (TIJ):    0.000ns
    Discrete Jitter          (DJ):    0.000ns
    Phase Error              (PE):    0.000ns

    Location             Delay type                Incr(ns)  Path(ns)    Netlist Resource(s)
  -------------------------------------------------------------------    -------------------
                         (clock sys_clk_pin rise edge)
                                                      0.000     0.000 r  
    W5                                                0.000     0.000 r  clk_100MHz (IN)
                         net (fo=0)                   0.000     0.000    clk_100MHz
    W5                   IBUF (Prop_ibuf_I_O)         0.226     0.226 r  clk_100MHz_IBUF_inst/O
                         net (fo=1, routed)           0.631     0.858    clk_100MHz_IBUF
    BUFGCTRL_X0Y0        BUFG (Prop_bufg_I_O)         0.026     0.884 r  clk_100MHz_IBUF_BUFG_inst/O
                         net (fo=424, routed)         0.595     1.478    u_accel_monitor/u_accel/clk_100MHz
    SLICE_X2Y4           FDPE                                         r  u_accel_monitor/u_accel/cs_n_reg/C
  -------------------------------------------------------------------    -------------------
    SLICE_X2Y4           FDPE (Prop_fdpe_C_Q)         0.164     1.642 r  u_accel_monitor/u_accel/cs_n_reg/Q
                         net (fo=1, routed)           2.497     4.140    acl_cs_n_OBUF
    J1                   OBUF (Prop_obuf_I_O)         1.206     5.346 r  acl_cs_n_OBUF_inst/O
                         net (fo=0)                   0.000     5.346    acl_cs_n
    J1                                                                r  acl_cs_n (OUT)
  -------------------------------------------------------------------    -------------------





--------------------------------------------------------------------------------------
Path Group:  (none)
From Clock:  
  To Clock:  clk_out1_clocking_wizard_clk_wiz_0_0

Max Delay           218 Endpoints
Min Delay           218 Endpoints
--------------------------------------------------------------------------------------


Max Delay Paths
--------------------------------------------------------------------------------------
Slack:                    inf
  Source:                 food_inst/fy_reg[4]_LDC/G
                            (positive level-sensitive latch)
  Destination:            food_inst/fy_reg[0]_C/D
                            (rising edge-triggered cell FDCE clocked by clk_out1_clocking_wizard_clk_wiz_0_0  {rise@0.000ns fall@19.863ns period=39.725ns})
  Path Group:             (none)
  Path Type:              Setup (Max at Slow Process Corner)
  Data Path Delay:        11.698ns  (logic 2.541ns (21.721%)  route 9.157ns (78.279%))
  Logic Levels:           9  (CARRY4=1 LDCE=1 LUT3=1 LUT4=1 LUT5=1 LUT6=4)
  Clock Uncertainty:      0.409ns  ((TSJ^2 + DJ^2)^1/2) / 2 + PE
    Total System Jitter     (TSJ):    0.050ns
    Discrete Jitter          (DJ):    0.320ns
    Phase Error              (PE):    0.247ns

    Location             Delay type                Incr(ns)  Path(ns)    Netlist Resource(s)
  -------------------------------------------------------------------    -------------------
    SLICE_X15Y21         LDCE                         0.000     0.000 r  food_inst/fy_reg[4]_LDC/G
    SLICE_X15Y21         LDCE (EnToQ_ldce_G_Q)        0.783     0.783 r  food_inst/fy_reg[4]_LDC/Q
                         net (fo=10, routed)          1.633     2.416    food_inst/fy_reg[4]_LDC_n_0
    SLICE_X12Y18         LUT3 (Prop_lut3_I1_O)        0.124     2.540 r  food_inst/overlap_d_i_61/O
                         net (fo=14, routed)          0.939     3.479    food_inst/fy_reg[8]_P_0[2]
    SLICE_X15Y15         LUT5 (Prop_lut5_I0_O)        0.150     3.629 f  food_inst/overlap_d_i_185/O
                         net (fo=5, routed)           0.906     4.536    food_inst/overlap_d_i_185_n_0
    SLICE_X13Y19         LUT6 (Prop_lut6_I0_O)        0.326     4.862 r  food_inst/overlap_d_i_144/O
                         net (fo=2, routed)           0.812     5.674    food_inst/overlap_d_i_144_n_0
    SLICE_X13Y17         LUT6 (Prop_lut6_I4_O)        0.124     5.798 r  food_inst/overlap_d_i_54/O
                         net (fo=1, routed)           0.000     5.798    food_inst/overlap_d_i_54_n_0
    SLICE_X13Y17         CARRY4 (Prop_carry4_S[0]_CO[1])
                                                      0.457     6.255 r  food_inst/overlap_d_reg_i_13/CO[1]
                         net (fo=1, routed)           1.004     7.258    food_inst/overlap_d_reg_i_13_n_2
    SLICE_X12Y17         LUT6 (Prop_lut6_I1_O)        0.329     7.587 r  food_inst/overlap_d_i_3/O
                         net (fo=2, routed)           1.101     8.688    food_inst/overlap_d_i_3_n_0
    SLICE_X8Y16          LUT6 (Prop_lut6_I3_O)        0.124     8.812 r  food_inst/fy[8]_P_i_1/O
                         net (fo=42, routed)          2.762    11.574    food_inst/eaten_pulse
    SLICE_X15Y16         LUT4 (Prop_lut4_I2_O)        0.124    11.698 r  food_inst/fy[0]_C_i_1/O
                         net (fo=1, routed)           0.000    11.698    food_inst/fy[0]_C_i_1_n_0
    SLICE_X15Y16         FDCE                                         r  food_inst/fy_reg[0]_C/D
  -------------------------------------------------------------------    -------------------

                         (clock clk_out1_clocking_wizard_clk_wiz_0_0 rise edge)
                                                      0.000     0.000 r  
    BUFGCTRL_X0Y0        BUFG                         0.000     0.000 r  clk_100MHz_IBUF_BUFG_inst/O
                         net (fo=424, routed)         1.457     1.457    clk_wiz_inst/clocking_wizard_i/clk_wiz_0/inst/clk_in1
    MMCME2_ADV_X1Y0      MMCME2_ADV (Prop_mmcme2_adv_CLKIN1_CLKOUT0)
                                                     -3.129    -1.672 r  clk_wiz_inst/clocking_wizard_i/clk_wiz_0/inst/mmcm_adv_inst/CLKOUT0
                         net (fo=1, routed)           1.581    -0.091    clk_wiz_inst/clocking_wizard_i/clk_wiz_0/inst/clk_out1_clocking_wizard_clk_wiz_0_0
    BUFGCTRL_X0Y1        BUFG (Prop_bufg_I_O)         0.091     0.000 r  clk_wiz_inst/clocking_wizard_i/clk_wiz_0/inst/clkout1_buf/O
                         net (fo=139, routed)         1.443     1.443    food_inst/CLK
    SLICE_X15Y16         FDCE                                         r  food_inst/fy_reg[0]_C/C

Slack:                    inf
  Source:                 food_inst/fy_reg[4]_LDC/G
                            (positive level-sensitive latch)
  Destination:            food_inst/fy_reg[1]_C/D
                            (rising edge-triggered cell FDCE clocked by clk_out1_clocking_wizard_clk_wiz_0_0  {rise@0.000ns fall@19.863ns period=39.725ns})
  Path Group:             (none)
  Path Type:              Setup (Max at Slow Process Corner)
  Data Path Delay:        11.695ns  (logic 2.541ns (21.727%)  route 9.154ns (78.273%))
  Logic Levels:           9  (CARRY4=1 LDCE=1 LUT3=1 LUT5=2 LUT6=4)
  Clock Uncertainty:      0.409ns  ((TSJ^2 + DJ^2)^1/2) / 2 + PE
    Total System Jitter     (TSJ):    0.050ns
    Discrete Jitter          (DJ):    0.320ns
    Phase Error              (PE):    0.247ns

    Location             Delay type                Incr(ns)  Path(ns)    Netlist Resource(s)
  -------------------------------------------------------------------    -------------------
    SLICE_X15Y21         LDCE                         0.000     0.000 r  food_inst/fy_reg[4]_LDC/G
    SLICE_X15Y21         LDCE (EnToQ_ldce_G_Q)        0.783     0.783 r  food_inst/fy_reg[4]_LDC/Q
                         net (fo=10, routed)          1.633     2.416    food_inst/fy_reg[4]_LDC_n_0
    SLICE_X12Y18         LUT3 (Prop_lut3_I1_O)        0.124     2.540 r  food_inst/overlap_d_i_61/O
                         net (fo=14, routed)          0.939     3.479    food_inst/fy_reg[8]_P_0[2]
    SLICE_X15Y15         LUT5 (Prop_lut5_I0_O)        0.150     3.629 f  food_inst/overlap_d_i_185/O
                         net (fo=5, routed)           0.906     4.536    food_inst/overlap_d_i_185_n_0
    SLICE_X13Y19         LUT6 (Prop_lut6_I0_O)        0.326     4.862 r  food_inst/overlap_d_i_144/O
                         net (fo=2, routed)           0.812     5.674    food_inst/overlap_d_i_144_n_0
    SLICE_X13Y17         LUT6 (Prop_lut6_I4_O)        0.124     5.798 r  food_inst/overlap_d_i_54/O
                         net (fo=1, routed)           0.000     5.798    food_inst/overlap_d_i_54_n_0
    SLICE_X13Y17         CARRY4 (Prop_carry4_S[0]_CO[1])
                                                      0.457     6.255 r  food_inst/overlap_d_reg_i_13/CO[1]
                         net (fo=1, routed)           1.004     7.258    food_inst/overlap_d_reg_i_13_n_2
    SLICE_X12Y17         LUT6 (Prop_lut6_I1_O)        0.329     7.587 r  food_inst/overlap_d_i_3/O
                         net (fo=2, routed)           1.101     8.688    food_inst/overlap_d_i_3_n_0
    SLICE_X8Y16          LUT6 (Prop_lut6_I3_O)        0.124     8.812 r  food_inst/fy[8]_P_i_1/O
                         net (fo=42, routed)          2.759    11.571    food_inst/eaten_pulse
    SLICE_X15Y17         LUT5 (Prop_lut5_I3_O)        0.124    11.695 r  food_inst/fy[1]_C_i_1/O
                         net (fo=1, routed)           0.000    11.695    food_inst/fy[1]_C_i_1_n_0
    SLICE_X15Y17         FDCE                                         r  food_inst/fy_reg[1]_C/D
  -------------------------------------------------------------------    -------------------

                         (clock clk_out1_clocking_wizard_clk_wiz_0_0 rise edge)
                                                      0.000     0.000 r  
    BUFGCTRL_X0Y0        BUFG                         0.000     0.000 r  clk_100MHz_IBUF_BUFG_inst/O
                         net (fo=424, routed)         1.457     1.457    clk_wiz_inst/clocking_wizard_i/clk_wiz_0/inst/clk_in1
    MMCME2_ADV_X1Y0      MMCME2_ADV (Prop_mmcme2_adv_CLKIN1_CLKOUT0)
                                                     -3.129    -1.672 r  clk_wiz_inst/clocking_wizard_i/clk_wiz_0/inst/mmcm_adv_inst/CLKOUT0
                         net (fo=1, routed)           1.581    -0.091    clk_wiz_inst/clocking_wizard_i/clk_wiz_0/inst/clk_out1_clocking_wizard_clk_wiz_0_0
    BUFGCTRL_X0Y1        BUFG (Prop_bufg_I_O)         0.091     0.000 r  clk_wiz_inst/clocking_wizard_i/clk_wiz_0/inst/clkout1_buf/O
                         net (fo=139, routed)         1.442     1.442    food_inst/CLK
    SLICE_X15Y17         FDCE                                         r  food_inst/fy_reg[1]_C/C

Slack:                    inf
  Source:                 food_inst/fy_reg[4]_LDC/G
                            (positive level-sensitive latch)
  Destination:            food_inst/fy_reg[6]_C/D
                            (rising edge-triggered cell FDCE clocked by clk_out1_clocking_wizard_clk_wiz_0_0  {rise@0.000ns fall@19.863ns period=39.725ns})
  Path Group:             (none)
  Path Type:              Setup (Max at Slow Process Corner)
  Data Path Delay:        11.537ns  (logic 2.541ns (22.026%)  route 8.996ns (77.974%))
  Logic Levels:           9  (CARRY4=1 LDCE=1 LUT3=2 LUT5=1 LUT6=4)
  Clock Uncertainty:      0.409ns  ((TSJ^2 + DJ^2)^1/2) / 2 + PE
    Total System Jitter     (TSJ):    0.050ns
    Discrete Jitter          (DJ):    0.320ns
    Phase Error              (PE):    0.247ns

    Location             Delay type                Incr(ns)  Path(ns)    Netlist Resource(s)
  -------------------------------------------------------------------    -------------------
    SLICE_X15Y21         LDCE                         0.000     0.000 r  food_inst/fy_reg[4]_LDC/G
    SLICE_X15Y21         LDCE (EnToQ_ldce_G_Q)        0.783     0.783 r  food_inst/fy_reg[4]_LDC/Q
                         net (fo=10, routed)          1.633     2.416    food_inst/fy_reg[4]_LDC_n_0
    SLICE_X12Y18         LUT3 (Prop_lut3_I1_O)        0.124     2.540 r  food_inst/overlap_d_i_61/O
                         net (fo=14, routed)          0.939     3.479    food_inst/fy_reg[8]_P_0[2]
    SLICE_X15Y15         LUT5 (Prop_lut5_I0_O)        0.150     3.629 f  food_inst/overlap_d_i_185/O
                         net (fo=5, routed)           0.906     4.536    food_inst/overlap_d_i_185_n_0
    SLICE_X13Y19         LUT6 (Prop_lut6_I0_O)        0.326     4.862 r  food_inst/overlap_d_i_144/O
                         net (fo=2, routed)           0.812     5.674    food_inst/overlap_d_i_144_n_0
    SLICE_X13Y17         LUT6 (Prop_lut6_I4_O)        0.124     5.798 r  food_inst/overlap_d_i_54/O
                         net (fo=1, routed)           0.000     5.798    food_inst/overlap_d_i_54_n_0
    SLICE_X13Y17         CARRY4 (Prop_carry4_S[0]_CO[1])
                                                      0.457     6.255 r  food_inst/overlap_d_reg_i_13/CO[1]
                         net (fo=1, routed)           1.004     7.258    food_inst/overlap_d_reg_i_13_n_2
    SLICE_X12Y17         LUT6 (Prop_lut6_I1_O)        0.329     7.587 r  food_inst/overlap_d_i_3/O
                         net (fo=2, routed)           1.101     8.688    food_inst/overlap_d_i_3_n_0
    SLICE_X8Y16          LUT6 (Prop_lut6_I3_O)        0.124     8.812 r  food_inst/fy[8]_P_i_1/O
                         net (fo=42, routed)          2.600    11.413    food_inst/eaten_pulse
    SLICE_X14Y19         LUT3 (Prop_lut3_I1_O)        0.124    11.537 r  food_inst/fy[6]_C_i_1/O
                         net (fo=1, routed)           0.000    11.537    food_inst/fy[6]_C_i_1_n_0
    SLICE_X14Y19         FDCE                                         r  food_inst/fy_reg[6]_C/D
  -------------------------------------------------------------------    -------------------

                         (clock clk_out1_clocking_wizard_clk_wiz_0_0 rise edge)
                                                      0.000     0.000 r  
    BUFGCTRL_X0Y0        BUFG                         0.000     0.000 r  clk_100MHz_IBUF_BUFG_inst/O
                         net (fo=424, routed)         1.457     1.457    clk_wiz_inst/clocking_wizard_i/clk_wiz_0/inst/clk_in1
    MMCME2_ADV_X1Y0      MMCME2_ADV (Prop_mmcme2_adv_CLKIN1_CLKOUT0)
                                                     -3.129    -1.672 r  clk_wiz_inst/clocking_wizard_i/clk_wiz_0/inst/mmcm_adv_inst/CLKOUT0
                         net (fo=1, routed)           1.581    -0.091    clk_wiz_inst/clocking_wizard_i/clk_wiz_0/inst/clk_out1_clocking_wizard_clk_wiz_0_0
    BUFGCTRL_X0Y1        BUFG (Prop_bufg_I_O)         0.091     0.000 r  clk_wiz_inst/clocking_wizard_i/clk_wiz_0/inst/clkout1_buf/O
                         net (fo=139, routed)         1.439     1.439    food_inst/CLK
    SLICE_X14Y19         FDCE                                         r  food_inst/fy_reg[6]_C/C

Slack:                    inf
  Source:                 food_inst/fy_reg[4]_LDC/G
                            (positive level-sensitive latch)
  Destination:            food_inst/color_sel_reg[0]_C/D
                            (rising edge-triggered cell FDCE clocked by clk_out1_clocking_wizard_clk_wiz_0_0  {rise@0.000ns fall@19.863ns period=39.725ns})
  Path Group:             (none)
  Path Type:              Setup (Max at Slow Process Corner)
  Data Path Delay:        11.235ns  (logic 2.541ns (22.617%)  route 8.694ns (77.383%))
  Logic Levels:           9  (CARRY4=1 LDCE=1 LUT3=1 LUT5=2 LUT6=4)
  Clock Uncertainty:      0.409ns  ((TSJ^2 + DJ^2)^1/2) / 2 + PE
    Total System Jitter     (TSJ):    0.050ns
    Discrete Jitter          (DJ):    0.320ns
    Phase Error              (PE):    0.247ns

    Location             Delay type                Incr(ns)  Path(ns)    Netlist Resource(s)
  -------------------------------------------------------------------    -------------------
    SLICE_X15Y21         LDCE                         0.000     0.000 r  food_inst/fy_reg[4]_LDC/G
    SLICE_X15Y21         LDCE (EnToQ_ldce_G_Q)        0.783     0.783 r  food_inst/fy_reg[4]_LDC/Q
                         net (fo=10, routed)          1.633     2.416    food_inst/fy_reg[4]_LDC_n_0
    SLICE_X12Y18         LUT3 (Prop_lut3_I1_O)        0.124     2.540 r  food_inst/overlap_d_i_61/O
                         net (fo=14, routed)          0.939     3.479    food_inst/fy_reg[8]_P_0[2]
    SLICE_X15Y15         LUT5 (Prop_lut5_I0_O)        0.150     3.629 f  food_inst/overlap_d_i_185/O
                         net (fo=5, routed)           0.906     4.536    food_inst/overlap_d_i_185_n_0
    SLICE_X13Y19         LUT6 (Prop_lut6_I0_O)        0.326     4.862 r  food_inst/overlap_d_i_144/O
                         net (fo=2, routed)           0.812     5.674    food_inst/overlap_d_i_144_n_0
    SLICE_X13Y17         LUT6 (Prop_lut6_I4_O)        0.124     5.798 r  food_inst/overlap_d_i_54/O
                         net (fo=1, routed)           0.000     5.798    food_inst/overlap_d_i_54_n_0
    SLICE_X13Y17         CARRY4 (Prop_carry4_S[0]_CO[1])
                                                      0.457     6.255 r  food_inst/overlap_d_reg_i_13/CO[1]
                         net (fo=1, routed)           1.004     7.258    food_inst/overlap_d_reg_i_13_n_2
    SLICE_X12Y17         LUT6 (Prop_lut6_I1_O)        0.329     7.587 r  food_inst/overlap_d_i_3/O
                         net (fo=2, routed)           1.101     8.688    food_inst/overlap_d_i_3_n_0
    SLICE_X8Y16          LUT6 (Prop_lut6_I3_O)        0.124     8.812 r  food_inst/fy[8]_P_i_1/O
                         net (fo=42, routed)          2.299    11.111    food_inst/eaten_pulse
    SLICE_X3Y22          LUT5 (Prop_lut5_I3_O)        0.124    11.235 r  food_inst/color_sel[0]_C_i_1/O
                         net (fo=1, routed)           0.000    11.235    food_inst/color_sel[0]_C_i_1_n_0
    SLICE_X3Y22          FDCE                                         r  food_inst/color_sel_reg[0]_C/D
  -------------------------------------------------------------------    -------------------

                         (clock clk_out1_clocking_wizard_clk_wiz_0_0 rise edge)
                                                      0.000     0.000 r  
    BUFGCTRL_X0Y0        BUFG                         0.000     0.000 r  clk_100MHz_IBUF_BUFG_inst/O
                         net (fo=424, routed)         1.457     1.457    clk_wiz_inst/clocking_wizard_i/clk_wiz_0/inst/clk_in1
    MMCME2_ADV_X1Y0      MMCME2_ADV (Prop_mmcme2_adv_CLKIN1_CLKOUT0)
                                                     -3.129    -1.672 r  clk_wiz_inst/clocking_wizard_i/clk_wiz_0/inst/mmcm_adv_inst/CLKOUT0
                         net (fo=1, routed)           1.581    -0.091    clk_wiz_inst/clocking_wizard_i/clk_wiz_0/inst/clk_out1_clocking_wizard_clk_wiz_0_0
    BUFGCTRL_X0Y1        BUFG (Prop_bufg_I_O)         0.091     0.000 r  clk_wiz_inst/clocking_wizard_i/clk_wiz_0/inst/clkout1_buf/O
                         net (fo=139, routed)         1.505     1.505    food_inst/CLK
    SLICE_X3Y22          FDCE                                         r  food_inst/color_sel_reg[0]_C/C

Slack:                    inf
  Source:                 food_inst/fy_reg[4]_LDC/G
                            (positive level-sensitive latch)
  Destination:            food_inst/fy_reg[4]_C/D
                            (rising edge-triggered cell FDCE clocked by clk_out1_clocking_wizard_clk_wiz_0_0  {rise@0.000ns fall@19.863ns period=39.725ns})
  Path Group:             (none)
  Path Type:              Setup (Max at Slow Process Corner)
  Data Path Delay:        11.227ns  (logic 2.541ns (22.633%)  route 8.686ns (77.367%))
  Logic Levels:           9  (CARRY4=1 LDCE=1 LUT3=1 LUT5=2 LUT6=4)
  Clock Uncertainty:      0.409ns  ((TSJ^2 + DJ^2)^1/2) / 2 + PE
    Total System Jitter     (TSJ):    0.050ns
    Discrete Jitter          (DJ):    0.320ns
    Phase Error              (PE):    0.247ns

    Location             Delay type                Incr(ns)  Path(ns)    Netlist Resource(s)
  -------------------------------------------------------------------    -------------------
    SLICE_X15Y21         LDCE                         0.000     0.000 r  food_inst/fy_reg[4]_LDC/G
    SLICE_X15Y21         LDCE (EnToQ_ldce_G_Q)        0.783     0.783 r  food_inst/fy_reg[4]_LDC/Q
                         net (fo=10, routed)          1.633     2.416    food_inst/fy_reg[4]_LDC_n_0
    SLICE_X12Y18         LUT3 (Prop_lut3_I1_O)        0.124     2.540 r  food_inst/overlap_d_i_61/O
                         net (fo=14, routed)          0.939     3.479    food_inst/fy_reg[8]_P_0[2]
    SLICE_X15Y15         LUT5 (Prop_lut5_I0_O)        0.150     3.629 f  food_inst/overlap_d_i_185/O
                         net (fo=5, routed)           0.906     4.536    food_inst/overlap_d_i_185_n_0
    SLICE_X13Y19         LUT6 (Prop_lut6_I0_O)        0.326     4.862 r  food_inst/overlap_d_i_144/O
                         net (fo=2, routed)           0.812     5.674    food_inst/overlap_d_i_144_n_0
    SLICE_X13Y17         LUT6 (Prop_lut6_I4_O)        0.124     5.798 r  food_inst/overlap_d_i_54/O
                         net (fo=1, routed)           0.000     5.798    food_inst/overlap_d_i_54_n_0
    SLICE_X13Y17         CARRY4 (Prop_carry4_S[0]_CO[1])
                                                      0.457     6.255 r  food_inst/overlap_d_reg_i_13/CO[1]
                         net (fo=1, routed)           1.004     7.258    food_inst/overlap_d_reg_i_13_n_2
    SLICE_X12Y17         LUT6 (Prop_lut6_I1_O)        0.329     7.587 r  food_inst/overlap_d_i_3/O
                         net (fo=2, routed)           1.101     8.688    food_inst/overlap_d_i_3_n_0
    SLICE_X8Y16          LUT6 (Prop_lut6_I3_O)        0.124     8.812 r  food_inst/fy[8]_P_i_1/O
                         net (fo=42, routed)          2.291    11.103    food_inst/eaten_pulse
    SLICE_X14Y21         LUT5 (Prop_lut5_I3_O)        0.124    11.227 r  food_inst/fy[4]_C_i_1/O
                         net (fo=1, routed)           0.000    11.227    food_inst/fy[4]_C_i_1_n_0
    SLICE_X14Y21         FDCE                                         r  food_inst/fy_reg[4]_C/D
  -------------------------------------------------------------------    -------------------

                         (clock clk_out1_clocking_wizard_clk_wiz_0_0 rise edge)
                                                      0.000     0.000 r  
    BUFGCTRL_X0Y0        BUFG                         0.000     0.000 r  clk_100MHz_IBUF_BUFG_inst/O
                         net (fo=424, routed)         1.457     1.457    clk_wiz_inst/clocking_wizard_i/clk_wiz_0/inst/clk_in1
    MMCME2_ADV_X1Y0      MMCME2_ADV (Prop_mmcme2_adv_CLKIN1_CLKOUT0)
                                                     -3.129    -1.672 r  clk_wiz_inst/clocking_wizard_i/clk_wiz_0/inst/mmcm_adv_inst/CLKOUT0
                         net (fo=1, routed)           1.581    -0.091    clk_wiz_inst/clocking_wizard_i/clk_wiz_0/inst/clk_out1_clocking_wizard_clk_wiz_0_0
    BUFGCTRL_X0Y1        BUFG (Prop_bufg_I_O)         0.091     0.000 r  clk_wiz_inst/clocking_wizard_i/clk_wiz_0/inst/clkout1_buf/O
                         net (fo=139, routed)         1.438     1.438    food_inst/CLK
    SLICE_X14Y21         FDCE                                         r  food_inst/fy_reg[4]_C/C

Slack:                    inf
  Source:                 food_inst/fy_reg[4]_LDC/G
                            (positive level-sensitive latch)
  Destination:            food_inst/fy_reg[8]_C/D
                            (rising edge-triggered cell FDCE clocked by clk_out1_clocking_wizard_clk_wiz_0_0  {rise@0.000ns fall@19.863ns period=39.725ns})
  Path Group:             (none)
  Path Type:              Setup (Max at Slow Process Corner)
  Data Path Delay:        11.198ns  (logic 2.541ns (22.692%)  route 8.657ns (77.308%))
  Logic Levels:           9  (CARRY4=1 LDCE=1 LUT3=2 LUT5=1 LUT6=4)
  Clock Uncertainty:      0.409ns  ((TSJ^2 + DJ^2)^1/2) / 2 + PE
    Total System Jitter     (TSJ):    0.050ns
    Discrete Jitter          (DJ):    0.320ns
    Phase Error              (PE):    0.247ns

    Location             Delay type                Incr(ns)  Path(ns)    Netlist Resource(s)
  -------------------------------------------------------------------    -------------------
    SLICE_X15Y21         LDCE                         0.000     0.000 r  food_inst/fy_reg[4]_LDC/G
    SLICE_X15Y21         LDCE (EnToQ_ldce_G_Q)        0.783     0.783 r  food_inst/fy_reg[4]_LDC/Q
                         net (fo=10, routed)          1.633     2.416    food_inst/fy_reg[4]_LDC_n_0
    SLICE_X12Y18         LUT3 (Prop_lut3_I1_O)        0.124     2.540 r  food_inst/overlap_d_i_61/O
                         net (fo=14, routed)          0.939     3.479    food_inst/fy_reg[8]_P_0[2]
    SLICE_X15Y15         LUT5 (Prop_lut5_I0_O)        0.150     3.629 f  food_inst/overlap_d_i_185/O
                         net (fo=5, routed)           0.906     4.536    food_inst/overlap_d_i_185_n_0
    SLICE_X13Y19         LUT6 (Prop_lut6_I0_O)        0.326     4.862 r  food_inst/overlap_d_i_144/O
                         net (fo=2, routed)           0.812     5.674    food_inst/overlap_d_i_144_n_0
    SLICE_X13Y17         LUT6 (Prop_lut6_I4_O)        0.124     5.798 r  food_inst/overlap_d_i_54/O
                         net (fo=1, routed)           0.000     5.798    food_inst/overlap_d_i_54_n_0
    SLICE_X13Y17         CARRY4 (Prop_carry4_S[0]_CO[1])
                                                      0.457     6.255 r  food_inst/overlap_d_reg_i_13/CO[1]
                         net (fo=1, routed)           1.004     7.258    food_inst/overlap_d_reg_i_13_n_2
    SLICE_X12Y17         LUT6 (Prop_lut6_I1_O)        0.329     7.587 r  food_inst/overlap_d_i_3/O
                         net (fo=2, routed)           1.101     8.688    food_inst/overlap_d_i_3_n_0
    SLICE_X8Y16          LUT6 (Prop_lut6_I3_O)        0.124     8.812 r  food_inst/fy[8]_P_i_1/O
                         net (fo=42, routed)          1.932    10.744    food_inst/eaten_pulse
    SLICE_X11Y19         LUT3 (Prop_lut3_I1_O)        0.124    10.868 r  food_inst/fy[8]_C_i_1/O
                         net (fo=1, routed)           0.330    11.198    food_inst/fy[8]_C_i_1_n_0
    SLICE_X11Y18         FDCE                                         r  food_inst/fy_reg[8]_C/D
  -------------------------------------------------------------------    -------------------

                         (clock clk_out1_clocking_wizard_clk_wiz_0_0 rise edge)
                                                      0.000     0.000 r  
    BUFGCTRL_X0Y0        BUFG                         0.000     0.000 r  clk_100MHz_IBUF_BUFG_inst/O
                         net (fo=424, routed)         1.457     1.457    clk_wiz_inst/clocking_wizard_i/clk_wiz_0/inst/clk_in1
    MMCME2_ADV_X1Y0      MMCME2_ADV (Prop_mmcme2_adv_CLKIN1_CLKOUT0)
                                                     -3.129    -1.672 r  clk_wiz_inst/clocking_wizard_i/clk_wiz_0/inst/mmcm_adv_inst/CLKOUT0
                         net (fo=1, routed)           1.581    -0.091    clk_wiz_inst/clocking_wizard_i/clk_wiz_0/inst/clk_out1_clocking_wizard_clk_wiz_0_0
    BUFGCTRL_X0Y1        BUFG (Prop_bufg_I_O)         0.091     0.000 r  clk_wiz_inst/clocking_wizard_i/clk_wiz_0/inst/clkout1_buf/O
                         net (fo=139, routed)         1.441     1.441    food_inst/CLK
    SLICE_X11Y18         FDCE                                         r  food_inst/fy_reg[8]_C/C

Slack:                    inf
  Source:                 food_inst/fy_reg[4]_LDC/G
                            (positive level-sensitive latch)
  Destination:            food_inst/fy_reg[1]_P/CE
                            (rising edge-triggered cell FDPE clocked by clk_out1_clocking_wizard_clk_wiz_0_0  {rise@0.000ns fall@19.863ns period=39.725ns})
  Path Group:             (none)
  Path Type:              Setup (Max at Slow Process Corner)
  Data Path Delay:        11.106ns  (logic 2.417ns (21.763%)  route 8.689ns (78.237%))
  Logic Levels:           8  (CARRY4=1 LDCE=1 LUT3=1 LUT5=1 LUT6=4)
  Clock Uncertainty:      0.409ns  ((TSJ^2 + DJ^2)^1/2) / 2 + PE
    Total System Jitter     (TSJ):    0.050ns
    Discrete Jitter          (DJ):    0.320ns
    Phase Error              (PE):    0.247ns

    Location             Delay type                Incr(ns)  Path(ns)    Netlist Resource(s)
  -------------------------------------------------------------------    -------------------
    SLICE_X15Y21         LDCE                         0.000     0.000 r  food_inst/fy_reg[4]_LDC/G
    SLICE_X15Y21         LDCE (EnToQ_ldce_G_Q)        0.783     0.783 r  food_inst/fy_reg[4]_LDC/Q
                         net (fo=10, routed)          1.633     2.416    food_inst/fy_reg[4]_LDC_n_0
    SLICE_X12Y18         LUT3 (Prop_lut3_I1_O)        0.124     2.540 r  food_inst/overlap_d_i_61/O
                         net (fo=14, routed)          0.939     3.479    food_inst/fy_reg[8]_P_0[2]
    SLICE_X15Y15         LUT5 (Prop_lut5_I0_O)        0.150     3.629 f  food_inst/overlap_d_i_185/O
                         net (fo=5, routed)           0.906     4.536    food_inst/overlap_d_i_185_n_0
    SLICE_X13Y19         LUT6 (Prop_lut6_I0_O)        0.326     4.862 r  food_inst/overlap_d_i_144/O
                         net (fo=2, routed)           0.812     5.674    food_inst/overlap_d_i_144_n_0
    SLICE_X13Y17         LUT6 (Prop_lut6_I4_O)        0.124     5.798 r  food_inst/overlap_d_i_54/O
                         net (fo=1, routed)           0.000     5.798    food_inst/overlap_d_i_54_n_0
    SLICE_X13Y17         CARRY4 (Prop_carry4_S[0]_CO[1])
                                                      0.457     6.255 r  food_inst/overlap_d_reg_i_13/CO[1]
                         net (fo=1, routed)           1.004     7.258    food_inst/overlap_d_reg_i_13_n_2
    SLICE_X12Y17         LUT6 (Prop_lut6_I1_O)        0.329     7.587 r  food_inst/overlap_d_i_3/O
                         net (fo=2, routed)           1.101     8.688    food_inst/overlap_d_i_3_n_0
    SLICE_X8Y16          LUT6 (Prop_lut6_I3_O)        0.124     8.812 r  food_inst/fy[8]_P_i_1/O
                         net (fo=42, routed)          2.294    11.106    food_inst/eaten_pulse
    SLICE_X12Y17         FDPE                                         r  food_inst/fy_reg[1]_P/CE
  -------------------------------------------------------------------    -------------------

                         (clock clk_out1_clocking_wizard_clk_wiz_0_0 rise edge)
                                                      0.000     0.000 r  
    BUFGCTRL_X0Y0        BUFG                         0.000     0.000 r  clk_100MHz_IBUF_BUFG_inst/O
                         net (fo=424, routed)         1.457     1.457    clk_wiz_inst/clocking_wizard_i/clk_wiz_0/inst/clk_in1
    MMCME2_ADV_X1Y0      MMCME2_ADV (Prop_mmcme2_adv_CLKIN1_CLKOUT0)
                                                     -3.129    -1.672 r  clk_wiz_inst/clocking_wizard_i/clk_wiz_0/inst/mmcm_adv_inst/CLKOUT0
                         net (fo=1, routed)           1.581    -0.091    clk_wiz_inst/clocking_wizard_i/clk_wiz_0/inst/clk_out1_clocking_wizard_clk_wiz_0_0
    BUFGCTRL_X0Y1        BUFG (Prop_bufg_I_O)         0.091     0.000 r  clk_wiz_inst/clocking_wizard_i/clk_wiz_0/inst/clkout1_buf/O
                         net (fo=139, routed)         1.442     1.442    food_inst/CLK
    SLICE_X12Y17         FDPE                                         r  food_inst/fy_reg[1]_P/C

Slack:                    inf
  Source:                 food_inst/fy_reg[4]_LDC/G
                            (positive level-sensitive latch)
  Destination:            food_inst/fx_reg[8]_C/D
                            (rising edge-triggered cell FDCE clocked by clk_out1_clocking_wizard_clk_wiz_0_0  {rise@0.000ns fall@19.863ns period=39.725ns})
  Path Group:             (none)
  Path Type:              Setup (Max at Slow Process Corner)
  Data Path Delay:        11.105ns  (logic 2.541ns (22.882%)  route 8.564ns (77.118%))
  Logic Levels:           9  (CARRY4=1 LDCE=1 LUT3=2 LUT5=1 LUT6=4)
  Clock Uncertainty:      0.409ns  ((TSJ^2 + DJ^2)^1/2) / 2 + PE
    Total System Jitter     (TSJ):    0.050ns
    Discrete Jitter          (DJ):    0.320ns
    Phase Error              (PE):    0.247ns

    Location             Delay type                Incr(ns)  Path(ns)    Netlist Resource(s)
  -------------------------------------------------------------------    -------------------
    SLICE_X15Y21         LDCE                         0.000     0.000 r  food_inst/fy_reg[4]_LDC/G
    SLICE_X15Y21         LDCE (EnToQ_ldce_G_Q)        0.783     0.783 r  food_inst/fy_reg[4]_LDC/Q
                         net (fo=10, routed)          1.633     2.416    food_inst/fy_reg[4]_LDC_n_0
    SLICE_X12Y18         LUT3 (Prop_lut3_I1_O)        0.124     2.540 r  food_inst/overlap_d_i_61/O
                         net (fo=14, routed)          0.939     3.479    food_inst/fy_reg[8]_P_0[2]
    SLICE_X15Y15         LUT5 (Prop_lut5_I0_O)        0.150     3.629 f  food_inst/overlap_d_i_185/O
                         net (fo=5, routed)           0.906     4.536    food_inst/overlap_d_i_185_n_0
    SLICE_X13Y19         LUT6 (Prop_lut6_I0_O)        0.326     4.862 r  food_inst/overlap_d_i_144/O
                         net (fo=2, routed)           0.812     5.674    food_inst/overlap_d_i_144_n_0
    SLICE_X13Y17         LUT6 (Prop_lut6_I4_O)        0.124     5.798 r  food_inst/overlap_d_i_54/O
                         net (fo=1, routed)           0.000     5.798    food_inst/overlap_d_i_54_n_0
    SLICE_X13Y17         CARRY4 (Prop_carry4_S[0]_CO[1])
                                                      0.457     6.255 r  food_inst/overlap_d_reg_i_13/CO[1]
                         net (fo=1, routed)           1.004     7.258    food_inst/overlap_d_reg_i_13_n_2
    SLICE_X12Y17         LUT6 (Prop_lut6_I1_O)        0.329     7.587 r  food_inst/overlap_d_i_3/O
                         net (fo=2, routed)           1.101     8.688    food_inst/overlap_d_i_3_n_0
    SLICE_X8Y16          LUT6 (Prop_lut6_I3_O)        0.124     8.812 r  food_inst/fy[8]_P_i_1/O
                         net (fo=42, routed)          2.169    10.981    food_inst/eaten_pulse
    SLICE_X6Y19          LUT3 (Prop_lut3_I1_O)        0.124    11.105 r  food_inst/fx[8]_C_i_1/O
                         net (fo=1, routed)           0.000    11.105    food_inst/fx[8]_C_i_1_n_0
    SLICE_X6Y19          FDCE                                         r  food_inst/fx_reg[8]_C/D
  -------------------------------------------------------------------    -------------------

                         (clock clk_out1_clocking_wizard_clk_wiz_0_0 rise edge)
                                                      0.000     0.000 r  
    BUFGCTRL_X0Y0        BUFG                         0.000     0.000 r  clk_100MHz_IBUF_BUFG_inst/O
                         net (fo=424, routed)         1.457     1.457    clk_wiz_inst/clocking_wizard_i/clk_wiz_0/inst/clk_in1
    MMCME2_ADV_X1Y0      MMCME2_ADV (Prop_mmcme2_adv_CLKIN1_CLKOUT0)
                                                     -3.129    -1.672 r  clk_wiz_inst/clocking_wizard_i/clk_wiz_0/inst/mmcm_adv_inst/CLKOUT0
                         net (fo=1, routed)           1.581    -0.091    clk_wiz_inst/clocking_wizard_i/clk_wiz_0/inst/clk_out1_clocking_wizard_clk_wiz_0_0
    BUFGCTRL_X0Y1        BUFG (Prop_bufg_I_O)         0.091     0.000 r  clk_wiz_inst/clocking_wizard_i/clk_wiz_0/inst/clkout1_buf/O
                         net (fo=139, routed)         1.506     1.506    food_inst/CLK
    SLICE_X6Y19          FDCE                                         r  food_inst/fx_reg[8]_C/C

Slack:                    inf
  Source:                 food_inst/fy_reg[4]_LDC/G
                            (positive level-sensitive latch)
  Destination:            food_inst/fy_reg[2]_P/CE
                            (rising edge-triggered cell FDPE clocked by clk_out1_clocking_wizard_clk_wiz_0_0  {rise@0.000ns fall@19.863ns period=39.725ns})
  Path Group:             (none)
  Path Type:              Setup (Max at Slow Process Corner)
  Data Path Delay:        11.083ns  (logic 2.417ns (21.809%)  route 8.666ns (78.191%))
  Logic Levels:           8  (CARRY4=1 LDCE=1 LUT3=1 LUT5=1 LUT6=4)
  Clock Uncertainty:      0.409ns  ((TSJ^2 + DJ^2)^1/2) / 2 + PE
    Total System Jitter     (TSJ):    0.050ns
    Discrete Jitter          (DJ):    0.320ns
    Phase Error              (PE):    0.247ns

    Location             Delay type                Incr(ns)  Path(ns)    Netlist Resource(s)
  -------------------------------------------------------------------    -------------------
    SLICE_X15Y21         LDCE                         0.000     0.000 r  food_inst/fy_reg[4]_LDC/G
    SLICE_X15Y21         LDCE (EnToQ_ldce_G_Q)        0.783     0.783 r  food_inst/fy_reg[4]_LDC/Q
                         net (fo=10, routed)          1.633     2.416    food_inst/fy_reg[4]_LDC_n_0
    SLICE_X12Y18         LUT3 (Prop_lut3_I1_O)        0.124     2.540 r  food_inst/overlap_d_i_61/O
                         net (fo=14, routed)          0.939     3.479    food_inst/fy_reg[8]_P_0[2]
    SLICE_X15Y15         LUT5 (Prop_lut5_I0_O)        0.150     3.629 f  food_inst/overlap_d_i_185/O
                         net (fo=5, routed)           0.906     4.536    food_inst/overlap_d_i_185_n_0
    SLICE_X13Y19         LUT6 (Prop_lut6_I0_O)        0.326     4.862 r  food_inst/overlap_d_i_144/O
                         net (fo=2, routed)           0.812     5.674    food_inst/overlap_d_i_144_n_0
    SLICE_X13Y17         LUT6 (Prop_lut6_I4_O)        0.124     5.798 r  food_inst/overlap_d_i_54/O
                         net (fo=1, routed)           0.000     5.798    food_inst/overlap_d_i_54_n_0
    SLICE_X13Y17         CARRY4 (Prop_carry4_S[0]_CO[1])
                                                      0.457     6.255 r  food_inst/overlap_d_reg_i_13/CO[1]
                         net (fo=1, routed)           1.004     7.258    food_inst/overlap_d_reg_i_13_n_2
    SLICE_X12Y17         LUT6 (Prop_lut6_I1_O)        0.329     7.587 r  food_inst/overlap_d_i_3/O
                         net (fo=2, routed)           1.101     8.688    food_inst/overlap_d_i_3_n_0
    SLICE_X8Y16          LUT6 (Prop_lut6_I3_O)        0.124     8.812 r  food_inst/fy[8]_P_i_1/O
                         net (fo=42, routed)          2.270    11.083    food_inst/eaten_pulse
    SLICE_X13Y18         FDPE                                         r  food_inst/fy_reg[2]_P/CE
  -------------------------------------------------------------------    -------------------

                         (clock clk_out1_clocking_wizard_clk_wiz_0_0 rise edge)
                                                      0.000     0.000 r  
    BUFGCTRL_X0Y0        BUFG                         0.000     0.000 r  clk_100MHz_IBUF_BUFG_inst/O
                         net (fo=424, routed)         1.457     1.457    clk_wiz_inst/clocking_wizard_i/clk_wiz_0/inst/clk_in1
    MMCME2_ADV_X1Y0      MMCME2_ADV (Prop_mmcme2_adv_CLKIN1_CLKOUT0)
                                                     -3.129    -1.672 r  clk_wiz_inst/clocking_wizard_i/clk_wiz_0/inst/mmcm_adv_inst/CLKOUT0
                         net (fo=1, routed)           1.581    -0.091    clk_wiz_inst/clocking_wizard_i/clk_wiz_0/inst/clk_out1_clocking_wizard_clk_wiz_0_0
    BUFGCTRL_X0Y1        BUFG (Prop_bufg_I_O)         0.091     0.000 r  clk_wiz_inst/clocking_wizard_i/clk_wiz_0/inst/clkout1_buf/O
                         net (fo=139, routed)         1.440     1.440    food_inst/CLK
    SLICE_X13Y18         FDPE                                         r  food_inst/fy_reg[2]_P/C

Slack:                    inf
  Source:                 food_inst/fy_reg[4]_LDC/G
                            (positive level-sensitive latch)
  Destination:            food_inst/fy_reg[3]_C/D
                            (rising edge-triggered cell FDCE clocked by clk_out1_clocking_wizard_clk_wiz_0_0  {rise@0.000ns fall@19.863ns period=39.725ns})
  Path Group:             (none)
  Path Type:              Setup (Max at Slow Process Corner)
  Data Path Delay:        11.021ns  (logic 2.541ns (23.055%)  route 8.480ns (76.945%))
  Logic Levels:           9  (CARRY4=1 LDCE=1 LUT3=1 LUT5=2 LUT6=4)
  Clock Uncertainty:      0.409ns  ((TSJ^2 + DJ^2)^1/2) / 2 + PE
    Total System Jitter     (TSJ):    0.050ns
    Discrete Jitter          (DJ):    0.320ns
    Phase Error              (PE):    0.247ns

    Location             Delay type                Incr(ns)  Path(ns)    Netlist Resource(s)
  -------------------------------------------------------------------    -------------------
    SLICE_X15Y21         LDCE                         0.000     0.000 r  food_inst/fy_reg[4]_LDC/G
    SLICE_X15Y21         LDCE (EnToQ_ldce_G_Q)        0.783     0.783 r  food_inst/fy_reg[4]_LDC/Q
                         net (fo=10, routed)          1.633     2.416    food_inst/fy_reg[4]_LDC_n_0
    SLICE_X12Y18         LUT3 (Prop_lut3_I1_O)        0.124     2.540 r  food_inst/overlap_d_i_61/O
                         net (fo=14, routed)          0.939     3.479    food_inst/fy_reg[8]_P_0[2]
    SLICE_X15Y15         LUT5 (Prop_lut5_I0_O)        0.150     3.629 f  food_inst/overlap_d_i_185/O
                         net (fo=5, routed)           0.906     4.536    food_inst/overlap_d_i_185_n_0
    SLICE_X13Y19         LUT6 (Prop_lut6_I0_O)        0.326     4.862 r  food_inst/overlap_d_i_144/O
                         net (fo=2, routed)           0.812     5.674    food_inst/overlap_d_i_144_n_0
    SLICE_X13Y17         LUT6 (Prop_lut6_I4_O)        0.124     5.798 r  food_inst/overlap_d_i_54/O
                         net (fo=1, routed)           0.000     5.798    food_inst/overlap_d_i_54_n_0
    SLICE_X13Y17         CARRY4 (Prop_carry4_S[0]_CO[1])
                                                      0.457     6.255 r  food_inst/overlap_d_reg_i_13/CO[1]
                         net (fo=1, routed)           1.004     7.258    food_inst/overlap_d_reg_i_13_n_2
    SLICE_X12Y17         LUT6 (Prop_lut6_I1_O)        0.329     7.587 r  food_inst/overlap_d_i_3/O
                         net (fo=2, routed)           1.101     8.688    food_inst/overlap_d_i_3_n_0
    SLICE_X8Y16          LUT6 (Prop_lut6_I3_O)        0.124     8.812 r  food_inst/fy[8]_P_i_1/O
                         net (fo=42, routed)          2.085    10.897    food_inst/eaten_pulse
    SLICE_X12Y21         LUT5 (Prop_lut5_I3_O)        0.124    11.021 r  food_inst/fy[3]_C_i_1/O
                         net (fo=1, routed)           0.000    11.021    food_inst/fy[3]_C_i_1_n_0
    SLICE_X12Y21         FDCE                                         r  food_inst/fy_reg[3]_C/D
  -------------------------------------------------------------------    -------------------

                         (clock clk_out1_clocking_wizard_clk_wiz_0_0 rise edge)
                                                      0.000     0.000 r  
    BUFGCTRL_X0Y0        BUFG                         0.000     0.000 r  clk_100MHz_IBUF_BUFG_inst/O
                         net (fo=424, routed)         1.457     1.457    clk_wiz_inst/clocking_wizard_i/clk_wiz_0/inst/clk_in1
    MMCME2_ADV_X1Y0      MMCME2_ADV (Prop_mmcme2_adv_CLKIN1_CLKOUT0)
                                                     -3.129    -1.672 r  clk_wiz_inst/clocking_wizard_i/clk_wiz_0/inst/mmcm_adv_inst/CLKOUT0
                         net (fo=1, routed)           1.581    -0.091    clk_wiz_inst/clocking_wizard_i/clk_wiz_0/inst/clk_out1_clocking_wizard_clk_wiz_0_0
    BUFGCTRL_X0Y1        BUFG (Prop_bufg_I_O)         0.091     0.000 r  clk_wiz_inst/clocking_wizard_i/clk_wiz_0/inst/clkout1_buf/O
                         net (fo=139, routed)         1.438     1.438    food_inst/CLK
    SLICE_X12Y21         FDCE                                         r  food_inst/fy_reg[3]_C/C





Min Delay Paths
--------------------------------------------------------------------------------------
Slack:                    inf
  Source:                 btnC
                            (input port)
  Destination:            food_inst/h_count_reg[4]/CLR
                            (removal check against rising-edge clock clk_out1_clocking_wizard_clk_wiz_0_0  {rise@0.000ns fall@19.863ns period=39.725ns})
  Path Group:             (none)
  Path Type:              Removal (Min at Fast Process Corner)
  Data Path Delay:        0.763ns  (logic 0.210ns (27.476%)  route 0.553ns (72.524%))
  Logic Levels:           1  (IBUF=1)
  Clock Path Skew:        0.856ns (DCD - SCD - CPR)
    Destination Clock Delay (DCD):    0.856ns
    Source Clock Delay      (SCD):    0.000ns
    Clock Pessimism Removal (CPR):    -0.000ns

    Location             Delay type                Incr(ns)  Path(ns)    Netlist Resource(s)
  -------------------------------------------------------------------    -------------------
    U18                                               0.000     0.000 f  btnC (IN)
                         net (fo=0)                   0.000     0.000    btnC
    U18                  IBUF (Prop_ibuf_I_O)         0.210     0.210 f  btnC_IBUF_inst/O
                         net (fo=455, routed)         0.553     0.763    food_inst/btnC_IBUF
    SLICE_X5Y17          FDCE                                         f  food_inst/h_count_reg[4]/CLR
  -------------------------------------------------------------------    -------------------

                         (clock clk_out1_clocking_wizard_clk_wiz_0_0 rise edge)
                                                      0.000     0.000 r  
    BUFGCTRL_X0Y0        BUFG                         0.000     0.000 r  clk_100MHz_IBUF_BUFG_inst/O
                         net (fo=424, routed)         0.817     0.817    clk_wiz_inst/clocking_wizard_i/clk_wiz_0/inst/clk_in1
    MMCME2_ADV_X1Y0      MMCME2_ADV (Prop_mmcme2_adv_CLKIN1_CLKOUT0)
                                                     -1.375    -0.559 r  clk_wiz_inst/clocking_wizard_i/clk_wiz_0/inst/mmcm_adv_inst/CLKOUT0
                         net (fo=1, routed)           0.530    -0.029    clk_wiz_inst/clocking_wizard_i/clk_wiz_0/inst/clk_out1_clocking_wizard_clk_wiz_0_0
    BUFGCTRL_X0Y1        BUFG (Prop_bufg_I_O)         0.029     0.000 r  clk_wiz_inst/clocking_wizard_i/clk_wiz_0/inst/clkout1_buf/O
                         net (fo=139, routed)         0.856     0.856    food_inst/CLK
    SLICE_X5Y17          FDCE                                         r  food_inst/h_count_reg[4]/C

Slack:                    inf
  Source:                 btnC
                            (input port)
  Destination:            food_inst/fx_reg[3]_P/PRE
                            (removal check against rising-edge clock clk_out1_clocking_wizard_clk_wiz_0_0  {rise@0.000ns fall@19.863ns period=39.725ns})
  Path Group:             (none)
  Path Type:              Removal (Min at Fast Process Corner)
  Data Path Delay:        0.890ns  (logic 0.255ns (28.610%)  route 0.635ns (71.390%))
  Logic Levels:           2  (IBUF=1 LUT6=1)
  Clock Path Skew:        0.857ns (DCD - SCD - CPR)
    Destination Clock Delay (DCD):    0.857ns
    Source Clock Delay      (SCD):    0.000ns
    Clock Pessimism Removal (CPR):    -0.000ns

    Location             Delay type                Incr(ns)  Path(ns)    Netlist Resource(s)
  -------------------------------------------------------------------    -------------------
    U18                                               0.000     0.000 f  btnC (IN)
                         net (fo=0)                   0.000     0.000    btnC
    U18                  IBUF (Prop_ibuf_I_O)         0.210     0.210 f  btnC_IBUF_inst/O
                         net (fo=455, routed)         0.520     0.730    food_inst/btnC_IBUF
    SLICE_X2Y18          LUT6 (Prop_lut6_I0_O)        0.045     0.775 f  food_inst/fx_reg[3]_LDC_i_1/O
                         net (fo=2, routed)           0.115     0.890    food_inst/fx_reg[3]_LDC_i_1_n_0
    SLICE_X1Y18          FDPE                                         f  food_inst/fx_reg[3]_P/PRE
  -------------------------------------------------------------------    -------------------

                         (clock clk_out1_clocking_wizard_clk_wiz_0_0 rise edge)
                                                      0.000     0.000 r  
    BUFGCTRL_X0Y0        BUFG                         0.000     0.000 r  clk_100MHz_IBUF_BUFG_inst/O
                         net (fo=424, routed)         0.817     0.817    clk_wiz_inst/clocking_wizard_i/clk_wiz_0/inst/clk_in1
    MMCME2_ADV_X1Y0      MMCME2_ADV (Prop_mmcme2_adv_CLKIN1_CLKOUT0)
                                                     -1.375    -0.559 r  clk_wiz_inst/clocking_wizard_i/clk_wiz_0/inst/mmcm_adv_inst/CLKOUT0
                         net (fo=1, routed)           0.530    -0.029    clk_wiz_inst/clocking_wizard_i/clk_wiz_0/inst/clk_out1_clocking_wizard_clk_wiz_0_0
    BUFGCTRL_X0Y1        BUFG (Prop_bufg_I_O)         0.029     0.000 r  clk_wiz_inst/clocking_wizard_i/clk_wiz_0/inst/clkout1_buf/O
                         net (fo=139, routed)         0.857     0.857    food_inst/CLK
    SLICE_X1Y18          FDPE                                         r  food_inst/fx_reg[3]_P/C

Slack:                    inf
  Source:                 btnC
                            (input port)
  Destination:            food_inst/fx_reg[7]_C/CLR
                            (removal check against rising-edge clock clk_out1_clocking_wizard_clk_wiz_0_0  {rise@0.000ns fall@19.863ns period=39.725ns})
  Path Group:             (none)
  Path Type:              Removal (Min at Fast Process Corner)
  Data Path Delay:        0.895ns  (logic 0.255ns (28.443%)  route 0.640ns (71.557%))
  Logic Levels:           2  (IBUF=1 LUT2=1)
  Clock Path Skew:        0.856ns (DCD - SCD - CPR)
    Destination Clock Delay (DCD):    0.856ns
    Source Clock Delay      (SCD):    0.000ns
    Clock Pessimism Removal (CPR):    -0.000ns

    Location             Delay type                Incr(ns)  Path(ns)    Netlist Resource(s)
  -------------------------------------------------------------------    -------------------
    U18                                               0.000     0.000 f  btnC (IN)
                         net (fo=0)                   0.000     0.000    btnC
    U18                  IBUF (Prop_ibuf_I_O)         0.210     0.210 f  btnC_IBUF_inst/O
                         net (fo=455, routed)         0.512     0.721    food_inst/btnC_IBUF
    SLICE_X1Y19          LUT2 (Prop_lut2_I0_O)        0.045     0.766 f  food_inst/fx_reg[7]_LDC_i_2/O
                         net (fo=2, routed)           0.129     0.895    food_inst/fx_reg[7]_LDC_i_2_n_0
    SLICE_X1Y19          FDCE                                         f  food_inst/fx_reg[7]_C/CLR
  -------------------------------------------------------------------    -------------------

                         (clock clk_out1_clocking_wizard_clk_wiz_0_0 rise edge)
                                                      0.000     0.000 r  
    BUFGCTRL_X0Y0        BUFG                         0.000     0.000 r  clk_100MHz_IBUF_BUFG_inst/O
                         net (fo=424, routed)         0.817     0.817    clk_wiz_inst/clocking_wizard_i/clk_wiz_0/inst/clk_in1
    MMCME2_ADV_X1Y0      MMCME2_ADV (Prop_mmcme2_adv_CLKIN1_CLKOUT0)
                                                     -1.375    -0.559 r  clk_wiz_inst/clocking_wizard_i/clk_wiz_0/inst/mmcm_adv_inst/CLKOUT0
                         net (fo=1, routed)           0.530    -0.029    clk_wiz_inst/clocking_wizard_i/clk_wiz_0/inst/clk_out1_clocking_wizard_clk_wiz_0_0
    BUFGCTRL_X0Y1        BUFG (Prop_bufg_I_O)         0.029     0.000 r  clk_wiz_inst/clocking_wizard_i/clk_wiz_0/inst/clkout1_buf/O
                         net (fo=139, routed)         0.856     0.856    food_inst/CLK
    SLICE_X1Y19          FDCE                                         r  food_inst/fx_reg[7]_C/C

Slack:                    inf
  Source:                 btnC
                            (input port)
  Destination:            food_inst/lfsr_reg[5]/PRE
                            (removal check against rising-edge clock clk_out1_clocking_wizard_clk_wiz_0_0  {rise@0.000ns fall@19.863ns period=39.725ns})
  Path Group:             (none)
  Path Type:              Removal (Min at Fast Process Corner)
  Data Path Delay:        0.918ns  (logic 0.210ns (22.835%)  route 0.708ns (77.165%))
  Logic Levels:           1  (IBUF=1)
  Clock Path Skew:        0.854ns (DCD - SCD - CPR)
    Destination Clock Delay (DCD):    0.854ns
    Source Clock Delay      (SCD):    0.000ns
    Clock Pessimism Removal (CPR):    -0.000ns

    Location             Delay type                Incr(ns)  Path(ns)    Netlist Resource(s)
  -------------------------------------------------------------------    -------------------
    U18                                               0.000     0.000 f  btnC (IN)
                         net (fo=0)                   0.000     0.000    btnC
    U18                  IBUF (Prop_ibuf_I_O)         0.210     0.210 f  btnC_IBUF_inst/O
                         net (fo=455, routed)         0.708     0.918    food_inst/btnC_IBUF
    SLICE_X3Y21          FDPE                                         f  food_inst/lfsr_reg[5]/PRE
  -------------------------------------------------------------------    -------------------

                         (clock clk_out1_clocking_wizard_clk_wiz_0_0 rise edge)
                                                      0.000     0.000 r  
    BUFGCTRL_X0Y0        BUFG                         0.000     0.000 r  clk_100MHz_IBUF_BUFG_inst/O
                         net (fo=424, routed)         0.817     0.817    clk_wiz_inst/clocking_wizard_i/clk_wiz_0/inst/clk_in1
    MMCME2_ADV_X1Y0      MMCME2_ADV (Prop_mmcme2_adv_CLKIN1_CLKOUT0)
                                                     -1.375    -0.559 r  clk_wiz_inst/clocking_wizard_i/clk_wiz_0/inst/mmcm_adv_inst/CLKOUT0
                         net (fo=1, routed)           0.530    -0.029    clk_wiz_inst/clocking_wizard_i/clk_wiz_0/inst/clk_out1_clocking_wizard_clk_wiz_0_0
    BUFGCTRL_X0Y1        BUFG (Prop_bufg_I_O)         0.029     0.000 r  clk_wiz_inst/clocking_wizard_i/clk_wiz_0/inst/clkout1_buf/O
                         net (fo=139, routed)         0.854     0.854    food_inst/CLK
    SLICE_X3Y21          FDPE                                         r  food_inst/lfsr_reg[5]/C

Slack:                    inf
  Source:                 btnC
                            (input port)
  Destination:            food_inst/lfsr_reg[6]/CLR
                            (removal check against rising-edge clock clk_out1_clocking_wizard_clk_wiz_0_0  {rise@0.000ns fall@19.863ns period=39.725ns})
  Path Group:             (none)
  Path Type:              Removal (Min at Fast Process Corner)
  Data Path Delay:        0.918ns  (logic 0.210ns (22.835%)  route 0.708ns (77.165%))
  Logic Levels:           1  (IBUF=1)
  Clock Path Skew:        0.854ns (DCD - SCD - CPR)
    Destination Clock Delay (DCD):    0.854ns
    Source Clock Delay      (SCD):    0.000ns
    Clock Pessimism Removal (CPR):    -0.000ns

    Location             Delay type                Incr(ns)  Path(ns)    Netlist Resource(s)
  -------------------------------------------------------------------    -------------------
    U18                                               0.000     0.000 f  btnC (IN)
                         net (fo=0)                   0.000     0.000    btnC
    U18                  IBUF (Prop_ibuf_I_O)         0.210     0.210 f  btnC_IBUF_inst/O
                         net (fo=455, routed)         0.708     0.918    food_inst/btnC_IBUF
    SLICE_X3Y21          FDCE                                         f  food_inst/lfsr_reg[6]/CLR
  -------------------------------------------------------------------    -------------------

                         (clock clk_out1_clocking_wizard_clk_wiz_0_0 rise edge)
                                                      0.000     0.000 r  
    BUFGCTRL_X0Y0        BUFG                         0.000     0.000 r  clk_100MHz_IBUF_BUFG_inst/O
                         net (fo=424, routed)         0.817     0.817    clk_wiz_inst/clocking_wizard_i/clk_wiz_0/inst/clk_in1
    MMCME2_ADV_X1Y0      MMCME2_ADV (Prop_mmcme2_adv_CLKIN1_CLKOUT0)
                                                     -1.375    -0.559 r  clk_wiz_inst/clocking_wizard_i/clk_wiz_0/inst/mmcm_adv_inst/CLKOUT0
                         net (fo=1, routed)           0.530    -0.029    clk_wiz_inst/clocking_wizard_i/clk_wiz_0/inst/clk_out1_clocking_wizard_clk_wiz_0_0
    BUFGCTRL_X0Y1        BUFG (Prop_bufg_I_O)         0.029     0.000 r  clk_wiz_inst/clocking_wizard_i/clk_wiz_0/inst/clkout1_buf/O
                         net (fo=139, routed)         0.854     0.854    food_inst/CLK
    SLICE_X3Y21          FDCE                                         r  food_inst/lfsr_reg[6]/C

Slack:                    inf
  Source:                 btnC
                            (input port)
  Destination:            food_inst/lfsr_reg[7]/CLR
                            (removal check against rising-edge clock clk_out1_clocking_wizard_clk_wiz_0_0  {rise@0.000ns fall@19.863ns period=39.725ns})
  Path Group:             (none)
  Path Type:              Removal (Min at Fast Process Corner)
  Data Path Delay:        0.918ns  (logic 0.210ns (22.835%)  route 0.708ns (77.165%))
  Logic Levels:           1  (IBUF=1)
  Clock Path Skew:        0.854ns (DCD - SCD - CPR)
    Destination Clock Delay (DCD):    0.854ns
    Source Clock Delay      (SCD):    0.000ns
    Clock Pessimism Removal (CPR):    -0.000ns

    Location             Delay type                Incr(ns)  Path(ns)    Netlist Resource(s)
  -------------------------------------------------------------------    -------------------
    U18                                               0.000     0.000 f  btnC (IN)
                         net (fo=0)                   0.000     0.000    btnC
    U18                  IBUF (Prop_ibuf_I_O)         0.210     0.210 f  btnC_IBUF_inst/O
                         net (fo=455, routed)         0.708     0.918    food_inst/btnC_IBUF
    SLICE_X3Y21          FDCE                                         f  food_inst/lfsr_reg[7]/CLR
  -------------------------------------------------------------------    -------------------

                         (clock clk_out1_clocking_wizard_clk_wiz_0_0 rise edge)
                                                      0.000     0.000 r  
    BUFGCTRL_X0Y0        BUFG                         0.000     0.000 r  clk_100MHz_IBUF_BUFG_inst/O
                         net (fo=424, routed)         0.817     0.817    clk_wiz_inst/clocking_wizard_i/clk_wiz_0/inst/clk_in1
    MMCME2_ADV_X1Y0      MMCME2_ADV (Prop_mmcme2_adv_CLKIN1_CLKOUT0)
                                                     -1.375    -0.559 r  clk_wiz_inst/clocking_wizard_i/clk_wiz_0/inst/mmcm_adv_inst/CLKOUT0
                         net (fo=1, routed)           0.530    -0.029    clk_wiz_inst/clocking_wizard_i/clk_wiz_0/inst/clk_out1_clocking_wizard_clk_wiz_0_0
    BUFGCTRL_X0Y1        BUFG (Prop_bufg_I_O)         0.029     0.000 r  clk_wiz_inst/clocking_wizard_i/clk_wiz_0/inst/clkout1_buf/O
                         net (fo=139, routed)         0.854     0.854    food_inst/CLK
    SLICE_X3Y21          FDCE                                         r  food_inst/lfsr_reg[7]/C

Slack:                    inf
  Source:                 btnC
                            (input port)
  Destination:            food_inst/lfsr_reg[8]/CLR
                            (removal check against rising-edge clock clk_out1_clocking_wizard_clk_wiz_0_0  {rise@0.000ns fall@19.863ns period=39.725ns})
  Path Group:             (none)
  Path Type:              Removal (Min at Fast Process Corner)
  Data Path Delay:        0.918ns  (logic 0.210ns (22.835%)  route 0.708ns (77.165%))
  Logic Levels:           1  (IBUF=1)
  Clock Path Skew:        0.854ns (DCD - SCD - CPR)
    Destination Clock Delay (DCD):    0.854ns
    Source Clock Delay      (SCD):    0.000ns
    Clock Pessimism Removal (CPR):    -0.000ns

    Location             Delay type                Incr(ns)  Path(ns)    Netlist Resource(s)
  -------------------------------------------------------------------    -------------------
    U18                                               0.000     0.000 f  btnC (IN)
                         net (fo=0)                   0.000     0.000    btnC
    U18                  IBUF (Prop_ibuf_I_O)         0.210     0.210 f  btnC_IBUF_inst/O
                         net (fo=455, routed)         0.708     0.918    food_inst/btnC_IBUF
    SLICE_X3Y21          FDCE                                         f  food_inst/lfsr_reg[8]/CLR
  -------------------------------------------------------------------    -------------------

                         (clock clk_out1_clocking_wizard_clk_wiz_0_0 rise edge)
                                                      0.000     0.000 r  
    BUFGCTRL_X0Y0        BUFG                         0.000     0.000 r  clk_100MHz_IBUF_BUFG_inst/O
                         net (fo=424, routed)         0.817     0.817    clk_wiz_inst/clocking_wizard_i/clk_wiz_0/inst/clk_in1
    MMCME2_ADV_X1Y0      MMCME2_ADV (Prop_mmcme2_adv_CLKIN1_CLKOUT0)
                                                     -1.375    -0.559 r  clk_wiz_inst/clocking_wizard_i/clk_wiz_0/inst/mmcm_adv_inst/CLKOUT0
                         net (fo=1, routed)           0.530    -0.029    clk_wiz_inst/clocking_wizard_i/clk_wiz_0/inst/clk_out1_clocking_wizard_clk_wiz_0_0
    BUFGCTRL_X0Y1        BUFG (Prop_bufg_I_O)         0.029     0.000 r  clk_wiz_inst/clocking_wizard_i/clk_wiz_0/inst/clkout1_buf/O
                         net (fo=139, routed)         0.854     0.854    food_inst/CLK
    SLICE_X3Y21          FDCE                                         r  food_inst/lfsr_reg[8]/C

Slack:                    inf
  Source:                 btnC
                            (input port)
  Destination:            square_inst/frame_div_reg[0]/CLR
                            (removal check against rising-edge clock clk_out1_clocking_wizard_clk_wiz_0_0  {rise@0.000ns fall@19.863ns period=39.725ns})
  Path Group:             (none)
  Path Type:              Removal (Min at Fast Process Corner)
  Data Path Delay:        0.920ns  (logic 0.210ns (22.776%)  route 0.710ns (77.224%))
  Logic Levels:           1  (IBUF=1)
  Clock Path Skew:        0.855ns (DCD - SCD - CPR)
    Destination Clock Delay (DCD):    0.855ns
    Source Clock Delay      (SCD):    0.000ns
    Clock Pessimism Removal (CPR):    -0.000ns

    Location             Delay type                Incr(ns)  Path(ns)    Netlist Resource(s)
  -------------------------------------------------------------------    -------------------
    U18                                               0.000     0.000 f  btnC (IN)
                         net (fo=0)                   0.000     0.000    btnC
    U18                  IBUF (Prop_ibuf_I_O)         0.210     0.210 f  btnC_IBUF_inst/O
                         net (fo=455, routed)         0.710     0.920    square_inst/btnC_IBUF
    SLICE_X0Y20          FDCE                                         f  square_inst/frame_div_reg[0]/CLR
  -------------------------------------------------------------------    -------------------

                         (clock clk_out1_clocking_wizard_clk_wiz_0_0 rise edge)
                                                      0.000     0.000 r  
    BUFGCTRL_X0Y0        BUFG                         0.000     0.000 r  clk_100MHz_IBUF_BUFG_inst/O
                         net (fo=424, routed)         0.817     0.817    clk_wiz_inst/clocking_wizard_i/clk_wiz_0/inst/clk_in1
    MMCME2_ADV_X1Y0      MMCME2_ADV (Prop_mmcme2_adv_CLKIN1_CLKOUT0)
                                                     -1.375    -0.559 r  clk_wiz_inst/clocking_wizard_i/clk_wiz_0/inst/mmcm_adv_inst/CLKOUT0
                         net (fo=1, routed)           0.530    -0.029    clk_wiz_inst/clocking_wizard_i/clk_wiz_0/inst/clk_out1_clocking_wizard_clk_wiz_0_0
    BUFGCTRL_X0Y1        BUFG (Prop_bufg_I_O)         0.029     0.000 r  clk_wiz_inst/clocking_wizard_i/clk_wiz_0/inst/clkout1_buf/O
                         net (fo=139, routed)         0.855     0.855    square_inst/CLK
    SLICE_X0Y20          FDCE                                         r  square_inst/frame_div_reg[0]/C

Slack:                    inf
  Source:                 btnC
                            (input port)
  Destination:            square_inst/vsync_d_reg/PRE
                            (removal check against rising-edge clock clk_out1_clocking_wizard_clk_wiz_0_0  {rise@0.000ns fall@19.863ns period=39.725ns})
  Path Group:             (none)
  Path Type:              Removal (Min at Fast Process Corner)
  Data Path Delay:        0.920ns  (logic 0.210ns (22.776%)  route 0.710ns (77.224%))
  Logic Levels:           1  (IBUF=1)
  Clock Path Skew:        0.855ns (DCD - SCD - CPR)
    Destination Clock Delay (DCD):    0.855ns
    Source Clock Delay      (SCD):    0.000ns
    Clock Pessimism Removal (CPR):    -0.000ns

    Location             Delay type                Incr(ns)  Path(ns)    Netlist Resource(s)
  -------------------------------------------------------------------    -------------------
    U18                                               0.000     0.000 f  btnC (IN)
                         net (fo=0)                   0.000     0.000    btnC
    U18                  IBUF (Prop_ibuf_I_O)         0.210     0.210 f  btnC_IBUF_inst/O
                         net (fo=455, routed)         0.710     0.920    square_inst/btnC_IBUF
    SLICE_X0Y20          FDPE                                         f  square_inst/vsync_d_reg/PRE
  -------------------------------------------------------------------    -------------------

                         (clock clk_out1_clocking_wizard_clk_wiz_0_0 rise edge)
                                                      0.000     0.000 r  
    BUFGCTRL_X0Y0        BUFG                         0.000     0.000 r  clk_100MHz_IBUF_BUFG_inst/O
                         net (fo=424, routed)         0.817     0.817    clk_wiz_inst/clocking_wizard_i/clk_wiz_0/inst/clk_in1
    MMCME2_ADV_X1Y0      MMCME2_ADV (Prop_mmcme2_adv_CLKIN1_CLKOUT0)
                                                     -1.375    -0.559 r  clk_wiz_inst/clocking_wizard_i/clk_wiz_0/inst/mmcm_adv_inst/CLKOUT0
                         net (fo=1, routed)           0.530    -0.029    clk_wiz_inst/clocking_wizard_i/clk_wiz_0/inst/clk_out1_clocking_wizard_clk_wiz_0_0
    BUFGCTRL_X0Y1        BUFG (Prop_bufg_I_O)         0.029     0.000 r  clk_wiz_inst/clocking_wizard_i/clk_wiz_0/inst/clkout1_buf/O
                         net (fo=139, routed)         0.855     0.855    square_inst/CLK
    SLICE_X0Y20          FDPE                                         r  square_inst/vsync_d_reg/C

Slack:                    inf
  Source:                 btnC
                            (input port)
  Destination:            food_inst/lfsr_reg[1]/CLR
                            (removal check against rising-edge clock clk_out1_clocking_wizard_clk_wiz_0_0  {rise@0.000ns fall@19.863ns period=39.725ns})
  Path Group:             (none)
  Path Type:              Removal (Min at Fast Process Corner)
  Data Path Delay:        0.941ns  (logic 0.210ns (22.267%)  route 0.731ns (77.733%))
  Logic Levels:           1  (IBUF=1)
  Clock Path Skew:        0.855ns (DCD - SCD - CPR)
    Destination Clock Delay (DCD):    0.855ns
    Source Clock Delay      (SCD):    0.000ns
    Clock Pessimism Removal (CPR):    -0.000ns

    Location             Delay type                Incr(ns)  Path(ns)    Netlist Resource(s)
  -------------------------------------------------------------------    -------------------
    U18                                               0.000     0.000 f  btnC (IN)
                         net (fo=0)                   0.000     0.000    btnC
    U18                  IBUF (Prop_ibuf_I_O)         0.210     0.210 f  btnC_IBUF_inst/O
                         net (fo=455, routed)         0.731     0.941    food_inst/btnC_IBUF
    SLICE_X2Y20          FDCE                                         f  food_inst/lfsr_reg[1]/CLR
  -------------------------------------------------------------------    -------------------

                         (clock clk_out1_clocking_wizard_clk_wiz_0_0 rise edge)
                                                      0.000     0.000 r  
    BUFGCTRL_X0Y0        BUFG                         0.000     0.000 r  clk_100MHz_IBUF_BUFG_inst/O
                         net (fo=424, routed)         0.817     0.817    clk_wiz_inst/clocking_wizard_i/clk_wiz_0/inst/clk_in1
    MMCME2_ADV_X1Y0      MMCME2_ADV (Prop_mmcme2_adv_CLKIN1_CLKOUT0)
                                                     -1.375    -0.559 r  clk_wiz_inst/clocking_wizard_i/clk_wiz_0/inst/mmcm_adv_inst/CLKOUT0
                         net (fo=1, routed)           0.530    -0.029    clk_wiz_inst/clocking_wizard_i/clk_wiz_0/inst/clk_out1_clocking_wizard_clk_wiz_0_0
    BUFGCTRL_X0Y1        BUFG (Prop_bufg_I_O)         0.029     0.000 r  clk_wiz_inst/clocking_wizard_i/clk_wiz_0/inst/clkout1_buf/O
                         net (fo=139, routed)         0.855     0.855    food_inst/CLK
    SLICE_X2Y20          FDCE                                         r  food_inst/lfsr_reg[1]/C





--------------------------------------------------------------------------------------
Path Group:  (none)
From Clock:  
  To Clock:  sys_clk_pin

Max Delay           424 Endpoints
Min Delay           424 Endpoints
--------------------------------------------------------------------------------------


Max Delay Paths
--------------------------------------------------------------------------------------
Slack:                    inf
  Source:                 btnC
                            (input port)
  Destination:            u_accel_monitor/u_accel/z_high_byte_reg[1]/CE
                            (rising edge-triggered cell FDRE clocked by sys_clk_pin  {rise@0.000ns fall@5.000ns period=10.000ns})
  Path Group:             (none)
  Path Type:              Setup (Max at Slow Process Corner)
  Data Path Delay:        8.770ns  (logic 1.565ns (17.849%)  route 7.205ns (82.151%))
  Logic Levels:           2  (IBUF=1 LUT6=1)
  Clock Path Skew:        4.791ns (DCD - SCD + CPR)
    Destination Clock Delay (DCD):    4.791ns
    Source Clock Delay      (SCD):    0.000ns
    Clock Pessimism Removal (CPR):    0.000ns
  Clock Uncertainty:      0.025ns  ((TSJ^2 + TIJ^2)^1/2 + DJ) / 2 + PE
    Total System Jitter     (TSJ):    0.050ns
    Total Input Jitter      (TIJ):    0.000ns
    Discrete Jitter          (DJ):    0.000ns
    Phase Error              (PE):    0.000ns

    Location             Delay type                Incr(ns)  Path(ns)    Netlist Resource(s)
  -------------------------------------------------------------------    -------------------
    U18                                               0.000     0.000 f  btnC (IN)
                         net (fo=0)                   0.000     0.000    btnC
    U18                  IBUF (Prop_ibuf_I_O)         1.441     1.441 f  btnC_IBUF_inst/O
                         net (fo=455, routed)         6.158     7.599    u_accel_monitor/u_accel/u_spi/btnC_IBUF
    SLICE_X5Y2           LUT6 (Prop_lut6_I0_O)        0.124     7.723 r  u_accel_monitor/u_accel/u_spi/z_high_byte[7]_i_1/O
                         net (fo=5, routed)           1.047     8.770    u_accel_monitor/u_accel/u_spi_n_10
    SLICE_X9Y5           FDRE                                         r  u_accel_monitor/u_accel/z_high_byte_reg[1]/CE
  -------------------------------------------------------------------    -------------------

                         (clock sys_clk_pin rise edge)
                                                      0.000     0.000 r  
    W5                                                0.000     0.000 r  clk_100MHz (IN)
                         net (fo=0)                   0.000     0.000    clk_100MHz
    W5                   IBUF (Prop_ibuf_I_O)         1.388     1.388 r  clk_100MHz_IBUF_inst/O
                         net (fo=1, routed)           1.862     3.250    clk_100MHz_IBUF
    BUFGCTRL_X0Y0        BUFG (Prop_bufg_I_O)         0.091     3.341 r  clk_100MHz_IBUF_BUFG_inst/O
                         net (fo=424, routed)         1.450     4.791    u_accel_monitor/u_accel/clk_100MHz
    SLICE_X9Y5           FDRE                                         r  u_accel_monitor/u_accel/z_high_byte_reg[1]/C

Slack:                    inf
  Source:                 btnC
                            (input port)
  Destination:            u_accel_monitor/u_accel/z_high_byte_reg[0]/CE
                            (rising edge-triggered cell FDRE clocked by sys_clk_pin  {rise@0.000ns fall@5.000ns period=10.000ns})
  Path Group:             (none)
  Path Type:              Setup (Max at Slow Process Corner)
  Data Path Delay:        8.332ns  (logic 1.565ns (18.786%)  route 6.767ns (81.214%))
  Logic Levels:           2  (IBUF=1 LUT6=1)
  Clock Path Skew:        4.859ns (DCD - SCD + CPR)
    Destination Clock Delay (DCD):    4.859ns
    Source Clock Delay      (SCD):    0.000ns
    Clock Pessimism Removal (CPR):    0.000ns
  Clock Uncertainty:      0.025ns  ((TSJ^2 + TIJ^2)^1/2 + DJ) / 2 + PE
    Total System Jitter     (TSJ):    0.050ns
    Total Input Jitter      (TIJ):    0.000ns
    Discrete Jitter          (DJ):    0.000ns
    Phase Error              (PE):    0.000ns

    Location             Delay type                Incr(ns)  Path(ns)    Netlist Resource(s)
  -------------------------------------------------------------------    -------------------
    U18                                               0.000     0.000 f  btnC (IN)
                         net (fo=0)                   0.000     0.000    btnC
    U18                  IBUF (Prop_ibuf_I_O)         1.441     1.441 f  btnC_IBUF_inst/O
                         net (fo=455, routed)         6.158     7.599    u_accel_monitor/u_accel/u_spi/btnC_IBUF
    SLICE_X5Y2           LUT6 (Prop_lut6_I0_O)        0.124     7.723 r  u_accel_monitor/u_accel/u_spi/z_high_byte[7]_i_1/O
                         net (fo=5, routed)           0.609     8.332    u_accel_monitor/u_accel/u_spi_n_10
    SLICE_X5Y2           FDRE                                         r  u_accel_monitor/u_accel/z_high_byte_reg[0]/CE
  -------------------------------------------------------------------    -------------------

                         (clock sys_clk_pin rise edge)
                                                      0.000     0.000 r  
    W5                                                0.000     0.000 r  clk_100MHz (IN)
                         net (fo=0)                   0.000     0.000    clk_100MHz
    W5                   IBUF (Prop_ibuf_I_O)         1.388     1.388 r  clk_100MHz_IBUF_inst/O
                         net (fo=1, routed)           1.862     3.250    clk_100MHz_IBUF
    BUFGCTRL_X0Y0        BUFG (Prop_bufg_I_O)         0.091     3.341 r  clk_100MHz_IBUF_BUFG_inst/O
                         net (fo=424, routed)         1.518     4.859    u_accel_monitor/u_accel/clk_100MHz
    SLICE_X5Y2           FDRE                                         r  u_accel_monitor/u_accel/z_high_byte_reg[0]/C

Slack:                    inf
  Source:                 btnC
                            (input port)
  Destination:            u_accel_monitor/u_accel/z_high_byte_reg[2]/CE
                            (rising edge-triggered cell FDRE clocked by sys_clk_pin  {rise@0.000ns fall@5.000ns period=10.000ns})
  Path Group:             (none)
  Path Type:              Setup (Max at Slow Process Corner)
  Data Path Delay:        8.332ns  (logic 1.565ns (18.786%)  route 6.767ns (81.214%))
  Logic Levels:           2  (IBUF=1 LUT6=1)
  Clock Path Skew:        4.859ns (DCD - SCD + CPR)
    Destination Clock Delay (DCD):    4.859ns
    Source Clock Delay      (SCD):    0.000ns
    Clock Pessimism Removal (CPR):    0.000ns
  Clock Uncertainty:      0.025ns  ((TSJ^2 + TIJ^2)^1/2 + DJ) / 2 + PE
    Total System Jitter     (TSJ):    0.050ns
    Total Input Jitter      (TIJ):    0.000ns
    Discrete Jitter          (DJ):    0.000ns
    Phase Error              (PE):    0.000ns

    Location             Delay type                Incr(ns)  Path(ns)    Netlist Resource(s)
  -------------------------------------------------------------------    -------------------
    U18                                               0.000     0.000 f  btnC (IN)
                         net (fo=0)                   0.000     0.000    btnC
    U18                  IBUF (Prop_ibuf_I_O)         1.441     1.441 f  btnC_IBUF_inst/O
                         net (fo=455, routed)         6.158     7.599    u_accel_monitor/u_accel/u_spi/btnC_IBUF
    SLICE_X5Y2           LUT6 (Prop_lut6_I0_O)        0.124     7.723 r  u_accel_monitor/u_accel/u_spi/z_high_byte[7]_i_1/O
                         net (fo=5, routed)           0.609     8.332    u_accel_monitor/u_accel/u_spi_n_10
    SLICE_X5Y2           FDRE                                         r  u_accel_monitor/u_accel/z_high_byte_reg[2]/CE
  -------------------------------------------------------------------    -------------------

                         (clock sys_clk_pin rise edge)
                                                      0.000     0.000 r  
    W5                                                0.000     0.000 r  clk_100MHz (IN)
                         net (fo=0)                   0.000     0.000    clk_100MHz
    W5                   IBUF (Prop_ibuf_I_O)         1.388     1.388 r  clk_100MHz_IBUF_inst/O
                         net (fo=1, routed)           1.862     3.250    clk_100MHz_IBUF
    BUFGCTRL_X0Y0        BUFG (Prop_bufg_I_O)         0.091     3.341 r  clk_100MHz_IBUF_BUFG_inst/O
                         net (fo=424, routed)         1.518     4.859    u_accel_monitor/u_accel/clk_100MHz
    SLICE_X5Y2           FDRE                                         r  u_accel_monitor/u_accel/z_high_byte_reg[2]/C

Slack:                    inf
  Source:                 btnC
                            (input port)
  Destination:            u_accel_monitor/u_accel/z_high_byte_reg[3]/CE
                            (rising edge-triggered cell FDRE clocked by sys_clk_pin  {rise@0.000ns fall@5.000ns period=10.000ns})
  Path Group:             (none)
  Path Type:              Setup (Max at Slow Process Corner)
  Data Path Delay:        8.332ns  (logic 1.565ns (18.786%)  route 6.767ns (81.214%))
  Logic Levels:           2  (IBUF=1 LUT6=1)
  Clock Path Skew:        4.859ns (DCD - SCD + CPR)
    Destination Clock Delay (DCD):    4.859ns
    Source Clock Delay      (SCD):    0.000ns
    Clock Pessimism Removal (CPR):    0.000ns
  Clock Uncertainty:      0.025ns  ((TSJ^2 + TIJ^2)^1/2 + DJ) / 2 + PE
    Total System Jitter     (TSJ):    0.050ns
    Total Input Jitter      (TIJ):    0.000ns
    Discrete Jitter          (DJ):    0.000ns
    Phase Error              (PE):    0.000ns

    Location             Delay type                Incr(ns)  Path(ns)    Netlist Resource(s)
  -------------------------------------------------------------------    -------------------
    U18                                               0.000     0.000 f  btnC (IN)
                         net (fo=0)                   0.000     0.000    btnC
    U18                  IBUF (Prop_ibuf_I_O)         1.441     1.441 f  btnC_IBUF_inst/O
                         net (fo=455, routed)         6.158     7.599    u_accel_monitor/u_accel/u_spi/btnC_IBUF
    SLICE_X5Y2           LUT6 (Prop_lut6_I0_O)        0.124     7.723 r  u_accel_monitor/u_accel/u_spi/z_high_byte[7]_i_1/O
                         net (fo=5, routed)           0.609     8.332    u_accel_monitor/u_accel/u_spi_n_10
    SLICE_X5Y2           FDRE                                         r  u_accel_monitor/u_accel/z_high_byte_reg[3]/CE
  -------------------------------------------------------------------    -------------------

                         (clock sys_clk_pin rise edge)
                                                      0.000     0.000 r  
    W5                                                0.000     0.000 r  clk_100MHz (IN)
                         net (fo=0)                   0.000     0.000    clk_100MHz
    W5                   IBUF (Prop_ibuf_I_O)         1.388     1.388 r  clk_100MHz_IBUF_inst/O
                         net (fo=1, routed)           1.862     3.250    clk_100MHz_IBUF
    BUFGCTRL_X0Y0        BUFG (Prop_bufg_I_O)         0.091     3.341 r  clk_100MHz_IBUF_BUFG_inst/O
                         net (fo=424, routed)         1.518     4.859    u_accel_monitor/u_accel/clk_100MHz
    SLICE_X5Y2           FDRE                                         r  u_accel_monitor/u_accel/z_high_byte_reg[3]/C

Slack:                    inf
  Source:                 btnC
                            (input port)
  Destination:            u_accel_monitor/u_accel/z_high_byte_reg[7]/CE
                            (rising edge-triggered cell FDRE clocked by sys_clk_pin  {rise@0.000ns fall@5.000ns period=10.000ns})
  Path Group:             (none)
  Path Type:              Setup (Max at Slow Process Corner)
  Data Path Delay:        8.332ns  (logic 1.565ns (18.786%)  route 6.767ns (81.214%))
  Logic Levels:           2  (IBUF=1 LUT6=1)
  Clock Path Skew:        4.859ns (DCD - SCD + CPR)
    Destination Clock Delay (DCD):    4.859ns
    Source Clock Delay      (SCD):    0.000ns
    Clock Pessimism Removal (CPR):    0.000ns
  Clock Uncertainty:      0.025ns  ((TSJ^2 + TIJ^2)^1/2 + DJ) / 2 + PE
    Total System Jitter     (TSJ):    0.050ns
    Total Input Jitter      (TIJ):    0.000ns
    Discrete Jitter          (DJ):    0.000ns
    Phase Error              (PE):    0.000ns

    Location             Delay type                Incr(ns)  Path(ns)    Netlist Resource(s)
  -------------------------------------------------------------------    -------------------
    U18                                               0.000     0.000 f  btnC (IN)
                         net (fo=0)                   0.000     0.000    btnC
    U18                  IBUF (Prop_ibuf_I_O)         1.441     1.441 f  btnC_IBUF_inst/O
                         net (fo=455, routed)         6.158     7.599    u_accel_monitor/u_accel/u_spi/btnC_IBUF
    SLICE_X5Y2           LUT6 (Prop_lut6_I0_O)        0.124     7.723 r  u_accel_monitor/u_accel/u_spi/z_high_byte[7]_i_1/O
                         net (fo=5, routed)           0.609     8.332    u_accel_monitor/u_accel/u_spi_n_10
    SLICE_X5Y2           FDRE                                         r  u_accel_monitor/u_accel/z_high_byte_reg[7]/CE
  -------------------------------------------------------------------    -------------------

                         (clock sys_clk_pin rise edge)
                                                      0.000     0.000 r  
    W5                                                0.000     0.000 r  clk_100MHz (IN)
                         net (fo=0)                   0.000     0.000    clk_100MHz
    W5                   IBUF (Prop_ibuf_I_O)         1.388     1.388 r  clk_100MHz_IBUF_inst/O
                         net (fo=1, routed)           1.862     3.250    clk_100MHz_IBUF
    BUFGCTRL_X0Y0        BUFG (Prop_bufg_I_O)         0.091     3.341 r  clk_100MHz_IBUF_BUFG_inst/O
                         net (fo=424, routed)         1.518     4.859    u_accel_monitor/u_accel/clk_100MHz
    SLICE_X5Y2           FDRE                                         r  u_accel_monitor/u_accel/z_high_byte_reg[7]/C

Slack:                    inf
  Source:                 btnC
                            (input port)
  Destination:            u_accel_monitor/u_accel/x_high_byte_reg[2]/CE
                            (rising edge-triggered cell FDRE clocked by sys_clk_pin  {rise@0.000ns fall@5.000ns period=10.000ns})
  Path Group:             (none)
  Path Type:              Setup (Max at Slow Process Corner)
  Data Path Delay:        8.325ns  (logic 1.565ns (18.802%)  route 6.760ns (81.198%))
  Logic Levels:           2  (IBUF=1 LUT6=1)
  Clock Path Skew:        4.858ns (DCD - SCD + CPR)
    Destination Clock Delay (DCD):    4.858ns
    Source Clock Delay      (SCD):    0.000ns
    Clock Pessimism Removal (CPR):    0.000ns
  Clock Uncertainty:      0.025ns  ((TSJ^2 + TIJ^2)^1/2 + DJ) / 2 + PE
    Total System Jitter     (TSJ):    0.050ns
    Total Input Jitter      (TIJ):    0.000ns
    Discrete Jitter          (DJ):    0.000ns
    Phase Error              (PE):    0.000ns

    Location             Delay type                Incr(ns)  Path(ns)    Netlist Resource(s)
  -------------------------------------------------------------------    -------------------
    U18                                               0.000     0.000 f  btnC (IN)
                         net (fo=0)                   0.000     0.000    btnC
    U18                  IBUF (Prop_ibuf_I_O)         1.441     1.441 f  btnC_IBUF_inst/O
                         net (fo=455, routed)         6.008     7.450    u_accel_monitor/u_accel/u_spi/btnC_IBUF
    SLICE_X2Y4           LUT6 (Prop_lut6_I3_O)        0.124     7.574 r  u_accel_monitor/u_accel/u_spi/x_high_byte[7]_i_1/O
                         net (fo=8, routed)           0.751     8.325    u_accel_monitor/u_accel/u_spi_n_4
    SLICE_X5Y3           FDRE                                         r  u_accel_monitor/u_accel/x_high_byte_reg[2]/CE
  -------------------------------------------------------------------    -------------------

                         (clock sys_clk_pin rise edge)
                                                      0.000     0.000 r  
    W5                                                0.000     0.000 r  clk_100MHz (IN)
                         net (fo=0)                   0.000     0.000    clk_100MHz
    W5                   IBUF (Prop_ibuf_I_O)         1.388     1.388 r  clk_100MHz_IBUF_inst/O
                         net (fo=1, routed)           1.862     3.250    clk_100MHz_IBUF
    BUFGCTRL_X0Y0        BUFG (Prop_bufg_I_O)         0.091     3.341 r  clk_100MHz_IBUF_BUFG_inst/O
                         net (fo=424, routed)         1.517     4.858    u_accel_monitor/u_accel/clk_100MHz
    SLICE_X5Y3           FDRE                                         r  u_accel_monitor/u_accel/x_high_byte_reg[2]/C

Slack:                    inf
  Source:                 btnC
                            (input port)
  Destination:            u_accel_monitor/u_accel/x_high_byte_reg[3]/CE
                            (rising edge-triggered cell FDRE clocked by sys_clk_pin  {rise@0.000ns fall@5.000ns period=10.000ns})
  Path Group:             (none)
  Path Type:              Setup (Max at Slow Process Corner)
  Data Path Delay:        8.325ns  (logic 1.565ns (18.802%)  route 6.760ns (81.198%))
  Logic Levels:           2  (IBUF=1 LUT6=1)
  Clock Path Skew:        4.858ns (DCD - SCD + CPR)
    Destination Clock Delay (DCD):    4.858ns
    Source Clock Delay      (SCD):    0.000ns
    Clock Pessimism Removal (CPR):    0.000ns
  Clock Uncertainty:      0.025ns  ((TSJ^2 + TIJ^2)^1/2 + DJ) / 2 + PE
    Total System Jitter     (TSJ):    0.050ns
    Total Input Jitter      (TIJ):    0.000ns
    Discrete Jitter          (DJ):    0.000ns
    Phase Error              (PE):    0.000ns

    Location             Delay type                Incr(ns)  Path(ns)    Netlist Resource(s)
  -------------------------------------------------------------------    -------------------
    U18                                               0.000     0.000 f  btnC (IN)
                         net (fo=0)                   0.000     0.000    btnC
    U18                  IBUF (Prop_ibuf_I_O)         1.441     1.441 f  btnC_IBUF_inst/O
                         net (fo=455, routed)         6.008     7.450    u_accel_monitor/u_accel/u_spi/btnC_IBUF
    SLICE_X2Y4           LUT6 (Prop_lut6_I3_O)        0.124     7.574 r  u_accel_monitor/u_accel/u_spi/x_high_byte[7]_i_1/O
                         net (fo=8, routed)           0.751     8.325    u_accel_monitor/u_accel/u_spi_n_4
    SLICE_X5Y3           FDRE                                         r  u_accel_monitor/u_accel/x_high_byte_reg[3]/CE
  -------------------------------------------------------------------    -------------------

                         (clock sys_clk_pin rise edge)
                                                      0.000     0.000 r  
    W5                                                0.000     0.000 r  clk_100MHz (IN)
                         net (fo=0)                   0.000     0.000    clk_100MHz
    W5                   IBUF (Prop_ibuf_I_O)         1.388     1.388 r  clk_100MHz_IBUF_inst/O
                         net (fo=1, routed)           1.862     3.250    clk_100MHz_IBUF
    BUFGCTRL_X0Y0        BUFG (Prop_bufg_I_O)         0.091     3.341 r  clk_100MHz_IBUF_BUFG_inst/O
                         net (fo=424, routed)         1.517     4.858    u_accel_monitor/u_accel/clk_100MHz
    SLICE_X5Y3           FDRE                                         r  u_accel_monitor/u_accel/x_high_byte_reg[3]/C

Slack:                    inf
  Source:                 btnC
                            (input port)
  Destination:            u_accel_monitor/u_accel/x_high_byte_reg[6]/CE
                            (rising edge-triggered cell FDRE clocked by sys_clk_pin  {rise@0.000ns fall@5.000ns period=10.000ns})
  Path Group:             (none)
  Path Type:              Setup (Max at Slow Process Corner)
  Data Path Delay:        8.325ns  (logic 1.565ns (18.802%)  route 6.760ns (81.198%))
  Logic Levels:           2  (IBUF=1 LUT6=1)
  Clock Path Skew:        4.858ns (DCD - SCD + CPR)
    Destination Clock Delay (DCD):    4.858ns
    Source Clock Delay      (SCD):    0.000ns
    Clock Pessimism Removal (CPR):    0.000ns
  Clock Uncertainty:      0.025ns  ((TSJ^2 + TIJ^2)^1/2 + DJ) / 2 + PE
    Total System Jitter     (TSJ):    0.050ns
    Total Input Jitter      (TIJ):    0.000ns
    Discrete Jitter          (DJ):    0.000ns
    Phase Error              (PE):    0.000ns

    Location             Delay type                Incr(ns)  Path(ns)    Netlist Resource(s)
  -------------------------------------------------------------------    -------------------
    U18                                               0.000     0.000 f  btnC (IN)
                         net (fo=0)                   0.000     0.000    btnC
    U18                  IBUF (Prop_ibuf_I_O)         1.441     1.441 f  btnC_IBUF_inst/O
                         net (fo=455, routed)         6.008     7.450    u_accel_monitor/u_accel/u_spi/btnC_IBUF
    SLICE_X2Y4           LUT6 (Prop_lut6_I3_O)        0.124     7.574 r  u_accel_monitor/u_accel/u_spi/x_high_byte[7]_i_1/O
                         net (fo=8, routed)           0.751     8.325    u_accel_monitor/u_accel/u_spi_n_4
    SLICE_X5Y3           FDRE                                         r  u_accel_monitor/u_accel/x_high_byte_reg[6]/CE
  -------------------------------------------------------------------    -------------------

                         (clock sys_clk_pin rise edge)
                                                      0.000     0.000 r  
    W5                                                0.000     0.000 r  clk_100MHz (IN)
                         net (fo=0)                   0.000     0.000    clk_100MHz
    W5                   IBUF (Prop_ibuf_I_O)         1.388     1.388 r  clk_100MHz_IBUF_inst/O
                         net (fo=1, routed)           1.862     3.250    clk_100MHz_IBUF
    BUFGCTRL_X0Y0        BUFG (Prop_bufg_I_O)         0.091     3.341 r  clk_100MHz_IBUF_BUFG_inst/O
                         net (fo=424, routed)         1.517     4.858    u_accel_monitor/u_accel/clk_100MHz
    SLICE_X5Y3           FDRE                                         r  u_accel_monitor/u_accel/x_high_byte_reg[6]/C

Slack:                    inf
  Source:                 btnC
                            (input port)
  Destination:            u_accel_monitor/u_accel/x_high_byte_reg[7]/CE
                            (rising edge-triggered cell FDRE clocked by sys_clk_pin  {rise@0.000ns fall@5.000ns period=10.000ns})
  Path Group:             (none)
  Path Type:              Setup (Max at Slow Process Corner)
  Data Path Delay:        8.325ns  (logic 1.565ns (18.802%)  route 6.760ns (81.198%))
  Logic Levels:           2  (IBUF=1 LUT6=1)
  Clock Path Skew:        4.858ns (DCD - SCD + CPR)
    Destination Clock Delay (DCD):    4.858ns
    Source Clock Delay      (SCD):    0.000ns
    Clock Pessimism Removal (CPR):    0.000ns
  Clock Uncertainty:      0.025ns  ((TSJ^2 + TIJ^2)^1/2 + DJ) / 2 + PE
    Total System Jitter     (TSJ):    0.050ns
    Total Input Jitter      (TIJ):    0.000ns
    Discrete Jitter          (DJ):    0.000ns
    Phase Error              (PE):    0.000ns

    Location             Delay type                Incr(ns)  Path(ns)    Netlist Resource(s)
  -------------------------------------------------------------------    -------------------
    U18                                               0.000     0.000 f  btnC (IN)
                         net (fo=0)                   0.000     0.000    btnC
    U18                  IBUF (Prop_ibuf_I_O)         1.441     1.441 f  btnC_IBUF_inst/O
                         net (fo=455, routed)         6.008     7.450    u_accel_monitor/u_accel/u_spi/btnC_IBUF
    SLICE_X2Y4           LUT6 (Prop_lut6_I3_O)        0.124     7.574 r  u_accel_monitor/u_accel/u_spi/x_high_byte[7]_i_1/O
                         net (fo=8, routed)           0.751     8.325    u_accel_monitor/u_accel/u_spi_n_4
    SLICE_X5Y3           FDRE                                         r  u_accel_monitor/u_accel/x_high_byte_reg[7]/CE
  -------------------------------------------------------------------    -------------------

                         (clock sys_clk_pin rise edge)
                                                      0.000     0.000 r  
    W5                                                0.000     0.000 r  clk_100MHz (IN)
                         net (fo=0)                   0.000     0.000    clk_100MHz
    W5                   IBUF (Prop_ibuf_I_O)         1.388     1.388 r  clk_100MHz_IBUF_inst/O
                         net (fo=1, routed)           1.862     3.250    clk_100MHz_IBUF
    BUFGCTRL_X0Y0        BUFG (Prop_bufg_I_O)         0.091     3.341 r  clk_100MHz_IBUF_BUFG_inst/O
                         net (fo=424, routed)         1.517     4.858    u_accel_monitor/u_accel/clk_100MHz
    SLICE_X5Y3           FDRE                                         r  u_accel_monitor/u_accel/x_high_byte_reg[7]/C

Slack:                    inf
  Source:                 btnC
                            (input port)
  Destination:            u_accel_monitor/u_accel/x_high_byte_reg[0]/CE
                            (rising edge-triggered cell FDRE clocked by sys_clk_pin  {rise@0.000ns fall@5.000ns period=10.000ns})
  Path Group:             (none)
  Path Type:              Setup (Max at Slow Process Corner)
  Data Path Delay:        8.278ns  (logic 1.565ns (18.908%)  route 6.713ns (81.092%))
  Logic Levels:           2  (IBUF=1 LUT6=1)
  Clock Path Skew:        4.791ns (DCD - SCD + CPR)
    Destination Clock Delay (DCD):    4.791ns
    Source Clock Delay      (SCD):    0.000ns
    Clock Pessimism Removal (CPR):    0.000ns
  Clock Uncertainty:      0.025ns  ((TSJ^2 + TIJ^2)^1/2 + DJ) / 2 + PE
    Total System Jitter     (TSJ):    0.050ns
    Total Input Jitter      (TIJ):    0.000ns
    Discrete Jitter          (DJ):    0.000ns
    Phase Error              (PE):    0.000ns

    Location             Delay type                Incr(ns)  Path(ns)    Netlist Resource(s)
  -------------------------------------------------------------------    -------------------
    U18                                               0.000     0.000 f  btnC (IN)
                         net (fo=0)                   0.000     0.000    btnC
    U18                  IBUF (Prop_ibuf_I_O)         1.441     1.441 f  btnC_IBUF_inst/O
                         net (fo=455, routed)         6.008     7.450    u_accel_monitor/u_accel/u_spi/btnC_IBUF
    SLICE_X2Y4           LUT6 (Prop_lut6_I3_O)        0.124     7.574 r  u_accel_monitor/u_accel/u_spi/x_high_byte[7]_i_1/O
                         net (fo=8, routed)           0.705     8.278    u_accel_monitor/u_accel/u_spi_n_4
    SLICE_X8Y4           FDRE                                         r  u_accel_monitor/u_accel/x_high_byte_reg[0]/CE
  -------------------------------------------------------------------    -------------------

                         (clock sys_clk_pin rise edge)
                                                      0.000     0.000 r  
    W5                                                0.000     0.000 r  clk_100MHz (IN)
                         net (fo=0)                   0.000     0.000    clk_100MHz
    W5                   IBUF (Prop_ibuf_I_O)         1.388     1.388 r  clk_100MHz_IBUF_inst/O
                         net (fo=1, routed)           1.862     3.250    clk_100MHz_IBUF
    BUFGCTRL_X0Y0        BUFG (Prop_bufg_I_O)         0.091     3.341 r  clk_100MHz_IBUF_BUFG_inst/O
                         net (fo=424, routed)         1.450     4.791    u_accel_monitor/u_accel/clk_100MHz
    SLICE_X8Y4           FDRE                                         r  u_accel_monitor/u_accel/x_high_byte_reg[0]/C





Min Delay Paths
--------------------------------------------------------------------------------------
Slack:                    inf
  Source:                 btnC
                            (input port)
  Destination:            u_accel_monitor/u_accel/accel_x_reg[14]/CLR
                            (removal check against rising-edge clock sys_clk_pin  {rise@0.000ns fall@5.000ns period=10.000ns})
  Path Group:             (none)
  Path Type:              Removal (Min at Fast Process Corner)
  Data Path Delay:        1.173ns  (logic 0.210ns (17.858%)  route 0.964ns (82.142%))
  Logic Levels:           1  (IBUF=1)
  Clock Path Skew:        1.961ns (DCD - SCD - CPR)
    Destination Clock Delay (DCD):    1.961ns
    Source Clock Delay      (SCD):    0.000ns
    Clock Pessimism Removal (CPR):    -0.000ns

    Location             Delay type                Incr(ns)  Path(ns)    Netlist Resource(s)
  -------------------------------------------------------------------    -------------------
    U18                                               0.000     0.000 f  btnC (IN)
                         net (fo=0)                   0.000     0.000    btnC
    U18                  IBUF (Prop_ibuf_I_O)         0.210     0.210 f  btnC_IBUF_inst/O
                         net (fo=455, routed)         0.964     1.173    u_accel_monitor/u_accel/btnC_IBUF
    SLICE_X8Y10          FDCE                                         f  u_accel_monitor/u_accel/accel_x_reg[14]/CLR
  -------------------------------------------------------------------    -------------------

                         (clock sys_clk_pin rise edge)
                                                      0.000     0.000 r  
    W5                                                0.000     0.000 r  clk_100MHz (IN)
                         net (fo=0)                   0.000     0.000    clk_100MHz
    W5                   IBUF (Prop_ibuf_I_O)         0.414     0.414 r  clk_100MHz_IBUF_inst/O
                         net (fo=1, routed)           0.685     1.099    clk_100MHz_IBUF
    BUFGCTRL_X0Y0        BUFG (Prop_bufg_I_O)         0.029     1.128 r  clk_100MHz_IBUF_BUFG_inst/O
                         net (fo=424, routed)         0.834     1.961    u_accel_monitor/u_accel/clk_100MHz
    SLICE_X8Y10          FDCE                                         r  u_accel_monitor/u_accel/accel_x_reg[14]/C

Slack:                    inf
  Source:                 btnC
                            (input port)
  Destination:            u_accel_monitor/u_accel/accel_x_reg[12]/CLR
                            (removal check against rising-edge clock sys_clk_pin  {rise@0.000ns fall@5.000ns period=10.000ns})
  Path Group:             (none)
  Path Type:              Removal (Min at Fast Process Corner)
  Data Path Delay:        1.180ns  (logic 0.210ns (17.752%)  route 0.971ns (82.248%))
  Logic Levels:           1  (IBUF=1)
  Clock Path Skew:        1.962ns (DCD - SCD - CPR)
    Destination Clock Delay (DCD):    1.962ns
    Source Clock Delay      (SCD):    0.000ns
    Clock Pessimism Removal (CPR):    -0.000ns

    Location             Delay type                Incr(ns)  Path(ns)    Netlist Resource(s)
  -------------------------------------------------------------------    -------------------
    U18                                               0.000     0.000 f  btnC (IN)
                         net (fo=0)                   0.000     0.000    btnC
    U18                  IBUF (Prop_ibuf_I_O)         0.210     0.210 f  btnC_IBUF_inst/O
                         net (fo=455, routed)         0.971     1.180    u_accel_monitor/u_accel/btnC_IBUF
    SLICE_X9Y9           FDCE                                         f  u_accel_monitor/u_accel/accel_x_reg[12]/CLR
  -------------------------------------------------------------------    -------------------

                         (clock sys_clk_pin rise edge)
                                                      0.000     0.000 r  
    W5                                                0.000     0.000 r  clk_100MHz (IN)
                         net (fo=0)                   0.000     0.000    clk_100MHz
    W5                   IBUF (Prop_ibuf_I_O)         0.414     0.414 r  clk_100MHz_IBUF_inst/O
                         net (fo=1, routed)           0.685     1.099    clk_100MHz_IBUF
    BUFGCTRL_X0Y0        BUFG (Prop_bufg_I_O)         0.029     1.128 r  clk_100MHz_IBUF_BUFG_inst/O
                         net (fo=424, routed)         0.835     1.962    u_accel_monitor/u_accel/clk_100MHz
    SLICE_X9Y9           FDCE                                         r  u_accel_monitor/u_accel/accel_x_reg[12]/C

Slack:                    inf
  Source:                 btnC
                            (input port)
  Destination:            u_accel_monitor/u_accel/accel_x_reg[13]/CLR
                            (removal check against rising-edge clock sys_clk_pin  {rise@0.000ns fall@5.000ns period=10.000ns})
  Path Group:             (none)
  Path Type:              Removal (Min at Fast Process Corner)
  Data Path Delay:        1.180ns  (logic 0.210ns (17.752%)  route 0.971ns (82.248%))
  Logic Levels:           1  (IBUF=1)
  Clock Path Skew:        1.962ns (DCD - SCD - CPR)
    Destination Clock Delay (DCD):    1.962ns
    Source Clock Delay      (SCD):    0.000ns
    Clock Pessimism Removal (CPR):    -0.000ns

    Location             Delay type                Incr(ns)  Path(ns)    Netlist Resource(s)
  -------------------------------------------------------------------    -------------------
    U18                                               0.000     0.000 f  btnC (IN)
                         net (fo=0)                   0.000     0.000    btnC
    U18                  IBUF (Prop_ibuf_I_O)         0.210     0.210 f  btnC_IBUF_inst/O
                         net (fo=455, routed)         0.971     1.180    u_accel_monitor/u_accel/btnC_IBUF
    SLICE_X9Y9           FDCE                                         f  u_accel_monitor/u_accel/accel_x_reg[13]/CLR
  -------------------------------------------------------------------    -------------------

                         (clock sys_clk_pin rise edge)
                                                      0.000     0.000 r  
    W5                                                0.000     0.000 r  clk_100MHz (IN)
                         net (fo=0)                   0.000     0.000    clk_100MHz
    W5                   IBUF (Prop_ibuf_I_O)         0.414     0.414 r  clk_100MHz_IBUF_inst/O
                         net (fo=1, routed)           0.685     1.099    clk_100MHz_IBUF
    BUFGCTRL_X0Y0        BUFG (Prop_bufg_I_O)         0.029     1.128 r  clk_100MHz_IBUF_BUFG_inst/O
                         net (fo=424, routed)         0.835     1.962    u_accel_monitor/u_accel/clk_100MHz
    SLICE_X9Y9           FDCE                                         r  u_accel_monitor/u_accel/accel_x_reg[13]/C

Slack:                    inf
  Source:                 btnC
                            (input port)
  Destination:            u_accel_monitor/u_accel/accel_x_reg[15]/CLR
                            (removal check against rising-edge clock sys_clk_pin  {rise@0.000ns fall@5.000ns period=10.000ns})
  Path Group:             (none)
  Path Type:              Removal (Min at Fast Process Corner)
  Data Path Delay:        1.180ns  (logic 0.210ns (17.752%)  route 0.971ns (82.248%))
  Logic Levels:           1  (IBUF=1)
  Clock Path Skew:        1.962ns (DCD - SCD - CPR)
    Destination Clock Delay (DCD):    1.962ns
    Source Clock Delay      (SCD):    0.000ns
    Clock Pessimism Removal (CPR):    -0.000ns

    Location             Delay type                Incr(ns)  Path(ns)    Netlist Resource(s)
  -------------------------------------------------------------------    -------------------
    U18                                               0.000     0.000 f  btnC (IN)
                         net (fo=0)                   0.000     0.000    btnC
    U18                  IBUF (Prop_ibuf_I_O)         0.210     0.210 f  btnC_IBUF_inst/O
                         net (fo=455, routed)         0.971     1.180    u_accel_monitor/u_accel/btnC_IBUF
    SLICE_X8Y9           FDCE                                         f  u_accel_monitor/u_accel/accel_x_reg[15]/CLR
  -------------------------------------------------------------------    -------------------

                         (clock sys_clk_pin rise edge)
                                                      0.000     0.000 r  
    W5                                                0.000     0.000 r  clk_100MHz (IN)
                         net (fo=0)                   0.000     0.000    clk_100MHz
    W5                   IBUF (Prop_ibuf_I_O)         0.414     0.414 r  clk_100MHz_IBUF_inst/O
                         net (fo=1, routed)           0.685     1.099    clk_100MHz_IBUF
    BUFGCTRL_X0Y0        BUFG (Prop_bufg_I_O)         0.029     1.128 r  clk_100MHz_IBUF_BUFG_inst/O
                         net (fo=424, routed)         0.835     1.962    u_accel_monitor/u_accel/clk_100MHz
    SLICE_X8Y9           FDCE                                         r  u_accel_monitor/u_accel/accel_x_reg[15]/C

Slack:                    inf
  Source:                 btnC
                            (input port)
  Destination:            u_accel_monitor/bcd_z_reg[4]/CLR
                            (removal check against rising-edge clock sys_clk_pin  {rise@0.000ns fall@5.000ns period=10.000ns})
  Path Group:             (none)
  Path Type:              Removal (Min at Fast Process Corner)
  Data Path Delay:        1.234ns  (logic 0.210ns (16.980%)  route 1.024ns (83.020%))
  Logic Levels:           1  (IBUF=1)
  Clock Path Skew:        1.962ns (DCD - SCD - CPR)
    Destination Clock Delay (DCD):    1.962ns
    Source Clock Delay      (SCD):    0.000ns
    Clock Pessimism Removal (CPR):    -0.000ns

    Location             Delay type                Incr(ns)  Path(ns)    Netlist Resource(s)
  -------------------------------------------------------------------    -------------------
    U18                                               0.000     0.000 f  btnC (IN)
                         net (fo=0)                   0.000     0.000    btnC
    U18                  IBUF (Prop_ibuf_I_O)         0.210     0.210 f  btnC_IBUF_inst/O
                         net (fo=455, routed)         1.024     1.234    u_accel_monitor/btnC_IBUF
    SLICE_X8Y8           FDCE                                         f  u_accel_monitor/bcd_z_reg[4]/CLR
  -------------------------------------------------------------------    -------------------

                         (clock sys_clk_pin rise edge)
                                                      0.000     0.000 r  
    W5                                                0.000     0.000 r  clk_100MHz (IN)
                         net (fo=0)                   0.000     0.000    clk_100MHz
    W5                   IBUF (Prop_ibuf_I_O)         0.414     0.414 r  clk_100MHz_IBUF_inst/O
                         net (fo=1, routed)           0.685     1.099    clk_100MHz_IBUF
    BUFGCTRL_X0Y0        BUFG (Prop_bufg_I_O)         0.029     1.128 r  clk_100MHz_IBUF_BUFG_inst/O
                         net (fo=424, routed)         0.835     1.962    u_accel_monitor/clk_100MHz
    SLICE_X8Y8           FDCE                                         r  u_accel_monitor/bcd_z_reg[4]/C

Slack:                    inf
  Source:                 btnC
                            (input port)
  Destination:            u_accel_monitor/bcd_z_reg[8]/CLR
                            (removal check against rising-edge clock sys_clk_pin  {rise@0.000ns fall@5.000ns period=10.000ns})
  Path Group:             (none)
  Path Type:              Removal (Min at Fast Process Corner)
  Data Path Delay:        1.234ns  (logic 0.210ns (16.980%)  route 1.024ns (83.020%))
  Logic Levels:           1  (IBUF=1)
  Clock Path Skew:        1.962ns (DCD - SCD - CPR)
    Destination Clock Delay (DCD):    1.962ns
    Source Clock Delay      (SCD):    0.000ns
    Clock Pessimism Removal (CPR):    -0.000ns

    Location             Delay type                Incr(ns)  Path(ns)    Netlist Resource(s)
  -------------------------------------------------------------------    -------------------
    U18                                               0.000     0.000 f  btnC (IN)
                         net (fo=0)                   0.000     0.000    btnC
    U18                  IBUF (Prop_ibuf_I_O)         0.210     0.210 f  btnC_IBUF_inst/O
                         net (fo=455, routed)         1.024     1.234    u_accel_monitor/btnC_IBUF
    SLICE_X8Y8           FDCE                                         f  u_accel_monitor/bcd_z_reg[8]/CLR
  -------------------------------------------------------------------    -------------------

                         (clock sys_clk_pin rise edge)
                                                      0.000     0.000 r  
    W5                                                0.000     0.000 r  clk_100MHz (IN)
                         net (fo=0)                   0.000     0.000    clk_100MHz
    W5                   IBUF (Prop_ibuf_I_O)         0.414     0.414 r  clk_100MHz_IBUF_inst/O
                         net (fo=1, routed)           0.685     1.099    clk_100MHz_IBUF
    BUFGCTRL_X0Y0        BUFG (Prop_bufg_I_O)         0.029     1.128 r  clk_100MHz_IBUF_BUFG_inst/O
                         net (fo=424, routed)         0.835     1.962    u_accel_monitor/clk_100MHz
    SLICE_X8Y8           FDCE                                         r  u_accel_monitor/bcd_z_reg[8]/C

Slack:                    inf
  Source:                 btnC
                            (input port)
  Destination:            u_accel_monitor/bcd_y_reg[4]/CLR
                            (removal check against rising-edge clock sys_clk_pin  {rise@0.000ns fall@5.000ns period=10.000ns})
  Path Group:             (none)
  Path Type:              Removal (Min at Fast Process Corner)
  Data Path Delay:        1.248ns  (logic 0.210ns (16.783%)  route 1.039ns (83.217%))
  Logic Levels:           1  (IBUF=1)
  Clock Path Skew:        1.962ns (DCD - SCD - CPR)
    Destination Clock Delay (DCD):    1.962ns
    Source Clock Delay      (SCD):    0.000ns
    Clock Pessimism Removal (CPR):    -0.000ns

    Location             Delay type                Incr(ns)  Path(ns)    Netlist Resource(s)
  -------------------------------------------------------------------    -------------------
    U18                                               0.000     0.000 f  btnC (IN)
                         net (fo=0)                   0.000     0.000    btnC
    U18                  IBUF (Prop_ibuf_I_O)         0.210     0.210 f  btnC_IBUF_inst/O
                         net (fo=455, routed)         1.039     1.248    u_accel_monitor/btnC_IBUF
    SLICE_X9Y7           FDCE                                         f  u_accel_monitor/bcd_y_reg[4]/CLR
  -------------------------------------------------------------------    -------------------

                         (clock sys_clk_pin rise edge)
                                                      0.000     0.000 r  
    W5                                                0.000     0.000 r  clk_100MHz (IN)
                         net (fo=0)                   0.000     0.000    clk_100MHz
    W5                   IBUF (Prop_ibuf_I_O)         0.414     0.414 r  clk_100MHz_IBUF_inst/O
                         net (fo=1, routed)           0.685     1.099    clk_100MHz_IBUF
    BUFGCTRL_X0Y0        BUFG (Prop_bufg_I_O)         0.029     1.128 r  clk_100MHz_IBUF_BUFG_inst/O
                         net (fo=424, routed)         0.835     1.962    u_accel_monitor/clk_100MHz
    SLICE_X9Y7           FDCE                                         r  u_accel_monitor/bcd_y_reg[4]/C

Slack:                    inf
  Source:                 btnC
                            (input port)
  Destination:            u_accel_monitor/bcd_y_reg[6]/CLR
                            (removal check against rising-edge clock sys_clk_pin  {rise@0.000ns fall@5.000ns period=10.000ns})
  Path Group:             (none)
  Path Type:              Removal (Min at Fast Process Corner)
  Data Path Delay:        1.248ns  (logic 0.210ns (16.783%)  route 1.039ns (83.217%))
  Logic Levels:           1  (IBUF=1)
  Clock Path Skew:        1.962ns (DCD - SCD - CPR)
    Destination Clock Delay (DCD):    1.962ns
    Source Clock Delay      (SCD):    0.000ns
    Clock Pessimism Removal (CPR):    -0.000ns

    Location             Delay type                Incr(ns)  Path(ns)    Netlist Resource(s)
  -------------------------------------------------------------------    -------------------
    U18                                               0.000     0.000 f  btnC (IN)
                         net (fo=0)                   0.000     0.000    btnC
    U18                  IBUF (Prop_ibuf_I_O)         0.210     0.210 f  btnC_IBUF_inst/O
                         net (fo=455, routed)         1.039     1.248    u_accel_monitor/btnC_IBUF
    SLICE_X9Y7           FDCE                                         f  u_accel_monitor/bcd_y_reg[6]/CLR
  -------------------------------------------------------------------    -------------------

                         (clock sys_clk_pin rise edge)
                                                      0.000     0.000 r  
    W5                                                0.000     0.000 r  clk_100MHz (IN)
                         net (fo=0)                   0.000     0.000    clk_100MHz
    W5                   IBUF (Prop_ibuf_I_O)         0.414     0.414 r  clk_100MHz_IBUF_inst/O
                         net (fo=1, routed)           0.685     1.099    clk_100MHz_IBUF
    BUFGCTRL_X0Y0        BUFG (Prop_bufg_I_O)         0.029     1.128 r  clk_100MHz_IBUF_BUFG_inst/O
                         net (fo=424, routed)         0.835     1.962    u_accel_monitor/clk_100MHz
    SLICE_X9Y7           FDCE                                         r  u_accel_monitor/bcd_y_reg[6]/C

Slack:                    inf
  Source:                 btnC
                            (input port)
  Destination:            u_accel_monitor/u_accel/accel_x_reg[3]/CLR
                            (removal check against rising-edge clock sys_clk_pin  {rise@0.000ns fall@5.000ns period=10.000ns})
  Path Group:             (none)
  Path Type:              Removal (Min at Fast Process Corner)
  Data Path Delay:        1.248ns  (logic 0.210ns (16.783%)  route 1.039ns (83.217%))
  Logic Levels:           1  (IBUF=1)
  Clock Path Skew:        1.962ns (DCD - SCD - CPR)
    Destination Clock Delay (DCD):    1.962ns
    Source Clock Delay      (SCD):    0.000ns
    Clock Pessimism Removal (CPR):    -0.000ns

    Location             Delay type                Incr(ns)  Path(ns)    Netlist Resource(s)
  -------------------------------------------------------------------    -------------------
    U18                                               0.000     0.000 f  btnC (IN)
                         net (fo=0)                   0.000     0.000    btnC
    U18                  IBUF (Prop_ibuf_I_O)         0.210     0.210 f  btnC_IBUF_inst/O
                         net (fo=455, routed)         1.039     1.248    u_accel_monitor/u_accel/btnC_IBUF
    SLICE_X8Y7           FDCE                                         f  u_accel_monitor/u_accel/accel_x_reg[3]/CLR
  -------------------------------------------------------------------    -------------------

                         (clock sys_clk_pin rise edge)
                                                      0.000     0.000 r  
    W5                                                0.000     0.000 r  clk_100MHz (IN)
                         net (fo=0)                   0.000     0.000    clk_100MHz
    W5                   IBUF (Prop_ibuf_I_O)         0.414     0.414 r  clk_100MHz_IBUF_inst/O
                         net (fo=1, routed)           0.685     1.099    clk_100MHz_IBUF
    BUFGCTRL_X0Y0        BUFG (Prop_bufg_I_O)         0.029     1.128 r  clk_100MHz_IBUF_BUFG_inst/O
                         net (fo=424, routed)         0.835     1.962    u_accel_monitor/u_accel/clk_100MHz
    SLICE_X8Y7           FDCE                                         r  u_accel_monitor/u_accel/accel_x_reg[3]/C

Slack:                    inf
  Source:                 btnC
                            (input port)
  Destination:            u_accel_monitor/u_accel/accel_x_reg[6]/CLR
                            (removal check against rising-edge clock sys_clk_pin  {rise@0.000ns fall@5.000ns period=10.000ns})
  Path Group:             (none)
  Path Type:              Removal (Min at Fast Process Corner)
  Data Path Delay:        1.248ns  (logic 0.210ns (16.783%)  route 1.039ns (83.217%))
  Logic Levels:           1  (IBUF=1)
  Clock Path Skew:        1.962ns (DCD - SCD - CPR)
    Destination Clock Delay (DCD):    1.962ns
    Source Clock Delay      (SCD):    0.000ns
    Clock Pessimism Removal (CPR):    -0.000ns

    Location             Delay type                Incr(ns)  Path(ns)    Netlist Resource(s)
  -------------------------------------------------------------------    -------------------
    U18                                               0.000     0.000 f  btnC (IN)
                         net (fo=0)                   0.000     0.000    btnC
    U18                  IBUF (Prop_ibuf_I_O)         0.210     0.210 f  btnC_IBUF_inst/O
                         net (fo=455, routed)         1.039     1.248    u_accel_monitor/u_accel/btnC_IBUF
    SLICE_X8Y7           FDCE                                         f  u_accel_monitor/u_accel/accel_x_reg[6]/CLR
  -------------------------------------------------------------------    -------------------

                         (clock sys_clk_pin rise edge)
                                                      0.000     0.000 r  
    W5                                                0.000     0.000 r  clk_100MHz (IN)
                         net (fo=0)                   0.000     0.000    clk_100MHz
    W5                   IBUF (Prop_ibuf_I_O)         0.414     0.414 r  clk_100MHz_IBUF_inst/O
                         net (fo=1, routed)           0.685     1.099    clk_100MHz_IBUF
    BUFGCTRL_X0Y0        BUFG (Prop_bufg_I_O)         0.029     1.128 r  clk_100MHz_IBUF_BUFG_inst/O
                         net (fo=424, routed)         0.835     1.962    u_accel_monitor/u_accel/clk_100MHz
    SLICE_X8Y7           FDCE                                         r  u_accel_monitor/u_accel/accel_x_reg[6]/C





